,jour,nomReg,numReg,incid_rea
0,2020-03-19,Guadeloupe,1.0,0
1,2020-03-20,Guadeloupe,1.0,0
2,2020-03-21,Guadeloupe,1.0,0
3,2020-03-22,Guadeloupe,1.0,5
4,2020-03-23,Guadeloupe,1.0,0
5,2020-03-24,Guadeloupe,1.0,0
6,2020-03-25,Guadeloupe,1.0,0
7,2020-03-26,Guadeloupe,1.0,3
8,2020-03-27,Guadeloupe,1.0,7
9,2020-03-28,Guadeloupe,1.0,0
10,2020-03-29,Guadeloupe,1.0,0
11,2020-03-30,Guadeloupe,1.0,4
12,2020-03-31,Guadeloupe,1.0,2
13,2020-04-01,Guadeloupe,1.0,2
14,2020-04-02,Guadeloupe,1.0,4
15,2020-04-03,Guadeloupe,1.0,1
16,2020-04-04,Guadeloupe,1.0,2
17,2020-04-05,Guadeloupe,1.0,2
18,2020-04-06,Guadeloupe,1.0,0
19,2020-04-07,Guadeloupe,1.0,0
20,2020-04-08,Guadeloupe,1.0,1
21,2020-04-09,Guadeloupe,1.0,2
22,2020-04-10,Guadeloupe,1.0,3
23,2020-04-11,Guadeloupe,1.0,0
24,2020-04-12,Guadeloupe,1.0,0
25,2020-04-13,Guadeloupe,1.0,0
26,2020-04-14,Guadeloupe,1.0,0
27,2020-04-15,Guadeloupe,1.0,1
28,2020-04-16,Guadeloupe,1.0,0
29,2020-04-17,Guadeloupe,1.0,2
30,2020-04-18,Guadeloupe,1.0,0
31,2020-04-19,Guadeloupe,1.0,0
32,2020-04-20,Guadeloupe,1.0,0
33,2020-04-21,Guadeloupe,1.0,1
34,2020-04-22,Guadeloupe,1.0,0
35,2020-04-23,Guadeloupe,1.0,1
36,2020-04-24,Guadeloupe,1.0,0
37,2020-04-25,Guadeloupe,1.0,0
38,2020-04-26,Guadeloupe,1.0,1
39,2020-04-27,Guadeloupe,1.0,0
40,2020-04-28,Guadeloupe,1.0,0
41,2020-04-29,Guadeloupe,1.0,1
42,2020-04-30,Guadeloupe,1.0,0
43,2020-05-01,Guadeloupe,1.0,0
44,2020-05-02,Guadeloupe,1.0,0
45,2020-05-03,Guadeloupe,1.0,0
46,2020-05-04,Guadeloupe,1.0,0
47,2020-05-05,Guadeloupe,1.0,0
48,2020-05-06,Guadeloupe,1.0,0
49,2020-05-07,Guadeloupe,1.0,0
50,2020-05-08,Guadeloupe,1.0,0
51,2020-05-09,Guadeloupe,1.0,0
52,2020-05-10,Guadeloupe,1.0,0
53,2020-05-11,Guadeloupe,1.0,0
54,2020-05-12,Guadeloupe,1.0,0
55,2020-05-13,Guadeloupe,1.0,0
56,2020-05-14,Guadeloupe,1.0,0
57,2020-05-15,Guadeloupe,1.0,0
58,2020-05-16,Guadeloupe,1.0,0
59,2020-05-17,Guadeloupe,1.0,0
60,2020-05-18,Guadeloupe,1.0,0
61,2020-05-19,Guadeloupe,1.0,0
62,2020-05-20,Guadeloupe,1.0,0
63,2020-05-21,Guadeloupe,1.0,0
64,2020-05-22,Guadeloupe,1.0,0
65,2020-05-23,Guadeloupe,1.0,0
66,2020-05-24,Guadeloupe,1.0,0
67,2020-05-25,Guadeloupe,1.0,1
68,2020-05-26,Guadeloupe,1.0,0
69,2020-05-27,Guadeloupe,1.0,0
70,2020-05-28,Guadeloupe,1.0,0
71,2020-05-29,Guadeloupe,1.0,0
72,2020-05-30,Guadeloupe,1.0,0
73,2020-05-31,Guadeloupe,1.0,0
74,2020-06-01,Guadeloupe,1.0,0
75,2020-06-02,Guadeloupe,1.0,0
76,2020-06-03,Guadeloupe,1.0,0
77,2020-06-04,Guadeloupe,1.0,0
78,2020-06-05,Guadeloupe,1.0,0
79,2020-06-06,Guadeloupe,1.0,0
80,2020-06-07,Guadeloupe,1.0,0
81,2020-06-08,Guadeloupe,1.0,0
82,2020-06-09,Guadeloupe,1.0,0
83,2020-06-10,Guadeloupe,1.0,0
84,2020-06-11,Guadeloupe,1.0,0
85,2020-06-12,Guadeloupe,1.0,0
86,2020-06-13,Guadeloupe,1.0,0
87,2020-06-14,Guadeloupe,1.0,0
88,2020-06-15,Guadeloupe,1.0,1
89,2020-06-16,Guadeloupe,1.0,0
90,2020-06-17,Guadeloupe,1.0,0
91,2020-06-18,Guadeloupe,1.0,0
92,2020-06-19,Guadeloupe,1.0,0
93,2020-06-20,Guadeloupe,1.0,0
94,2020-06-21,Guadeloupe,1.0,0
95,2020-06-22,Guadeloupe,1.0,0
96,2020-06-23,Guadeloupe,1.0,0
97,2020-06-24,Guadeloupe,1.0,0
98,2020-06-25,Guadeloupe,1.0,2
99,2020-06-26,Guadeloupe,1.0,0
100,2020-06-27,Guadeloupe,1.0,0
101,2020-06-28,Guadeloupe,1.0,0
102,2020-06-29,Guadeloupe,1.0,0
103,2020-06-30,Guadeloupe,1.0,0
104,2020-07-01,Guadeloupe,1.0,0
105,2020-07-02,Guadeloupe,1.0,1
106,2020-07-03,Guadeloupe,1.0,0
107,2020-07-04,Guadeloupe,1.0,0
108,2020-07-05,Guadeloupe,1.0,0
109,2020-07-06,Guadeloupe,1.0,0
110,2020-07-07,Guadeloupe,1.0,0
111,2020-07-08,Guadeloupe,1.0,0
112,2020-07-09,Guadeloupe,1.0,0
113,2020-07-10,Guadeloupe,1.0,0
114,2020-07-11,Guadeloupe,1.0,1
115,2020-07-12,Guadeloupe,1.0,0
116,2020-07-13,Guadeloupe,1.0,0
117,2020-07-14,Guadeloupe,1.0,0
118,2020-07-15,Guadeloupe,1.0,0
119,2020-07-16,Guadeloupe,1.0,0
120,2020-07-17,Guadeloupe,1.0,0
121,2020-07-18,Guadeloupe,1.0,0
122,2020-07-19,Guadeloupe,1.0,0
123,2020-07-20,Guadeloupe,1.0,0
124,2020-07-21,Guadeloupe,1.0,0
125,2020-07-22,Guadeloupe,1.0,0
126,2020-07-23,Guadeloupe,1.0,0
127,2020-07-24,Guadeloupe,1.0,0
128,2020-07-25,Guadeloupe,1.0,0
129,2020-07-26,Guadeloupe,1.0,0
130,2020-07-27,Guadeloupe,1.0,0
131,2020-07-28,Guadeloupe,1.0,0
132,2020-07-29,Guadeloupe,1.0,0
133,2020-07-30,Guadeloupe,1.0,0
134,2020-07-31,Guadeloupe,1.0,0
135,2020-08-01,Guadeloupe,1.0,0
136,2020-08-02,Guadeloupe,1.0,0
137,2020-08-03,Guadeloupe,1.0,0
138,2020-08-04,Guadeloupe,1.0,0
139,2020-08-05,Guadeloupe,1.0,0
140,2020-08-06,Guadeloupe,1.0,0
141,2020-08-07,Guadeloupe,1.0,0
142,2020-08-08,Guadeloupe,1.0,2
143,2020-08-09,Guadeloupe,1.0,0
144,2020-08-10,Guadeloupe,1.0,0
145,2020-08-11,Guadeloupe,1.0,0
146,2020-08-12,Guadeloupe,1.0,0
147,2020-08-13,Guadeloupe,1.0,1
148,2020-08-14,Guadeloupe,1.0,0
149,2020-08-15,Guadeloupe,1.0,0
150,2020-08-16,Guadeloupe,1.0,0
151,2020-08-17,Guadeloupe,1.0,0
152,2020-08-18,Guadeloupe,1.0,1
153,2020-08-19,Guadeloupe,1.0,2
154,2020-08-20,Guadeloupe,1.0,2
155,2020-08-21,Guadeloupe,1.0,0
156,2020-08-22,Guadeloupe,1.0,2
157,2020-08-23,Guadeloupe,1.0,0
158,2020-08-24,Guadeloupe,1.0,0
159,2020-08-25,Guadeloupe,1.0,3
160,2020-08-26,Guadeloupe,1.0,0
161,2020-08-27,Guadeloupe,1.0,0
162,2020-08-28,Guadeloupe,1.0,0
163,2020-08-29,Guadeloupe,1.0,6
164,2020-08-30,Guadeloupe,1.0,0
165,2020-08-31,Guadeloupe,1.0,0
166,2020-09-01,Guadeloupe,1.0,4
167,2020-09-02,Guadeloupe,1.0,0
168,2020-09-03,Guadeloupe,1.0,2
169,2020-09-04,Guadeloupe,1.0,1
170,2020-09-05,Guadeloupe,1.0,4
171,2020-09-06,Guadeloupe,1.0,0
172,2020-09-07,Guadeloupe,1.0,0
173,2020-09-08,Guadeloupe,1.0,7
174,2020-09-09,Guadeloupe,1.0,5
175,2020-09-10,Guadeloupe,1.0,2
176,2020-09-11,Guadeloupe,1.0,3
177,2020-09-12,Guadeloupe,1.0,2
178,2020-09-13,Guadeloupe,1.0,0
179,2020-09-14,Guadeloupe,1.0,0
180,2020-09-15,Guadeloupe,1.0,10
181,2020-09-16,Guadeloupe,1.0,3
182,2020-09-17,Guadeloupe,1.0,5
183,2020-09-18,Guadeloupe,1.0,2
184,2020-09-19,Guadeloupe,1.0,3
185,2020-09-20,Guadeloupe,1.0,0
186,2020-09-21,Guadeloupe,1.0,0
187,2020-09-22,Guadeloupe,1.0,8
188,2020-09-23,Guadeloupe,1.0,2
189,2020-09-24,Guadeloupe,1.0,5
190,2020-09-25,Guadeloupe,1.0,5
191,2020-09-26,Guadeloupe,1.0,5
192,2020-09-27,Guadeloupe,1.0,0
193,2020-09-28,Guadeloupe,1.0,3
194,2020-09-29,Guadeloupe,1.0,6
195,2020-09-30,Guadeloupe,1.0,3
196,2020-10-01,Guadeloupe,1.0,2
197,2020-10-02,Guadeloupe,1.0,3
198,2020-10-03,Guadeloupe,1.0,4
199,2020-10-04,Guadeloupe,1.0,7
200,2020-10-05,Guadeloupe,1.0,0
201,2020-10-06,Guadeloupe,1.0,8
202,2020-10-07,Guadeloupe,1.0,2
203,2020-10-08,Guadeloupe,1.0,0
204,2020-10-09,Guadeloupe,1.0,3
205,2020-10-10,Guadeloupe,1.0,1
206,2020-10-11,Guadeloupe,1.0,4
207,2020-10-12,Guadeloupe,1.0,1
208,2020-10-13,Guadeloupe,1.0,3
209,2020-10-14,Guadeloupe,1.0,2
210,2020-10-15,Guadeloupe,1.0,6
211,2020-10-16,Guadeloupe,1.0,4
212,2020-10-17,Guadeloupe,1.0,2
213,2020-10-18,Guadeloupe,1.0,2
214,2020-10-19,Guadeloupe,1.0,2
215,2020-10-20,Guadeloupe,1.0,1
216,2020-10-21,Guadeloupe,1.0,1
217,2020-10-22,Guadeloupe,1.0,0
218,2020-10-23,Guadeloupe,1.0,1
219,2020-10-24,Guadeloupe,1.0,1
220,2020-10-25,Guadeloupe,1.0,1
221,2020-10-26,Guadeloupe,1.0,0
222,2020-10-27,Guadeloupe,1.0,0
223,2020-10-28,Guadeloupe,1.0,1
224,2020-10-29,Guadeloupe,1.0,2
225,2020-10-30,Guadeloupe,1.0,1
226,2020-10-31,Guadeloupe,1.0,1
227,2020-11-01,Guadeloupe,1.0,0
228,2020-11-02,Guadeloupe,1.0,2
229,2020-11-03,Guadeloupe,1.0,0
230,2020-11-04,Guadeloupe,1.0,1
231,2020-11-05,Guadeloupe,1.0,4
232,2020-11-06,Guadeloupe,1.0,1
233,2020-11-07,Guadeloupe,1.0,1
234,2020-11-08,Guadeloupe,1.0,1
235,2020-11-09,Guadeloupe,1.0,0
236,2020-11-10,Guadeloupe,1.0,2
237,2020-11-11,Guadeloupe,1.0,0
238,2020-11-12,Guadeloupe,1.0,1
239,2020-11-13,Guadeloupe,1.0,1
240,2020-11-14,Guadeloupe,1.0,1
241,2020-11-15,Guadeloupe,1.0,1
242,2020-11-16,Guadeloupe,1.0,2
243,2020-11-17,Guadeloupe,1.0,2
244,2020-11-18,Guadeloupe,1.0,0
245,2020-11-19,Guadeloupe,1.0,1
246,2020-11-20,Guadeloupe,1.0,0
247,2020-11-21,Guadeloupe,1.0,0
248,2020-11-22,Guadeloupe,1.0,0
249,2020-11-23,Guadeloupe,1.0,1
250,2020-11-24,Guadeloupe,1.0,1
251,2020-11-25,Guadeloupe,1.0,0
252,2020-11-26,Guadeloupe,1.0,2
253,2020-11-27,Guadeloupe,1.0,0
254,2020-11-28,Guadeloupe,1.0,1
255,2020-11-29,Guadeloupe,1.0,0
256,2020-11-30,Guadeloupe,1.0,0
257,2020-12-01,Guadeloupe,1.0,1
258,2020-12-02,Guadeloupe,1.0,0
259,2020-12-03,Guadeloupe,1.0,1
260,2020-12-04,Guadeloupe,1.0,0
261,2020-12-05,Guadeloupe,1.0,0
262,2020-12-06,Guadeloupe,1.0,0
263,2020-12-07,Guadeloupe,1.0,0
264,2020-12-08,Guadeloupe,1.0,0
265,2020-12-09,Guadeloupe,1.0,0
266,2020-12-10,Guadeloupe,1.0,0
267,2020-12-11,Guadeloupe,1.0,0
268,2020-12-12,Guadeloupe,1.0,0
269,2020-12-13,Guadeloupe,1.0,0
270,2020-12-14,Guadeloupe,1.0,0
271,2020-12-15,Guadeloupe,1.0,2
272,2020-12-16,Guadeloupe,1.0,0
273,2020-12-17,Guadeloupe,1.0,0
274,2020-12-18,Guadeloupe,1.0,0
275,2020-12-19,Guadeloupe,1.0,1
276,2020-12-20,Guadeloupe,1.0,0
277,2020-12-21,Guadeloupe,1.0,0
278,2020-12-22,Guadeloupe,1.0,2
279,2020-12-23,Guadeloupe,1.0,0
280,2020-12-24,Guadeloupe,1.0,1
281,2020-12-25,Guadeloupe,1.0,0
282,2020-12-26,Guadeloupe,1.0,0
283,2020-12-27,Guadeloupe,1.0,0
284,2020-12-28,Guadeloupe,1.0,0
285,2020-12-29,Guadeloupe,1.0,0
286,2020-12-30,Guadeloupe,1.0,1
287,2020-12-31,Guadeloupe,1.0,0
288,2021-01-01,Guadeloupe,1.0,0
289,2021-01-02,Guadeloupe,1.0,1
290,2021-01-03,Guadeloupe,1.0,0
291,2021-01-04,Guadeloupe,1.0,0
292,2021-01-05,Guadeloupe,1.0,0
293,2021-01-06,Guadeloupe,1.0,1
294,2021-01-07,Guadeloupe,1.0,0
295,2021-01-08,Guadeloupe,1.0,0
296,2021-01-09,Guadeloupe,1.0,0
297,2021-01-10,Guadeloupe,1.0,0
298,2021-01-11,Guadeloupe,1.0,0
299,2021-01-12,Guadeloupe,1.0,0
300,2021-01-13,Guadeloupe,1.0,0
301,2021-01-14,Guadeloupe,1.0,0
302,2021-01-15,Guadeloupe,1.0,1
303,2021-01-16,Guadeloupe,1.0,0
304,2021-01-17,Guadeloupe,1.0,2
305,2021-01-18,Guadeloupe,1.0,0
306,2021-01-19,Guadeloupe,1.0,0
307,2021-01-20,Guadeloupe,1.0,0
308,2021-01-21,Guadeloupe,1.0,1
309,2021-01-22,Guadeloupe,1.0,0
310,2021-01-23,Guadeloupe,1.0,0
311,2021-01-24,Guadeloupe,1.0,1
312,2021-01-25,Guadeloupe,1.0,0
313,2021-01-26,Guadeloupe,1.0,0
314,2021-01-27,Guadeloupe,1.0,1
315,2021-01-28,Guadeloupe,1.0,0
316,2021-01-29,Guadeloupe,1.0,0
317,2021-01-30,Guadeloupe,1.0,1
318,2021-01-31,Guadeloupe,1.0,1
319,2021-02-01,Guadeloupe,1.0,0
320,2021-02-02,Guadeloupe,1.0,2
321,2021-02-03,Guadeloupe,1.0,0
322,2021-02-04,Guadeloupe,1.0,0
323,2021-02-05,Guadeloupe,1.0,1
324,2021-02-06,Guadeloupe,1.0,0
325,2021-02-07,Guadeloupe,1.0,1
326,2021-02-08,Guadeloupe,1.0,1
327,2021-02-09,Guadeloupe,1.0,0
328,2021-02-10,Guadeloupe,1.0,0
329,2021-02-11,Guadeloupe,1.0,1
330,2021-02-12,Guadeloupe,1.0,0
331,2021-02-13,Guadeloupe,1.0,1
332,2021-02-14,Guadeloupe,1.0,0
333,2021-02-15,Guadeloupe,1.0,0
334,2021-02-16,Guadeloupe,1.0,0
335,2021-02-17,Guadeloupe,1.0,0
336,2021-02-18,Guadeloupe,1.0,0
337,2021-02-19,Guadeloupe,1.0,0
338,2021-02-20,Guadeloupe,1.0,3
339,2021-02-21,Guadeloupe,1.0,0
340,2021-02-22,Guadeloupe,1.0,1
341,2021-02-23,Guadeloupe,1.0,1
342,2021-02-24,Guadeloupe,1.0,1
343,2021-02-25,Guadeloupe,1.0,0
344,2021-02-26,Guadeloupe,1.0,1
345,2021-02-27,Guadeloupe,1.0,2
346,2021-02-28,Guadeloupe,1.0,0
347,2021-03-01,Guadeloupe,1.0,0
348,2021-03-02,Guadeloupe,1.0,0
349,2021-03-03,Guadeloupe,1.0,2
350,2021-03-04,Guadeloupe,1.0,0
351,2021-03-05,Guadeloupe,1.0,0
352,2021-03-06,Guadeloupe,1.0,0
353,2021-03-07,Guadeloupe,1.0,1
354,2021-03-08,Guadeloupe,1.0,0
355,2021-03-09,Guadeloupe,1.0,0
356,2021-03-10,Guadeloupe,1.0,0
357,2021-03-11,Guadeloupe,1.0,1
358,2021-03-12,Guadeloupe,1.0,0
359,2021-03-13,Guadeloupe,1.0,2
360,2021-03-14,Guadeloupe,1.0,2
361,2021-03-15,Guadeloupe,1.0,3
362,2021-03-16,Guadeloupe,1.0,2
363,2021-03-17,Guadeloupe,1.0,0
364,2021-03-18,Guadeloupe,1.0,1
365,2021-03-19,Guadeloupe,1.0,0
366,2021-03-20,Guadeloupe,1.0,3
367,2021-03-21,Guadeloupe,1.0,1
368,2021-03-22,Guadeloupe,1.0,1
369,2021-03-23,Guadeloupe,1.0,1
370,2021-03-24,Guadeloupe,1.0,0
371,2021-03-25,Guadeloupe,1.0,0
372,2021-03-26,Guadeloupe,1.0,1
373,2021-03-27,Guadeloupe,1.0,1
374,2021-03-28,Guadeloupe,1.0,1
375,2021-03-29,Guadeloupe,1.0,0
376,2021-03-30,Guadeloupe,1.0,2
377,2021-03-31,Guadeloupe,1.0,2
378,2021-04-01,Guadeloupe,1.0,0
379,2021-04-02,Guadeloupe,1.0,2
380,2021-04-03,Guadeloupe,1.0,1
381,2021-04-04,Guadeloupe,1.0,1
382,2021-04-05,Guadeloupe,1.0,0
383,2021-04-06,Guadeloupe,1.0,0
384,2021-04-07,Guadeloupe,1.0,3
385,2021-04-08,Guadeloupe,1.0,1
386,2021-04-09,Guadeloupe,1.0,2
387,2021-04-10,Guadeloupe,1.0,2
388,2021-04-11,Guadeloupe,1.0,0
389,2021-04-12,Guadeloupe,1.0,3
390,2021-04-13,Guadeloupe,1.0,3
391,2021-04-14,Guadeloupe,1.0,2
392,2021-04-15,Guadeloupe,1.0,2
393,2021-04-16,Guadeloupe,1.0,3
394,2021-04-17,Guadeloupe,1.0,3
395,2021-04-18,Guadeloupe,1.0,0
396,2021-04-19,Guadeloupe,1.0,2
397,2021-04-20,Guadeloupe,1.0,1
398,2021-04-21,Guadeloupe,1.0,3
399,2021-04-22,Guadeloupe,1.0,0
400,2021-04-23,Guadeloupe,1.0,5
401,2021-04-24,Guadeloupe,1.0,5
402,2021-04-25,Guadeloupe,1.0,3
403,2021-04-26,Guadeloupe,1.0,1
404,2021-04-27,Guadeloupe,1.0,3
405,2021-04-28,Guadeloupe,1.0,3
406,2021-04-29,Guadeloupe,1.0,6
407,2021-04-30,Guadeloupe,1.0,4
408,2021-05-01,Guadeloupe,1.0,1
409,2021-05-02,Guadeloupe,1.0,1
410,2021-05-03,Guadeloupe,1.0,3
411,2021-05-04,Guadeloupe,1.0,1
412,2021-05-05,Guadeloupe,1.0,4
413,2021-05-06,Guadeloupe,1.0,0
414,2021-05-07,Guadeloupe,1.0,0
415,2021-05-08,Guadeloupe,1.0,7
416,2021-05-09,Guadeloupe,1.0,1
417,2021-05-10,Guadeloupe,1.0,1
418,2021-05-11,Guadeloupe,1.0,5
419,2021-05-12,Guadeloupe,1.0,4
420,2021-05-13,Guadeloupe,1.0,2
421,2021-05-14,Guadeloupe,1.0,0
422,2021-05-15,Guadeloupe,1.0,1
423,2021-05-16,Guadeloupe,1.0,0
424,2021-05-17,Guadeloupe,1.0,0
425,2021-05-18,Guadeloupe,1.0,1
426,2021-05-19,Guadeloupe,1.0,5
427,2021-05-20,Guadeloupe,1.0,2
428,2021-05-21,Guadeloupe,1.0,0
429,2021-05-22,Guadeloupe,1.0,3
430,2021-05-23,Guadeloupe,1.0,3
431,2021-05-24,Guadeloupe,1.0,0
432,2021-05-25,Guadeloupe,1.0,1
433,2021-05-26,Guadeloupe,1.0,2
434,2021-05-27,Guadeloupe,1.0,1
435,2021-05-28,Guadeloupe,1.0,1
436,2021-05-29,Guadeloupe,1.0,3
437,2021-05-30,Guadeloupe,1.0,2
438,2021-05-31,Guadeloupe,1.0,4
439,2021-06-01,Guadeloupe,1.0,4
440,2021-06-02,Guadeloupe,1.0,1
441,2021-06-03,Guadeloupe,1.0,3
442,2021-06-04,Guadeloupe,1.0,1
443,2021-06-05,Guadeloupe,1.0,6
444,2021-06-06,Guadeloupe,1.0,2
445,2021-06-07,Guadeloupe,1.0,0
446,2021-06-08,Guadeloupe,1.0,3
447,2021-06-09,Guadeloupe,1.0,1
448,2021-06-10,Guadeloupe,1.0,2
449,2021-06-11,Guadeloupe,1.0,2
450,2021-06-12,Guadeloupe,1.0,2
451,2021-06-13,Guadeloupe,1.0,1
452,2021-06-14,Guadeloupe,1.0,1
453,2021-06-15,Guadeloupe,1.0,1
454,2021-06-16,Guadeloupe,1.0,0
455,2021-06-17,Guadeloupe,1.0,4
456,2021-06-18,Guadeloupe,1.0,0
457,2021-06-19,Guadeloupe,1.0,0
458,2021-06-20,Guadeloupe,1.0,1
459,2021-06-21,Guadeloupe,1.0,0
460,2021-06-22,Guadeloupe,1.0,0
461,2021-06-23,Guadeloupe,1.0,0
462,2021-06-24,Guadeloupe,1.0,0
463,2021-06-25,Guadeloupe,1.0,1
464,2021-06-26,Guadeloupe,1.0,0
465,2021-06-27,Guadeloupe,1.0,0
466,2021-06-28,Guadeloupe,1.0,0
467,2021-06-29,Guadeloupe,1.0,2
468,2021-06-30,Guadeloupe,1.0,3
469,2021-07-01,Guadeloupe,1.0,0
470,2021-07-02,Guadeloupe,1.0,0
471,2021-07-03,Guadeloupe,1.0,0
472,2021-07-04,Guadeloupe,1.0,0
473,2021-07-05,Guadeloupe,1.0,0
474,2021-07-06,Guadeloupe,1.0,1
475,2021-07-07,Guadeloupe,1.0,0
476,2021-07-08,Guadeloupe,1.0,0
477,2021-07-09,Guadeloupe,1.0,0
478,2021-07-10,Guadeloupe,1.0,0
479,2021-07-11,Guadeloupe,1.0,0
480,2021-07-12,Guadeloupe,1.0,0
481,2021-07-13,Guadeloupe,1.0,1
482,2021-07-14,Guadeloupe,1.0,2
483,2021-07-15,Guadeloupe,1.0,0
484,2021-07-16,Guadeloupe,1.0,0
485,2021-07-17,Guadeloupe,1.0,3
486,2021-07-18,Guadeloupe,1.0,1
487,2021-07-19,Guadeloupe,1.0,0
488,2021-07-20,Guadeloupe,1.0,4
489,2021-07-21,Guadeloupe,1.0,0
490,2021-07-22,Guadeloupe,1.0,1
491,2021-07-23,Guadeloupe,1.0,3
492,2021-07-24,Guadeloupe,1.0,5
493,2021-07-25,Guadeloupe,1.0,0
494,2021-07-26,Guadeloupe,1.0,2
495,2021-07-27,Guadeloupe,1.0,3
496,2021-07-28,Guadeloupe,1.0,4
497,2021-07-29,Guadeloupe,1.0,3
498,2021-07-30,Guadeloupe,1.0,4
499,2021-07-31,Guadeloupe,1.0,4
500,2021-08-01,Guadeloupe,1.0,2
501,2021-08-02,Guadeloupe,1.0,4
502,2021-08-03,Guadeloupe,1.0,7
503,2021-08-04,Guadeloupe,1.0,4
504,2021-08-05,Guadeloupe,1.0,3
505,2021-08-06,Guadeloupe,1.0,8
506,2021-08-07,Guadeloupe,1.0,7
507,2021-08-08,Guadeloupe,1.0,2
508,2021-08-09,Guadeloupe,1.0,5
509,2021-08-10,Guadeloupe,1.0,7
510,2021-08-11,Guadeloupe,1.0,5
511,2021-08-12,Guadeloupe,1.0,13
512,2021-08-13,Guadeloupe,1.0,10
513,2021-08-14,Guadeloupe,1.0,2
514,2021-08-15,Guadeloupe,1.0,3
515,2021-08-16,Guadeloupe,1.0,3
516,2021-08-17,Guadeloupe,1.0,6
517,2021-08-18,Guadeloupe,1.0,14
518,2021-08-19,Guadeloupe,1.0,13
519,2021-08-20,Guadeloupe,1.0,16
520,2021-08-21,Guadeloupe,1.0,6
521,2021-08-22,Guadeloupe,1.0,6
522,2021-08-23,Guadeloupe,1.0,7
523,2021-08-24,Guadeloupe,1.0,11
524,2021-08-25,Guadeloupe,1.0,7
525,2021-08-26,Guadeloupe,1.0,8
526,2021-08-27,Guadeloupe,1.0,16
527,2021-08-28,Guadeloupe,1.0,8
528,2021-08-29,Guadeloupe,1.0,5
529,2021-08-30,Guadeloupe,1.0,4
530,2021-08-31,Guadeloupe,1.0,15
531,2021-09-01,Guadeloupe,1.0,12
532,2021-09-02,Guadeloupe,1.0,8
533,2021-09-03,Guadeloupe,1.0,7
534,2021-09-04,Guadeloupe,1.0,43
535,2021-09-05,Guadeloupe,1.0,4
536,2021-09-06,Guadeloupe,1.0,2
537,2021-09-07,Guadeloupe,1.0,5
538,2021-09-08,Guadeloupe,1.0,28
539,2021-09-09,Guadeloupe,1.0,9
540,2021-09-10,Guadeloupe,1.0,11
541,2021-09-11,Guadeloupe,1.0,6
542,2021-09-12,Guadeloupe,1.0,1
543,2021-09-13,Guadeloupe,1.0,0
544,2021-09-14,Guadeloupe,1.0,20
545,2021-09-15,Guadeloupe,1.0,5
546,2021-09-16,Guadeloupe,1.0,5
547,2021-09-17,Guadeloupe,1.0,2
548,2021-09-18,Guadeloupe,1.0,3
549,2021-09-19,Guadeloupe,1.0,2
550,2021-09-20,Guadeloupe,1.0,0
551,2021-09-21,Guadeloupe,1.0,16
552,2021-09-22,Guadeloupe,1.0,2
553,2021-09-23,Guadeloupe,1.0,3
554,2021-09-24,Guadeloupe,1.0,0
555,2021-09-25,Guadeloupe,1.0,1
556,2021-09-26,Guadeloupe,1.0,2
557,2021-09-27,Guadeloupe,1.0,0
558,2021-09-28,Guadeloupe,1.0,2
559,2021-09-29,Guadeloupe,1.0,1
560,2021-09-30,Guadeloupe,1.0,4
561,2021-10-01,Guadeloupe,1.0,1
562,2021-10-02,Guadeloupe,1.0,3
563,2021-10-03,Guadeloupe,1.0,0
564,2021-10-04,Guadeloupe,1.0,0
565,2021-10-05,Guadeloupe,1.0,5
566,2021-10-06,Guadeloupe,1.0,1
567,2021-10-07,Guadeloupe,1.0,4
568,2021-10-08,Guadeloupe,1.0,3
569,2021-10-09,Guadeloupe,1.0,0
570,2021-10-10,Guadeloupe,1.0,0
571,2021-10-11,Guadeloupe,1.0,0
572,2021-10-12,Guadeloupe,1.0,3
573,2021-10-13,Guadeloupe,1.0,0
574,2021-10-14,Guadeloupe,1.0,2
575,2021-10-15,Guadeloupe,1.0,1
576,2021-10-16,Guadeloupe,1.0,3
577,2021-10-17,Guadeloupe,1.0,0
578,2021-10-18,Guadeloupe,1.0,0
579,2021-10-19,Guadeloupe,1.0,2
580,2021-10-20,Guadeloupe,1.0,0
581,2021-10-21,Guadeloupe,1.0,1
582,2021-10-22,Guadeloupe,1.0,0
583,2021-10-23,Guadeloupe,1.0,3
584,2021-10-24,Guadeloupe,1.0,0
585,2021-10-25,Guadeloupe,1.0,0
586,2021-10-26,Guadeloupe,1.0,2
587,2021-10-27,Guadeloupe,1.0,0
588,2021-10-28,Guadeloupe,1.0,1
589,2021-10-29,Guadeloupe,1.0,0
590,2021-10-30,Guadeloupe,1.0,0
591,2021-10-31,Guadeloupe,1.0,0
592,2021-11-01,Guadeloupe,1.0,0
593,2021-11-02,Guadeloupe,1.0,0
594,2021-11-03,Guadeloupe,1.0,0
595,2021-11-04,Guadeloupe,1.0,2
596,2021-11-05,Guadeloupe,1.0,0
597,2021-11-06,Guadeloupe,1.0,1
598,2021-11-07,Guadeloupe,1.0,0
599,2021-11-08,Guadeloupe,1.0,0
600,2021-11-09,Guadeloupe,1.0,0
601,2021-11-10,Guadeloupe,1.0,0
602,2021-11-11,Guadeloupe,1.0,0
603,2021-11-12,Guadeloupe,1.0,0
604,2021-11-13,Guadeloupe,1.0,3
605,2021-11-14,Guadeloupe,1.0,0
606,2021-11-15,Guadeloupe,1.0,0
607,2021-11-16,Guadeloupe,1.0,0
608,2021-11-17,Guadeloupe,1.0,1
609,2021-11-18,Guadeloupe,1.0,1
610,2021-11-19,Guadeloupe,1.0,1
611,2021-11-20,Guadeloupe,1.0,0
612,2021-11-21,Guadeloupe,1.0,1
613,2021-11-22,Guadeloupe,1.0,0
614,2021-11-23,Guadeloupe,1.0,0
615,2021-11-24,Guadeloupe,1.0,0
616,2021-11-25,Guadeloupe,1.0,1
617,2021-11-26,Guadeloupe,1.0,1
618,2021-11-27,Guadeloupe,1.0,1
619,2021-11-28,Guadeloupe,1.0,1
620,2021-11-29,Guadeloupe,1.0,0
621,2021-11-30,Guadeloupe,1.0,0
622,2021-12-01,Guadeloupe,1.0,0
623,2021-12-02,Guadeloupe,1.0,1
624,2021-12-03,Guadeloupe,1.0,2
625,2021-12-04,Guadeloupe,1.0,2
626,2021-12-05,Guadeloupe,1.0,0
627,2021-12-06,Guadeloupe,1.0,0
628,2021-12-07,Guadeloupe,1.0,1
629,2021-12-08,Guadeloupe,1.0,1
630,2021-12-09,Guadeloupe,1.0,0
631,2021-12-10,Guadeloupe,1.0,0
632,2021-12-11,Guadeloupe,1.0,0
633,2021-12-12,Guadeloupe,1.0,0
634,2021-12-13,Guadeloupe,1.0,0
635,2021-12-14,Guadeloupe,1.0,0
636,2021-12-15,Guadeloupe,1.0,0
637,2021-12-16,Guadeloupe,1.0,1
638,2021-12-17,Guadeloupe,1.0,0
639,2021-12-18,Guadeloupe,1.0,2
640,2021-12-19,Guadeloupe,1.0,2
641,2021-12-20,Guadeloupe,1.0,0
642,2021-12-21,Guadeloupe,1.0,0
643,2021-12-22,Guadeloupe,1.0,1
644,2021-12-23,Guadeloupe,1.0,0
645,2021-12-24,Guadeloupe,1.0,0
646,2021-12-25,Guadeloupe,1.0,0
647,2021-12-26,Guadeloupe,1.0,0
648,2021-12-27,Guadeloupe,1.0,0
649,2021-12-28,Guadeloupe,1.0,0
650,2021-12-29,Guadeloupe,1.0,0
651,2021-12-30,Guadeloupe,1.0,0
652,2021-12-31,Guadeloupe,1.0,0
653,2022-01-01,Guadeloupe,1.0,1
654,2022-01-02,Guadeloupe,1.0,0
655,2022-01-03,Guadeloupe,1.0,0
656,2022-01-04,Guadeloupe,1.0,0
657,2022-01-05,Guadeloupe,1.0,1
658,2022-01-06,Guadeloupe,1.0,1
659,2022-01-07,Guadeloupe,1.0,3
660,2022-01-08,Guadeloupe,1.0,1
661,2022-01-09,Guadeloupe,1.0,2
662,2022-01-10,Guadeloupe,1.0,0
663,2022-01-11,Guadeloupe,1.0,6
664,2022-01-12,Guadeloupe,1.0,1
665,2022-01-13,Guadeloupe,1.0,1
666,2022-01-14,Guadeloupe,1.0,2
667,2022-01-15,Guadeloupe,1.0,4
668,2022-01-16,Guadeloupe,1.0,2
669,2022-01-17,Guadeloupe,1.0,1
670,2022-01-18,Guadeloupe,1.0,3
671,2022-01-19,Guadeloupe,1.0,5
672,2022-01-20,Guadeloupe,1.0,1
673,2022-01-21,Guadeloupe,1.0,3
674,2022-01-22,Guadeloupe,1.0,2
675,2022-01-23,Guadeloupe,1.0,3
676,2022-01-24,Guadeloupe,1.0,1
677,2022-01-25,Guadeloupe,1.0,7
678,2022-01-26,Guadeloupe,1.0,5
679,2022-01-27,Guadeloupe,1.0,5
680,2022-01-28,Guadeloupe,1.0,2
681,2022-01-29,Guadeloupe,1.0,3
682,2022-01-30,Guadeloupe,1.0,0
683,2022-01-31,Guadeloupe,1.0,2
684,2022-02-01,Guadeloupe,1.0,2
685,2022-02-02,Guadeloupe,1.0,1
686,2022-02-03,Guadeloupe,1.0,4
687,2022-02-04,Guadeloupe,1.0,1
688,2022-02-05,Guadeloupe,1.0,0
689,2022-02-06,Guadeloupe,1.0,3
690,2022-02-07,Guadeloupe,1.0,3
691,2022-02-08,Guadeloupe,1.0,4
692,2022-02-09,Guadeloupe,1.0,0
693,2022-02-10,Guadeloupe,1.0,9
694,2022-02-11,Guadeloupe,1.0,2
695,2022-02-12,Guadeloupe,1.0,1
696,2022-02-13,Guadeloupe,1.0,0
697,2022-02-14,Guadeloupe,1.0,5
698,2022-02-15,Guadeloupe,1.0,3
699,2022-02-16,Guadeloupe,1.0,0
700,2022-02-17,Guadeloupe,1.0,0
701,2022-02-18,Guadeloupe,1.0,2
702,2022-02-19,Guadeloupe,1.0,3
703,2022-02-20,Guadeloupe,1.0,1
704,2022-02-21,Guadeloupe,1.0,1
705,2022-02-22,Guadeloupe,1.0,2
706,2022-02-23,Guadeloupe,1.0,0
707,2022-02-24,Guadeloupe,1.0,0
708,2022-02-25,Guadeloupe,1.0,0
709,2022-02-26,Guadeloupe,1.0,0
710,2022-02-27,Guadeloupe,1.0,1
711,2022-02-28,Guadeloupe,1.0,0
712,2022-03-01,Guadeloupe,1.0,0
713,2022-03-02,Guadeloupe,1.0,0
714,2022-03-03,Guadeloupe,1.0,0
715,2022-03-04,Guadeloupe,1.0,1
716,2022-03-05,Guadeloupe,1.0,0
717,2022-03-06,Guadeloupe,1.0,0
718,2022-03-07,Guadeloupe,1.0,0
719,2022-03-08,Guadeloupe,1.0,4
720,2022-03-09,Guadeloupe,1.0,5
721,2022-03-10,Guadeloupe,1.0,0
722,2022-03-11,Guadeloupe,1.0,0
723,2022-03-12,Guadeloupe,1.0,0
724,2022-03-13,Guadeloupe,1.0,0
725,2022-03-14,Guadeloupe,1.0,0
726,2022-03-15,Guadeloupe,1.0,1
727,2022-03-16,Guadeloupe,1.0,0
728,2022-03-17,Guadeloupe,1.0,1
729,2022-03-18,Guadeloupe,1.0,0
730,2022-03-19,Guadeloupe,1.0,2
731,2022-03-20,Guadeloupe,1.0,2
732,2022-03-21,Guadeloupe,1.0,0
733,2022-03-22,Guadeloupe,1.0,1
734,2022-03-23,Guadeloupe,1.0,2
735,2022-03-24,Guadeloupe,1.0,1
736,2022-03-25,Guadeloupe,1.0,0
737,2022-03-26,Guadeloupe,1.0,1
738,2022-03-27,Guadeloupe,1.0,0
739,2022-03-28,Guadeloupe,1.0,2
740,2022-03-29,Guadeloupe,1.0,3
741,2022-03-30,Guadeloupe,1.0,1
742,2022-03-31,Guadeloupe,1.0,1
743,2022-04-01,Guadeloupe,1.0,3
744,2022-04-02,Guadeloupe,1.0,1
745,2022-04-03,Guadeloupe,1.0,2
746,2022-04-04,Guadeloupe,1.0,0
747,2022-04-05,Guadeloupe,1.0,0
748,2022-04-06,Guadeloupe,1.0,0
749,2022-04-07,Guadeloupe,1.0,0
750,2022-04-08,Guadeloupe,1.0,0
751,2022-04-09,Guadeloupe,1.0,1
752,2022-04-10,Guadeloupe,1.0,0
753,2022-04-11,Guadeloupe,1.0,0
754,2022-04-12,Guadeloupe,1.0,0
755,2022-04-13,Guadeloupe,1.0,0
756,2022-04-14,Guadeloupe,1.0,2
757,2022-04-15,Guadeloupe,1.0,0
758,2022-04-16,Guadeloupe,1.0,0
759,2022-04-17,Guadeloupe,1.0,0
760,2022-04-18,Guadeloupe,1.0,0
761,2022-04-19,Guadeloupe,1.0,0
762,2022-04-20,Guadeloupe,1.0,2
763,2022-04-21,Guadeloupe,1.0,2
764,2022-04-22,Guadeloupe,1.0,0
765,2022-04-23,Guadeloupe,1.0,0
766,2022-04-24,Guadeloupe,1.0,0
767,2022-04-25,Guadeloupe,1.0,0
768,2022-04-26,Guadeloupe,1.0,4
769,2022-04-27,Guadeloupe,1.0,1
770,2022-04-28,Guadeloupe,1.0,0
771,2022-04-29,Guadeloupe,1.0,1
772,2022-04-30,Guadeloupe,1.0,1
773,2022-05-01,Guadeloupe,1.0,0
774,2022-05-02,Guadeloupe,1.0,0
775,2022-05-03,Guadeloupe,1.0,4
776,2022-05-04,Guadeloupe,1.0,0
777,2022-05-05,Guadeloupe,1.0,1
778,2022-05-06,Guadeloupe,1.0,0
779,2022-05-07,Guadeloupe,1.0,2
780,2022-05-08,Guadeloupe,1.0,0
781,2022-05-09,Guadeloupe,1.0,0
782,2022-05-10,Guadeloupe,1.0,0
783,2022-05-11,Guadeloupe,1.0,4
784,2022-05-12,Guadeloupe,1.0,0
785,2022-05-13,Guadeloupe,1.0,1
786,2022-05-14,Guadeloupe,1.0,1
787,2022-05-15,Guadeloupe,1.0,0
788,2022-05-16,Guadeloupe,1.0,0
789,2022-05-17,Guadeloupe,1.0,3
790,2022-05-18,Guadeloupe,1.0,2
791,2022-05-19,Guadeloupe,1.0,1
792,2022-05-20,Guadeloupe,1.0,1
793,2022-05-21,Guadeloupe,1.0,0
794,2022-05-22,Guadeloupe,1.0,0
795,2022-05-23,Guadeloupe,1.0,0
796,2022-05-24,Guadeloupe,1.0,2
797,2022-05-25,Guadeloupe,1.0,2
798,2022-05-26,Guadeloupe,1.0,1
799,2022-05-27,Guadeloupe,1.0,0
800,2022-05-28,Guadeloupe,1.0,0
801,2022-05-29,Guadeloupe,1.0,0
802,2022-05-30,Guadeloupe,1.0,0
803,2022-05-31,Guadeloupe,1.0,0
804,2022-06-01,Guadeloupe,1.0,2
805,2022-06-02,Guadeloupe,1.0,0
806,2022-06-03,Guadeloupe,1.0,1
807,2022-06-04,Guadeloupe,1.0,0
808,2022-06-05,Guadeloupe,1.0,0
809,2022-06-06,Guadeloupe,1.0,0
810,2022-06-07,Guadeloupe,1.0,0
811,2022-06-08,Guadeloupe,1.0,2
812,2022-06-09,Guadeloupe,1.0,0
813,2022-06-10,Guadeloupe,1.0,0
814,2022-06-11,Guadeloupe,1.0,3
815,2022-06-12,Guadeloupe,1.0,0
816,2022-06-13,Guadeloupe,1.0,0
817,2022-06-14,Guadeloupe,1.0,1
818,2022-06-15,Guadeloupe,1.0,1
819,2022-06-16,Guadeloupe,1.0,0
820,2022-06-17,Guadeloupe,1.0,2
821,2022-06-18,Guadeloupe,1.0,1
822,2022-06-19,Guadeloupe,1.0,0
823,2022-06-20,Guadeloupe,1.0,0
824,2022-06-21,Guadeloupe,1.0,4
825,2022-06-22,Guadeloupe,1.0,0
826,2022-06-23,Guadeloupe,1.0,0
827,2022-06-24,Guadeloupe,1.0,0
828,2022-06-25,Guadeloupe,1.0,0
829,2022-06-26,Guadeloupe,1.0,0
830,2022-06-27,Guadeloupe,1.0,0
831,2022-06-28,Guadeloupe,1.0,2
832,2022-06-29,Guadeloupe,1.0,3
833,2022-06-30,Guadeloupe,1.0,2
834,2022-07-01,Guadeloupe,1.0,0
835,2022-07-02,Guadeloupe,1.0,0
836,2022-07-03,Guadeloupe,1.0,0
837,2022-07-04,Guadeloupe,1.0,0
838,2022-07-05,Guadeloupe,1.0,2
839,2022-07-06,Guadeloupe,1.0,0
840,2022-07-07,Guadeloupe,1.0,2
841,2022-07-08,Guadeloupe,1.0,2
842,2022-07-09,Guadeloupe,1.0,2
843,2022-07-10,Guadeloupe,1.0,0
844,2022-07-11,Guadeloupe,1.0,0
845,2022-07-12,Guadeloupe,1.0,3
846,2022-07-13,Guadeloupe,1.0,2
847,2022-07-14,Guadeloupe,1.0,0
848,2022-07-15,Guadeloupe,1.0,0
849,2022-07-16,Guadeloupe,1.0,3
850,2022-07-17,Guadeloupe,1.0,0
851,2022-07-18,Guadeloupe,1.0,0
852,2022-07-19,Guadeloupe,1.0,5
853,2022-07-20,Guadeloupe,1.0,0
854,2022-07-21,Guadeloupe,1.0,1
855,2022-07-22,Guadeloupe,1.0,4
856,2022-07-23,Guadeloupe,1.0,0
857,2022-07-24,Guadeloupe,1.0,0
858,2022-07-25,Guadeloupe,1.0,0
859,2022-07-26,Guadeloupe,1.0,4
860,2022-07-27,Guadeloupe,1.0,0
861,2022-07-28,Guadeloupe,1.0,3
862,2022-07-29,Guadeloupe,1.0,1
863,2022-07-30,Guadeloupe,1.0,0
864,2022-07-31,Guadeloupe,1.0,0
865,2022-08-01,Guadeloupe,1.0,0
866,2022-08-02,Guadeloupe,1.0,2
867,2022-08-03,Guadeloupe,1.0,0
868,2022-08-04,Guadeloupe,1.0,3
869,2022-08-05,Guadeloupe,1.0,0
870,2022-08-06,Guadeloupe,1.0,1
871,2022-08-07,Guadeloupe,1.0,0
872,2022-08-08,Guadeloupe,1.0,0
873,2022-08-09,Guadeloupe,1.0,4
874,2022-08-10,Guadeloupe,1.0,2
875,2022-08-11,Guadeloupe,1.0,1
876,2022-08-12,Guadeloupe,1.0,0
877,2022-08-13,Guadeloupe,1.0,1
878,2022-08-14,Guadeloupe,1.0,0
879,2022-08-15,Guadeloupe,1.0,0
880,2022-08-16,Guadeloupe,1.0,0
881,2022-08-17,Guadeloupe,1.0,4
882,2022-08-18,Guadeloupe,1.0,0
883,2022-08-19,Guadeloupe,1.0,2
884,2022-08-20,Guadeloupe,1.0,1
885,2022-08-21,Guadeloupe,1.0,0
886,2022-08-22,Guadeloupe,1.0,0
887,2022-08-23,Guadeloupe,1.0,0
888,2022-08-24,Guadeloupe,1.0,3
889,2022-08-25,Guadeloupe,1.0,0
890,2022-08-26,Guadeloupe,1.0,0
891,2022-08-27,Guadeloupe,1.0,0
892,2022-08-28,Guadeloupe,1.0,0
893,2022-08-29,Guadeloupe,1.0,0
894,2022-08-30,Guadeloupe,1.0,2
895,2022-08-31,Guadeloupe,1.0,0
896,2022-09-01,Guadeloupe,1.0,0
897,2022-09-02,Guadeloupe,1.0,0
898,2022-09-03,Guadeloupe,1.0,1
899,2022-09-04,Guadeloupe,1.0,0
900,2022-09-05,Guadeloupe,1.0,0
901,2022-09-06,Guadeloupe,1.0,2
902,2022-09-07,Guadeloupe,1.0,2
903,2022-09-08,Guadeloupe,1.0,0
904,2022-09-09,Guadeloupe,1.0,1
905,2022-09-10,Guadeloupe,1.0,0
906,2022-09-11,Guadeloupe,1.0,0
907,2022-09-12,Guadeloupe,1.0,0
908,2022-09-13,Guadeloupe,1.0,2
909,2022-09-14,Guadeloupe,1.0,0
910,2022-09-15,Guadeloupe,1.0,0
911,2022-09-16,Guadeloupe,1.0,1
912,2022-09-17,Guadeloupe,1.0,0
913,2022-09-18,Guadeloupe,1.0,0
914,2022-09-19,Guadeloupe,1.0,0
915,2022-09-20,Guadeloupe,1.0,0
916,2022-09-21,Guadeloupe,1.0,0
917,2022-09-22,Guadeloupe,1.0,0
918,2022-09-23,Guadeloupe,1.0,0
919,2022-09-24,Guadeloupe,1.0,0
920,2022-09-25,Guadeloupe,1.0,0
921,2022-09-26,Guadeloupe,1.0,0
922,2022-09-27,Guadeloupe,1.0,0
923,2022-09-28,Guadeloupe,1.0,0
924,2022-09-29,Guadeloupe,1.0,0
925,2022-09-30,Guadeloupe,1.0,0
926,2022-10-01,Guadeloupe,1.0,0
927,2022-10-02,Guadeloupe,1.0,0
928,2022-10-03,Guadeloupe,1.0,0
929,2022-10-04,Guadeloupe,1.0,0
930,2022-10-05,Guadeloupe,1.0,0
931,2022-10-06,Guadeloupe,1.0,0
932,2022-10-07,Guadeloupe,1.0,1
933,2022-10-08,Guadeloupe,1.0,0
934,2022-10-09,Guadeloupe,1.0,0
935,2022-10-10,Guadeloupe,1.0,0
936,2022-10-11,Guadeloupe,1.0,0
937,2022-10-12,Guadeloupe,1.0,1
938,2022-10-13,Guadeloupe,1.0,1
939,2022-10-14,Guadeloupe,1.0,0
940,2022-10-15,Guadeloupe,1.0,0
941,2022-10-16,Guadeloupe,1.0,0
942,2022-10-17,Guadeloupe,1.0,0
943,2022-10-18,Guadeloupe,1.0,0
944,2022-10-19,Guadeloupe,1.0,1
945,2022-10-20,Guadeloupe,1.0,3
946,2022-10-21,Guadeloupe,1.0,0
947,2022-10-22,Guadeloupe,1.0,1
948,2022-10-23,Guadeloupe,1.0,0
949,2022-10-24,Guadeloupe,1.0,0
950,2022-10-25,Guadeloupe,1.0,1
951,2022-10-26,Guadeloupe,1.0,1
952,2022-10-27,Guadeloupe,1.0,0
953,2022-10-28,Guadeloupe,1.0,1
954,2022-10-29,Guadeloupe,1.0,1
955,2022-10-30,Guadeloupe,1.0,0
956,2022-10-31,Guadeloupe,1.0,0
957,2022-11-01,Guadeloupe,1.0,0
958,2022-11-02,Guadeloupe,1.0,0
959,2022-11-03,Guadeloupe,1.0,0
960,2022-11-04,Guadeloupe,1.0,3
961,2022-11-05,Guadeloupe,1.0,0
962,2022-11-06,Guadeloupe,1.0,0
963,2022-11-07,Guadeloupe,1.0,0
964,2022-11-08,Guadeloupe,1.0,0
965,2022-11-09,Guadeloupe,1.0,0
966,2022-11-10,Guadeloupe,1.0,0
967,2022-11-11,Guadeloupe,1.0,0
968,2022-11-12,Guadeloupe,1.0,0
969,2022-11-13,Guadeloupe,1.0,0
970,2022-11-14,Guadeloupe,1.0,0
971,2022-11-15,Guadeloupe,1.0,0
972,2022-11-16,Guadeloupe,1.0,0
973,2022-11-17,Guadeloupe,1.0,0
974,2022-11-18,Guadeloupe,1.0,1
975,2022-11-19,Guadeloupe,1.0,0
976,2022-11-20,Guadeloupe,1.0,0
977,2022-11-21,Guadeloupe,1.0,0
978,2022-11-22,Guadeloupe,1.0,2
979,2022-11-23,Guadeloupe,1.0,1
980,2022-11-24,Guadeloupe,1.0,2
981,2022-11-25,Guadeloupe,1.0,0
982,2022-11-26,Guadeloupe,1.0,0
983,2022-11-27,Guadeloupe,1.0,0
984,2022-11-28,Guadeloupe,1.0,0
985,2022-11-29,Guadeloupe,1.0,1
986,2022-11-30,Guadeloupe,1.0,2
987,2022-12-01,Guadeloupe,1.0,1
988,2022-12-02,Guadeloupe,1.0,2
989,2022-12-03,Guadeloupe,1.0,1
990,2022-12-04,Guadeloupe,1.0,0
991,2022-12-05,Guadeloupe,1.0,0
992,2022-12-06,Guadeloupe,1.0,0
993,2022-12-07,Guadeloupe,1.0,0
994,2022-12-08,Guadeloupe,1.0,1
995,2022-12-09,Guadeloupe,1.0,0
996,2022-12-10,Guadeloupe,1.0,0
997,2022-12-11,Guadeloupe,1.0,0
998,2022-12-12,Guadeloupe,1.0,0
999,2022-12-13,Guadeloupe,1.0,2
1000,2022-12-14,Guadeloupe,1.0,1
1001,2022-12-15,Guadeloupe,1.0,0
1002,2022-12-16,Guadeloupe,1.0,0
1003,2022-12-17,Guadeloupe,1.0,0
1004,2022-12-18,Guadeloupe,1.0,0
1005,2022-12-19,Guadeloupe,1.0,0
1006,2022-12-20,Guadeloupe,1.0,0
1007,2022-12-21,Guadeloupe,1.0,2
1008,2022-12-22,Guadeloupe,1.0,1
1009,2022-12-23,Guadeloupe,1.0,1
1010,2022-12-24,Guadeloupe,1.0,0
1011,2022-12-25,Guadeloupe,1.0,0
1012,2022-12-26,Guadeloupe,1.0,0
1013,2022-12-27,Guadeloupe,1.0,0
1014,2022-12-28,Guadeloupe,1.0,0
1015,2022-12-29,Guadeloupe,1.0,1
1016,2022-12-30,Guadeloupe,1.0,0
1017,2022-12-31,Guadeloupe,1.0,0
1018,2023-01-01,Guadeloupe,1.0,0
1019,2023-01-02,Guadeloupe,1.0,0
1020,2023-01-03,Guadeloupe,1.0,0
1021,2023-01-04,Guadeloupe,1.0,3
1022,2023-01-05,Guadeloupe,1.0,0
1023,2023-01-06,Guadeloupe,1.0,0
1024,2023-01-07,Guadeloupe,1.0,0
1025,2023-01-08,Guadeloupe,1.0,0
1026,2023-01-09,Guadeloupe,1.0,0
1027,2023-01-10,Guadeloupe,1.0,3
1028,2023-01-11,Guadeloupe,1.0,2
1029,2023-01-12,Guadeloupe,1.0,0
1030,2023-01-13,Guadeloupe,1.0,0
1031,2023-01-14,Guadeloupe,1.0,0
1032,2023-01-15,Guadeloupe,1.0,0
1033,2023-01-16,Guadeloupe,1.0,0
1034,2023-01-17,Guadeloupe,1.0,0
1035,2023-01-18,Guadeloupe,1.0,1
1036,2023-01-19,Guadeloupe,1.0,0
1037,2023-01-20,Guadeloupe,1.0,0
1038,2023-01-21,Guadeloupe,1.0,0
1039,2023-01-22,Guadeloupe,1.0,0
1040,2023-01-23,Guadeloupe,1.0,0
1041,2023-01-24,Guadeloupe,1.0,0
1042,2023-01-25,Guadeloupe,1.0,0
1043,2023-01-26,Guadeloupe,1.0,0
1044,2023-01-27,Guadeloupe,1.0,0
1045,2023-01-28,Guadeloupe,1.0,1
1046,2023-01-29,Guadeloupe,1.0,0
1047,2023-01-30,Guadeloupe,1.0,0
1048,2023-01-31,Guadeloupe,1.0,0
1049,2023-02-01,Guadeloupe,1.0,0
1050,2023-02-02,Guadeloupe,1.0,0
1051,2023-02-03,Guadeloupe,1.0,0
1052,2023-02-04,Guadeloupe,1.0,1
1053,2023-02-05,Guadeloupe,1.0,0
1054,2023-02-06,Guadeloupe,1.0,0
1055,2023-02-07,Guadeloupe,1.0,0
1056,2023-02-08,Guadeloupe,1.0,1
1057,2023-02-09,Guadeloupe,1.0,0
1058,2023-02-10,Guadeloupe,1.0,0
1059,2023-02-11,Guadeloupe,1.0,0
1060,2023-02-12,Guadeloupe,1.0,0
1061,2023-02-13,Guadeloupe,1.0,0
1062,2023-02-14,Guadeloupe,1.0,2
1063,2023-02-15,Guadeloupe,1.0,0
1064,2023-02-16,Guadeloupe,1.0,0
1065,2023-02-17,Guadeloupe,1.0,0
1066,2023-02-18,Guadeloupe,1.0,0
1067,2023-02-19,Guadeloupe,1.0,0
1068,2023-02-20,Guadeloupe,1.0,0
1069,2023-02-21,Guadeloupe,1.0,0
1070,2023-02-22,Guadeloupe,1.0,0
1071,2023-02-23,Guadeloupe,1.0,0
1072,2023-02-24,Guadeloupe,1.0,2
1073,2023-02-25,Guadeloupe,1.0,0
1074,2023-02-26,Guadeloupe,1.0,0
1075,2023-02-27,Guadeloupe,1.0,0
1076,2023-02-28,Guadeloupe,1.0,0
1077,2023-03-01,Guadeloupe,1.0,0
1078,2023-03-02,Guadeloupe,1.0,0
1079,2023-03-03,Guadeloupe,1.0,0
1080,2023-03-04,Guadeloupe,1.0,0
1081,2023-03-05,Guadeloupe,1.0,0
1082,2023-03-06,Guadeloupe,1.0,0
1083,2023-03-07,Guadeloupe,1.0,1
1084,2023-03-08,Guadeloupe,1.0,0
1085,2023-03-09,Guadeloupe,1.0,0
1086,2023-03-10,Guadeloupe,1.0,1
1087,2023-03-11,Guadeloupe,1.0,0
1088,2023-03-12,Guadeloupe,1.0,0
1089,2023-03-13,Guadeloupe,1.0,0
1090,2023-03-14,Guadeloupe,1.0,1
1091,2023-03-15,Guadeloupe,1.0,1
1092,2023-03-16,Guadeloupe,1.0,0
1093,2023-03-17,Guadeloupe,1.0,0
1094,2023-03-18,Guadeloupe,1.0,0
1095,2023-03-19,Guadeloupe,1.0,0
1096,2023-03-20,Guadeloupe,1.0,0
1097,2023-03-21,Guadeloupe,1.0,0
1098,2023-03-22,Guadeloupe,1.0,0
1099,2023-03-23,Guadeloupe,1.0,0
1100,2023-03-24,Guadeloupe,1.0,0
1101,2023-03-25,Guadeloupe,1.0,0
1102,2023-03-26,Guadeloupe,1.0,0
1103,2023-03-27,Guadeloupe,1.0,0
1104,2023-03-28,Guadeloupe,1.0,1
1105,2023-03-29,Guadeloupe,1.0,0
1106,2023-03-30,Guadeloupe,1.0,2
1107,2023-03-31,Guadeloupe,1.0,0
1108,2020-03-19,Martinique,2.0,0
1109,2020-03-20,Martinique,2.0,0
1110,2020-03-21,Martinique,2.0,0
1111,2020-03-22,Martinique,2.0,1
1112,2020-03-23,Martinique,2.0,0
1113,2020-03-24,Martinique,2.0,2
1114,2020-03-25,Martinique,2.0,2
1115,2020-03-26,Martinique,2.0,4
1116,2020-03-27,Martinique,2.0,3
1117,2020-03-28,Martinique,2.0,0
1118,2020-03-29,Martinique,2.0,2
1119,2020-03-30,Martinique,2.0,0
1120,2020-03-31,Martinique,2.0,3
1121,2020-04-01,Martinique,2.0,1
1122,2020-04-02,Martinique,2.0,1
1123,2020-04-03,Martinique,2.0,0
1124,2020-04-04,Martinique,2.0,2
1125,2020-04-05,Martinique,2.0,2
1126,2020-04-06,Martinique,2.0,0
1127,2020-04-07,Martinique,2.0,0
1128,2020-04-08,Martinique,2.0,1
1129,2020-04-09,Martinique,2.0,0
1130,2020-04-10,Martinique,2.0,0
1131,2020-04-11,Martinique,2.0,0
1132,2020-04-12,Martinique,2.0,0
1133,2020-04-13,Martinique,2.0,1
1134,2020-04-14,Martinique,2.0,0
1135,2020-04-15,Martinique,2.0,0
1136,2020-04-16,Martinique,2.0,1
1137,2020-04-17,Martinique,2.0,0
1138,2020-04-18,Martinique,2.0,0
1139,2020-04-19,Martinique,2.0,0
1140,2020-04-20,Martinique,2.0,0
1141,2020-04-21,Martinique,2.0,0
1142,2020-04-22,Martinique,2.0,0
1143,2020-04-23,Martinique,2.0,0
1144,2020-04-24,Martinique,2.0,0
1145,2020-04-25,Martinique,2.0,0
1146,2020-04-26,Martinique,2.0,0
1147,2020-04-27,Martinique,2.0,0
1148,2020-04-28,Martinique,2.0,0
1149,2020-04-29,Martinique,2.0,0
1150,2020-04-30,Martinique,2.0,1
1151,2020-05-01,Martinique,2.0,0
1152,2020-05-02,Martinique,2.0,0
1153,2020-05-03,Martinique,2.0,0
1154,2020-05-04,Martinique,2.0,0
1155,2020-05-05,Martinique,2.0,0
1156,2020-05-06,Martinique,2.0,0
1157,2020-05-07,Martinique,2.0,0
1158,2020-05-08,Martinique,2.0,0
1159,2020-05-09,Martinique,2.0,0
1160,2020-05-10,Martinique,2.0,0
1161,2020-05-11,Martinique,2.0,0
1162,2020-05-12,Martinique,2.0,0
1163,2020-05-13,Martinique,2.0,0
1164,2020-05-14,Martinique,2.0,0
1165,2020-05-15,Martinique,2.0,0
1166,2020-05-16,Martinique,2.0,0
1167,2020-05-17,Martinique,2.0,0
1168,2020-05-18,Martinique,2.0,0
1169,2020-05-19,Martinique,2.0,0
1170,2020-05-20,Martinique,2.0,0
1171,2020-05-21,Martinique,2.0,0
1172,2020-05-22,Martinique,2.0,1
1173,2020-05-23,Martinique,2.0,0
1174,2020-05-24,Martinique,2.0,0
1175,2020-05-25,Martinique,2.0,0
1176,2020-05-26,Martinique,2.0,0
1177,2020-05-27,Martinique,2.0,0
1178,2020-05-28,Martinique,2.0,0
1179,2020-05-29,Martinique,2.0,0
1180,2020-05-30,Martinique,2.0,0
1181,2020-05-31,Martinique,2.0,0
1182,2020-06-01,Martinique,2.0,0
1183,2020-06-02,Martinique,2.0,0
1184,2020-06-03,Martinique,2.0,0
1185,2020-06-04,Martinique,2.0,0
1186,2020-06-05,Martinique,2.0,0
1187,2020-06-06,Martinique,2.0,0
1188,2020-06-07,Martinique,2.0,0
1189,2020-06-08,Martinique,2.0,0
1190,2020-06-09,Martinique,2.0,1
1191,2020-06-10,Martinique,2.0,0
1192,2020-06-11,Martinique,2.0,0
1193,2020-06-12,Martinique,2.0,0
1194,2020-06-13,Martinique,2.0,0
1195,2020-06-14,Martinique,2.0,0
1196,2020-06-15,Martinique,2.0,0
1197,2020-06-16,Martinique,2.0,0
1198,2020-06-17,Martinique,2.0,1
1199,2020-06-18,Martinique,2.0,1
1200,2020-06-19,Martinique,2.0,0
1201,2020-06-20,Martinique,2.0,0
1202,2020-06-21,Martinique,2.0,0
1203,2020-06-22,Martinique,2.0,1
1204,2020-06-23,Martinique,2.0,0
1205,2020-06-24,Martinique,2.0,0
1206,2020-06-25,Martinique,2.0,0
1207,2020-06-26,Martinique,2.0,0
1208,2020-06-27,Martinique,2.0,0
1209,2020-06-28,Martinique,2.0,0
1210,2020-06-29,Martinique,2.0,1
1211,2020-06-30,Martinique,2.0,0
1212,2020-07-01,Martinique,2.0,0
1213,2020-07-02,Martinique,2.0,0
1214,2020-07-03,Martinique,2.0,0
1215,2020-07-04,Martinique,2.0,0
1216,2020-07-05,Martinique,2.0,0
1217,2020-07-06,Martinique,2.0,0
1218,2020-07-07,Martinique,2.0,0
1219,2020-07-08,Martinique,2.0,0
1220,2020-07-09,Martinique,2.0,0
1221,2020-07-10,Martinique,2.0,0
1222,2020-07-11,Martinique,2.0,0
1223,2020-07-12,Martinique,2.0,0
1224,2020-07-13,Martinique,2.0,0
1225,2020-07-14,Martinique,2.0,0
1226,2020-07-15,Martinique,2.0,0
1227,2020-07-16,Martinique,2.0,0
1228,2020-07-17,Martinique,2.0,0
1229,2020-07-18,Martinique,2.0,0
1230,2020-07-19,Martinique,2.0,0
1231,2020-07-20,Martinique,2.0,0
1232,2020-07-21,Martinique,2.0,0
1233,2020-07-22,Martinique,2.0,0
1234,2020-07-23,Martinique,2.0,0
1235,2020-07-24,Martinique,2.0,0
1236,2020-07-25,Martinique,2.0,0
1237,2020-07-26,Martinique,2.0,0
1238,2020-07-27,Martinique,2.0,0
1239,2020-07-28,Martinique,2.0,0
1240,2020-07-29,Martinique,2.0,0
1241,2020-07-30,Martinique,2.0,0
1242,2020-07-31,Martinique,2.0,0
1243,2020-08-01,Martinique,2.0,0
1244,2020-08-02,Martinique,2.0,0
1245,2020-08-03,Martinique,2.0,0
1246,2020-08-04,Martinique,2.0,0
1247,2020-08-05,Martinique,2.0,0
1248,2020-08-06,Martinique,2.0,0
1249,2020-08-07,Martinique,2.0,0
1250,2020-08-08,Martinique,2.0,0
1251,2020-08-09,Martinique,2.0,0
1252,2020-08-10,Martinique,2.0,0
1253,2020-08-11,Martinique,2.0,0
1254,2020-08-12,Martinique,2.0,0
1255,2020-08-13,Martinique,2.0,0
1256,2020-08-14,Martinique,2.0,0
1257,2020-08-15,Martinique,2.0,0
1258,2020-08-16,Martinique,2.0,0
1259,2020-08-17,Martinique,2.0,0
1260,2020-08-18,Martinique,2.0,0
1261,2020-08-19,Martinique,2.0,0
1262,2020-08-20,Martinique,2.0,0
1263,2020-08-21,Martinique,2.0,1
1264,2020-08-22,Martinique,2.0,1
1265,2020-08-23,Martinique,2.0,0
1266,2020-08-24,Martinique,2.0,0
1267,2020-08-25,Martinique,2.0,0
1268,2020-08-26,Martinique,2.0,0
1269,2020-08-27,Martinique,2.0,0
1270,2020-08-28,Martinique,2.0,1
1271,2020-08-29,Martinique,2.0,0
1272,2020-08-30,Martinique,2.0,0
1273,2020-08-31,Martinique,2.0,0
1274,2020-09-01,Martinique,2.0,0
1275,2020-09-02,Martinique,2.0,2
1276,2020-09-03,Martinique,2.0,0
1277,2020-09-04,Martinique,2.0,1
1278,2020-09-05,Martinique,2.0,1
1279,2020-09-06,Martinique,2.0,0
1280,2020-09-07,Martinique,2.0,0
1281,2020-09-08,Martinique,2.0,1
1282,2020-09-09,Martinique,2.0,1
1283,2020-09-10,Martinique,2.0,1
1284,2020-09-11,Martinique,2.0,1
1285,2020-09-12,Martinique,2.0,0
1286,2020-09-13,Martinique,2.0,0
1287,2020-09-14,Martinique,2.0,0
1288,2020-09-15,Martinique,2.0,3
1289,2020-09-16,Martinique,2.0,1
1290,2020-09-17,Martinique,2.0,0
1291,2020-09-18,Martinique,2.0,1
1292,2020-09-19,Martinique,2.0,2
1293,2020-09-20,Martinique,2.0,0
1294,2020-09-21,Martinique,2.0,0
1295,2020-09-22,Martinique,2.0,2
1296,2020-09-23,Martinique,2.0,0
1297,2020-09-24,Martinique,2.0,1
1298,2020-09-25,Martinique,2.0,3
1299,2020-09-26,Martinique,2.0,0
1300,2020-09-27,Martinique,2.0,5
1301,2020-09-28,Martinique,2.0,0
1302,2020-09-29,Martinique,2.0,1
1303,2020-09-30,Martinique,2.0,0
1304,2020-10-01,Martinique,2.0,0
1305,2020-10-02,Martinique,2.0,0
1306,2020-10-03,Martinique,2.0,0
1307,2020-10-04,Martinique,2.0,0
1308,2020-10-05,Martinique,2.0,0
1309,2020-10-06,Martinique,2.0,0
1310,2020-10-07,Martinique,2.0,2
1311,2020-10-08,Martinique,2.0,0
1312,2020-10-09,Martinique,2.0,3
1313,2020-10-10,Martinique,2.0,1
1314,2020-10-11,Martinique,2.0,2
1315,2020-10-12,Martinique,2.0,1
1316,2020-10-13,Martinique,2.0,0
1317,2020-10-14,Martinique,2.0,1
1318,2020-10-15,Martinique,2.0,0
1319,2020-10-16,Martinique,2.0,1
1320,2020-10-17,Martinique,2.0,2
1321,2020-10-18,Martinique,2.0,0
1322,2020-10-19,Martinique,2.0,1
1323,2020-10-20,Martinique,2.0,0
1324,2020-10-21,Martinique,2.0,0
1325,2020-10-22,Martinique,2.0,1
1326,2020-10-23,Martinique,2.0,1
1327,2020-10-24,Martinique,2.0,1
1328,2020-10-25,Martinique,2.0,1
1329,2020-10-26,Martinique,2.0,0
1330,2020-10-27,Martinique,2.0,2
1331,2020-10-28,Martinique,2.0,1
1332,2020-10-29,Martinique,2.0,2
1333,2020-10-30,Martinique,2.0,2
1334,2020-10-31,Martinique,2.0,1
1335,2020-11-01,Martinique,2.0,0
1336,2020-11-02,Martinique,2.0,2
1337,2020-11-03,Martinique,2.0,2
1338,2020-11-04,Martinique,2.0,0
1339,2020-11-05,Martinique,2.0,4
1340,2020-11-06,Martinique,2.0,0
1341,2020-11-07,Martinique,2.0,0
1342,2020-11-08,Martinique,2.0,2
1343,2020-11-09,Martinique,2.0,2
1344,2020-11-10,Martinique,2.0,1
1345,2020-11-11,Martinique,2.0,0
1346,2020-11-12,Martinique,2.0,0
1347,2020-11-13,Martinique,2.0,0
1348,2020-11-14,Martinique,2.0,1
1349,2020-11-15,Martinique,2.0,4
1350,2020-11-16,Martinique,2.0,3
1351,2020-11-17,Martinique,2.0,1
1352,2020-11-18,Martinique,2.0,0
1353,2020-11-19,Martinique,2.0,1
1354,2020-11-20,Martinique,2.0,1
1355,2020-11-21,Martinique,2.0,1
1356,2020-11-22,Martinique,2.0,2
1357,2020-11-23,Martinique,2.0,0
1358,2020-11-24,Martinique,2.0,0
1359,2020-11-25,Martinique,2.0,0
1360,2020-11-26,Martinique,2.0,3
1361,2020-11-27,Martinique,2.0,0
1362,2020-11-28,Martinique,2.0,0
1363,2020-11-29,Martinique,2.0,0
1364,2020-11-30,Martinique,2.0,0
1365,2020-12-01,Martinique,2.0,0
1366,2020-12-02,Martinique,2.0,0
1367,2020-12-03,Martinique,2.0,0
1368,2020-12-04,Martinique,2.0,0
1369,2020-12-05,Martinique,2.0,0
1370,2020-12-06,Martinique,2.0,0
1371,2020-12-07,Martinique,2.0,0
1372,2020-12-08,Martinique,2.0,0
1373,2020-12-09,Martinique,2.0,0
1374,2020-12-10,Martinique,2.0,0
1375,2020-12-11,Martinique,2.0,1
1376,2020-12-12,Martinique,2.0,0
1377,2020-12-13,Martinique,2.0,0
1378,2020-12-14,Martinique,2.0,0
1379,2020-12-15,Martinique,2.0,0
1380,2020-12-16,Martinique,2.0,0
1381,2020-12-17,Martinique,2.0,0
1382,2020-12-18,Martinique,2.0,0
1383,2020-12-19,Martinique,2.0,0
1384,2020-12-20,Martinique,2.0,0
1385,2020-12-21,Martinique,2.0,0
1386,2020-12-22,Martinique,2.0,1
1387,2020-12-23,Martinique,2.0,0
1388,2020-12-24,Martinique,2.0,0
1389,2020-12-25,Martinique,2.0,0
1390,2020-12-26,Martinique,2.0,0
1391,2020-12-27,Martinique,2.0,0
1392,2020-12-28,Martinique,2.0,0
1393,2020-12-29,Martinique,2.0,0
1394,2020-12-30,Martinique,2.0,0
1395,2020-12-31,Martinique,2.0,0
1396,2021-01-01,Martinique,2.0,0
1397,2021-01-02,Martinique,2.0,0
1398,2021-01-03,Martinique,2.0,0
1399,2021-01-04,Martinique,2.0,0
1400,2021-01-05,Martinique,2.0,1
1401,2021-01-06,Martinique,2.0,0
1402,2021-01-07,Martinique,2.0,0
1403,2021-01-08,Martinique,2.0,0
1404,2021-01-09,Martinique,2.0,0
1405,2021-01-10,Martinique,2.0,0
1406,2021-01-11,Martinique,2.0,0
1407,2021-01-12,Martinique,2.0,0
1408,2021-01-13,Martinique,2.0,0
1409,2021-01-14,Martinique,2.0,0
1410,2021-01-15,Martinique,2.0,0
1411,2021-01-16,Martinique,2.0,0
1412,2021-01-17,Martinique,2.0,0
1413,2021-01-18,Martinique,2.0,0
1414,2021-01-19,Martinique,2.0,1
1415,2021-01-20,Martinique,2.0,0
1416,2021-01-21,Martinique,2.0,0
1417,2021-01-22,Martinique,2.0,0
1418,2021-01-23,Martinique,2.0,0
1419,2021-01-24,Martinique,2.0,0
1420,2021-01-25,Martinique,2.0,0
1421,2021-01-26,Martinique,2.0,0
1422,2021-01-27,Martinique,2.0,0
1423,2021-01-28,Martinique,2.0,1
1424,2021-01-29,Martinique,2.0,0
1425,2021-01-30,Martinique,2.0,0
1426,2021-01-31,Martinique,2.0,0
1427,2021-02-01,Martinique,2.0,0
1428,2021-02-02,Martinique,2.0,0
1429,2021-02-03,Martinique,2.0,0
1430,2021-02-04,Martinique,2.0,1
1431,2021-02-05,Martinique,2.0,0
1432,2021-02-06,Martinique,2.0,0
1433,2021-02-07,Martinique,2.0,0
1434,2021-02-08,Martinique,2.0,0
1435,2021-02-09,Martinique,2.0,0
1436,2021-02-10,Martinique,2.0,0
1437,2021-02-11,Martinique,2.0,0
1438,2021-02-12,Martinique,2.0,0
1439,2021-02-13,Martinique,2.0,0
1440,2021-02-14,Martinique,2.0,0
1441,2021-02-15,Martinique,2.0,0
1442,2021-02-16,Martinique,2.0,0
1443,2021-02-17,Martinique,2.0,0
1444,2021-02-18,Martinique,2.0,1
1445,2021-02-19,Martinique,2.0,0
1446,2021-02-20,Martinique,2.0,0
1447,2021-02-21,Martinique,2.0,0
1448,2021-02-22,Martinique,2.0,0
1449,2021-02-23,Martinique,2.0,0
1450,2021-02-24,Martinique,2.0,0
1451,2021-02-25,Martinique,2.0,0
1452,2021-02-26,Martinique,2.0,0
1453,2021-02-27,Martinique,2.0,2
1454,2021-02-28,Martinique,2.0,0
1455,2021-03-01,Martinique,2.0,0
1456,2021-03-02,Martinique,2.0,0
1457,2021-03-03,Martinique,2.0,1
1458,2021-03-04,Martinique,2.0,0
1459,2021-03-05,Martinique,2.0,0
1460,2021-03-06,Martinique,2.0,1
1461,2021-03-07,Martinique,2.0,0
1462,2021-03-08,Martinique,2.0,0
1463,2021-03-09,Martinique,2.0,3
1464,2021-03-10,Martinique,2.0,0
1465,2021-03-11,Martinique,2.0,0
1466,2021-03-12,Martinique,2.0,1
1467,2021-03-13,Martinique,2.0,2
1468,2021-03-14,Martinique,2.0,0
1469,2021-03-15,Martinique,2.0,0
1470,2021-03-16,Martinique,2.0,0
1471,2021-03-17,Martinique,2.0,0
1472,2021-03-18,Martinique,2.0,1
1473,2021-03-19,Martinique,2.0,2
1474,2021-03-20,Martinique,2.0,0
1475,2021-03-21,Martinique,2.0,0
1476,2021-03-22,Martinique,2.0,0
1477,2021-03-23,Martinique,2.0,1
1478,2021-03-24,Martinique,2.0,1
1479,2021-03-25,Martinique,2.0,1
1480,2021-03-26,Martinique,2.0,1
1481,2021-03-27,Martinique,2.0,2
1482,2021-03-28,Martinique,2.0,1
1483,2021-03-29,Martinique,2.0,2
1484,2021-03-30,Martinique,2.0,7
1485,2021-03-31,Martinique,2.0,3
1486,2021-04-01,Martinique,2.0,0
1487,2021-04-02,Martinique,2.0,0
1488,2021-04-03,Martinique,2.0,4
1489,2021-04-04,Martinique,2.0,1
1490,2021-04-05,Martinique,2.0,1
1491,2021-04-06,Martinique,2.0,5
1492,2021-04-07,Martinique,2.0,0
1493,2021-04-08,Martinique,2.0,2
1494,2021-04-09,Martinique,2.0,4
1495,2021-04-10,Martinique,2.0,5
1496,2021-04-11,Martinique,2.0,3
1497,2021-04-12,Martinique,2.0,0
1498,2021-04-13,Martinique,2.0,4
1499,2021-04-14,Martinique,2.0,0
1500,2021-04-15,Martinique,2.0,5
1501,2021-04-16,Martinique,2.0,6
1502,2021-04-17,Martinique,2.0,1
1503,2021-04-18,Martinique,2.0,2
1504,2021-04-19,Martinique,2.0,2
1505,2021-04-20,Martinique,2.0,5
1506,2021-04-21,Martinique,2.0,2
1507,2021-04-22,Martinique,2.0,1
1508,2021-04-23,Martinique,2.0,3
1509,2021-04-24,Martinique,2.0,3
1510,2021-04-25,Martinique,2.0,2
1511,2021-04-26,Martinique,2.0,0
1512,2021-04-27,Martinique,2.0,2
1513,2021-04-28,Martinique,2.0,3
1514,2021-04-29,Martinique,2.0,2
1515,2021-04-30,Martinique,2.0,1
1516,2021-05-01,Martinique,2.0,1
1517,2021-05-02,Martinique,2.0,0
1518,2021-05-03,Martinique,2.0,0
1519,2021-05-04,Martinique,2.0,0
1520,2021-05-05,Martinique,2.0,1
1521,2021-05-06,Martinique,2.0,1
1522,2021-05-07,Martinique,2.0,0
1523,2021-05-08,Martinique,2.0,2
1524,2021-05-09,Martinique,2.0,1
1525,2021-05-10,Martinique,2.0,0
1526,2021-05-11,Martinique,2.0,1
1527,2021-05-12,Martinique,2.0,1
1528,2021-05-13,Martinique,2.0,0
1529,2021-05-14,Martinique,2.0,1
1530,2021-05-15,Martinique,2.0,0
1531,2021-05-16,Martinique,2.0,0
1532,2021-05-17,Martinique,2.0,1
1533,2021-05-18,Martinique,2.0,0
1534,2021-05-19,Martinique,2.0,1
1535,2021-05-20,Martinique,2.0,3
1536,2021-05-21,Martinique,2.0,0
1537,2021-05-22,Martinique,2.0,0
1538,2021-05-23,Martinique,2.0,0
1539,2021-05-24,Martinique,2.0,0
1540,2021-05-25,Martinique,2.0,1
1541,2021-05-26,Martinique,2.0,0
1542,2021-05-27,Martinique,2.0,0
1543,2021-05-28,Martinique,2.0,0
1544,2021-05-29,Martinique,2.0,0
1545,2021-05-30,Martinique,2.0,0
1546,2021-05-31,Martinique,2.0,0
1547,2021-06-01,Martinique,2.0,0
1548,2021-06-02,Martinique,2.0,0
1549,2021-06-03,Martinique,2.0,0
1550,2021-06-04,Martinique,2.0,1
1551,2021-06-05,Martinique,2.0,0
1552,2021-06-06,Martinique,2.0,1
1553,2021-06-07,Martinique,2.0,0
1554,2021-06-08,Martinique,2.0,0
1555,2021-06-09,Martinique,2.0,1
1556,2021-06-10,Martinique,2.0,1
1557,2021-06-11,Martinique,2.0,0
1558,2021-06-12,Martinique,2.0,0
1559,2021-06-13,Martinique,2.0,1
1560,2021-06-14,Martinique,2.0,0
1561,2021-06-15,Martinique,2.0,0
1562,2021-06-16,Martinique,2.0,0
1563,2021-06-17,Martinique,2.0,0
1564,2021-06-18,Martinique,2.0,0
1565,2021-06-19,Martinique,2.0,0
1566,2021-06-20,Martinique,2.0,0
1567,2021-06-21,Martinique,2.0,0
1568,2021-06-22,Martinique,2.0,0
1569,2021-06-23,Martinique,2.0,0
1570,2021-06-24,Martinique,2.0,0
1571,2021-06-25,Martinique,2.0,1
1572,2021-06-26,Martinique,2.0,0
1573,2021-06-27,Martinique,2.0,0
1574,2021-06-28,Martinique,2.0,0
1575,2021-06-29,Martinique,2.0,0
1576,2021-06-30,Martinique,2.0,0
1577,2021-07-01,Martinique,2.0,0
1578,2021-07-02,Martinique,2.0,0
1579,2021-07-03,Martinique,2.0,0
1580,2021-07-04,Martinique,2.0,2
1581,2021-07-05,Martinique,2.0,0
1582,2021-07-06,Martinique,2.0,2
1583,2021-07-07,Martinique,2.0,2
1584,2021-07-08,Martinique,2.0,0
1585,2021-07-09,Martinique,2.0,4
1586,2021-07-10,Martinique,2.0,0
1587,2021-07-11,Martinique,2.0,1
1588,2021-07-12,Martinique,2.0,0
1589,2021-07-13,Martinique,2.0,0
1590,2021-07-14,Martinique,2.0,0
1591,2021-07-15,Martinique,2.0,2
1592,2021-07-16,Martinique,2.0,0
1593,2021-07-17,Martinique,2.0,1
1594,2021-07-18,Martinique,2.0,1
1595,2021-07-19,Martinique,2.0,2
1596,2021-07-20,Martinique,2.0,1
1597,2021-07-21,Martinique,2.0,2
1598,2021-07-22,Martinique,2.0,4
1599,2021-07-23,Martinique,2.0,2
1600,2021-07-24,Martinique,2.0,6
1601,2021-07-25,Martinique,2.0,1
1602,2021-07-26,Martinique,2.0,3
1603,2021-07-27,Martinique,2.0,3
1604,2021-07-28,Martinique,2.0,5
1605,2021-07-29,Martinique,2.0,0
1606,2021-07-30,Martinique,2.0,10
1607,2021-07-31,Martinique,2.0,4
1608,2021-08-01,Martinique,2.0,6
1609,2021-08-02,Martinique,2.0,1
1610,2021-08-03,Martinique,2.0,10
1611,2021-08-04,Martinique,2.0,5
1612,2021-08-05,Martinique,2.0,3
1613,2021-08-06,Martinique,2.0,7
1614,2021-08-07,Martinique,2.0,0
1615,2021-08-08,Martinique,2.0,11
1616,2021-08-09,Martinique,2.0,1
1617,2021-08-10,Martinique,2.0,3
1618,2021-08-11,Martinique,2.0,0
1619,2021-08-12,Martinique,2.0,6
1620,2021-08-13,Martinique,2.0,4
1621,2021-08-14,Martinique,2.0,0
1622,2021-08-15,Martinique,2.0,0
1623,2021-08-16,Martinique,2.0,0
1624,2021-08-17,Martinique,2.0,9
1625,2021-08-18,Martinique,2.0,73
1626,2021-08-19,Martinique,2.0,6
1627,2021-08-20,Martinique,2.0,15
1628,2021-08-21,Martinique,2.0,25
1629,2021-08-22,Martinique,2.0,17
1630,2021-08-23,Martinique,2.0,18
1631,2021-08-24,Martinique,2.0,20
1632,2021-08-25,Martinique,2.0,3
1633,2021-08-26,Martinique,2.0,19
1634,2021-08-27,Martinique,2.0,23
1635,2021-08-28,Martinique,2.0,6
1636,2021-08-29,Martinique,2.0,0
1637,2021-08-30,Martinique,2.0,14
1638,2021-08-31,Martinique,2.0,25
1639,2021-09-01,Martinique,2.0,8
1640,2021-09-02,Martinique,2.0,25
1641,2021-09-03,Martinique,2.0,16
1642,2021-09-04,Martinique,2.0,5
1643,2021-09-05,Martinique,2.0,0
1644,2021-09-06,Martinique,2.0,0
1645,2021-09-07,Martinique,2.0,14
1646,2021-09-08,Martinique,2.0,20
1647,2021-09-09,Martinique,2.0,34
1648,2021-09-10,Martinique,2.0,9
1649,2021-09-11,Martinique,2.0,18
1650,2021-09-12,Martinique,2.0,2
1651,2021-09-13,Martinique,2.0,13
1652,2021-09-14,Martinique,2.0,8
1653,2021-09-15,Martinique,2.0,3
1654,2021-09-16,Martinique,2.0,19
1655,2021-09-17,Martinique,2.0,5
1656,2021-09-18,Martinique,2.0,25
1657,2021-09-19,Martinique,2.0,0
1658,2021-09-20,Martinique,2.0,0
1659,2021-09-21,Martinique,2.0,4
1660,2021-09-22,Martinique,2.0,7
1661,2021-09-23,Martinique,2.0,5
1662,2021-09-24,Martinique,2.0,2
1663,2021-09-25,Martinique,2.0,10
1664,2021-09-26,Martinique,2.0,11
1665,2021-09-27,Martinique,2.0,6
1666,2021-09-28,Martinique,2.0,1
1667,2021-09-29,Martinique,2.0,0
1668,2021-09-30,Martinique,2.0,7
1669,2021-10-01,Martinique,2.0,11
1670,2021-10-02,Martinique,2.0,2
1671,2021-10-03,Martinique,2.0,0
1672,2021-10-04,Martinique,2.0,0
1673,2021-10-05,Martinique,2.0,11
1674,2021-10-06,Martinique,2.0,0
1675,2021-10-07,Martinique,2.0,8
1676,2021-10-08,Martinique,2.0,0
1677,2021-10-09,Martinique,2.0,1
1678,2021-10-10,Martinique,2.0,0
1679,2021-10-11,Martinique,2.0,0
1680,2021-10-12,Martinique,2.0,4
1681,2021-10-13,Martinique,2.0,4
1682,2021-10-14,Martinique,2.0,2
1683,2021-10-15,Martinique,2.0,1
1684,2021-10-16,Martinique,2.0,0
1685,2021-10-17,Martinique,2.0,0
1686,2021-10-18,Martinique,2.0,0
1687,2021-10-19,Martinique,2.0,0
1688,2021-10-20,Martinique,2.0,0
1689,2021-10-21,Martinique,2.0,1
1690,2021-10-22,Martinique,2.0,0
1691,2021-10-23,Martinique,2.0,4
1692,2021-10-24,Martinique,2.0,0
1693,2021-10-25,Martinique,2.0,0
1694,2021-10-26,Martinique,2.0,11
1695,2021-10-27,Martinique,2.0,3
1696,2021-10-28,Martinique,2.0,5
1697,2021-10-29,Martinique,2.0,0
1698,2021-10-30,Martinique,2.0,5
1699,2021-10-31,Martinique,2.0,0
1700,2021-11-01,Martinique,2.0,0
1701,2021-11-02,Martinique,2.0,7
1702,2021-11-03,Martinique,2.0,0
1703,2021-11-04,Martinique,2.0,2
1704,2021-11-05,Martinique,2.0,4
1705,2021-11-06,Martinique,2.0,5
1706,2021-11-07,Martinique,2.0,0
1707,2021-11-08,Martinique,2.0,0
1708,2021-11-09,Martinique,2.0,5
1709,2021-11-10,Martinique,2.0,2
1710,2021-11-11,Martinique,2.0,0
1711,2021-11-12,Martinique,2.0,0
1712,2021-11-13,Martinique,2.0,2
1713,2021-11-14,Martinique,2.0,0
1714,2021-11-15,Martinique,2.0,3
1715,2021-11-16,Martinique,2.0,0
1716,2021-11-17,Martinique,2.0,2
1717,2021-11-18,Martinique,2.0,3
1718,2021-11-19,Martinique,2.0,3
1719,2021-11-20,Martinique,2.0,0
1720,2021-11-21,Martinique,2.0,0
1721,2021-11-22,Martinique,2.0,0
1722,2021-11-23,Martinique,2.0,14
1723,2021-11-24,Martinique,2.0,0
1724,2021-11-25,Martinique,2.0,3
1725,2021-11-26,Martinique,2.0,3
1726,2021-11-27,Martinique,2.0,0
1727,2021-11-28,Martinique,2.0,6
1728,2021-11-29,Martinique,2.0,6
1729,2021-11-30,Martinique,2.0,1
1730,2021-12-01,Martinique,2.0,2
1731,2021-12-02,Martinique,2.0,7
1732,2021-12-03,Martinique,2.0,1
1733,2021-12-04,Martinique,2.0,3
1734,2021-12-05,Martinique,2.0,0
1735,2021-12-06,Martinique,2.0,0
1736,2021-12-07,Martinique,2.0,10
1737,2021-12-08,Martinique,2.0,3
1738,2021-12-09,Martinique,2.0,1
1739,2021-12-10,Martinique,2.0,0
1740,2021-12-11,Martinique,2.0,15
1741,2021-12-12,Martinique,2.0,0
1742,2021-12-13,Martinique,2.0,0
1743,2021-12-14,Martinique,2.0,10
1744,2021-12-15,Martinique,2.0,5
1745,2021-12-16,Martinique,2.0,3
1746,2021-12-17,Martinique,2.0,1
1747,2021-12-18,Martinique,2.0,3
1748,2021-12-19,Martinique,2.0,0
1749,2021-12-20,Martinique,2.0,0
1750,2021-12-21,Martinique,2.0,9
1751,2021-12-22,Martinique,2.0,0
1752,2021-12-23,Martinique,2.0,1
1753,2021-12-24,Martinique,2.0,7
1754,2021-12-25,Martinique,2.0,3
1755,2021-12-26,Martinique,2.0,0
1756,2021-12-27,Martinique,2.0,0
1757,2021-12-28,Martinique,2.0,8
1758,2021-12-29,Martinique,2.0,4
1759,2021-12-30,Martinique,2.0,1
1760,2021-12-31,Martinique,2.0,1
1761,2022-01-01,Martinique,2.0,0
1762,2022-01-02,Martinique,2.0,0
1763,2022-01-03,Martinique,2.0,0
1764,2022-01-04,Martinique,2.0,12
1765,2022-01-05,Martinique,2.0,1
1766,2022-01-06,Martinique,2.0,4
1767,2022-01-07,Martinique,2.0,4
1768,2022-01-08,Martinique,2.0,0
1769,2022-01-09,Martinique,2.0,0
1770,2022-01-10,Martinique,2.0,3
1771,2022-01-11,Martinique,2.0,7
1772,2022-01-12,Martinique,2.0,6
1773,2022-01-13,Martinique,2.0,4
1774,2022-01-14,Martinique,2.0,2
1775,2022-01-15,Martinique,2.0,4
1776,2022-01-16,Martinique,2.0,4
1777,2022-01-17,Martinique,2.0,0
1778,2022-01-18,Martinique,2.0,3
1779,2022-01-19,Martinique,2.0,2
1780,2022-01-20,Martinique,2.0,4
1781,2022-01-21,Martinique,2.0,5
1782,2022-01-22,Martinique,2.0,4
1783,2022-01-23,Martinique,2.0,1
1784,2022-01-24,Martinique,2.0,0
1785,2022-01-25,Martinique,2.0,3
1786,2022-01-26,Martinique,2.0,2
1787,2022-01-27,Martinique,2.0,0
1788,2022-01-28,Martinique,2.0,5
1789,2022-01-29,Martinique,2.0,2
1790,2022-01-30,Martinique,2.0,0
1791,2022-01-31,Martinique,2.0,0
1792,2022-02-01,Martinique,2.0,5
1793,2022-02-02,Martinique,2.0,1
1794,2022-02-03,Martinique,2.0,2
1795,2022-02-04,Martinique,2.0,1
1796,2022-02-05,Martinique,2.0,11
1797,2022-02-06,Martinique,2.0,2
1798,2022-02-07,Martinique,2.0,0
1799,2022-02-08,Martinique,2.0,1
1800,2022-02-09,Martinique,2.0,5
1801,2022-02-10,Martinique,2.0,1
1802,2022-02-11,Martinique,2.0,2
1803,2022-02-12,Martinique,2.0,4
1804,2022-02-13,Martinique,2.0,0
1805,2022-02-14,Martinique,2.0,0
1806,2022-02-15,Martinique,2.0,2
1807,2022-02-16,Martinique,2.0,1
1808,2022-02-17,Martinique,2.0,0
1809,2022-02-18,Martinique,2.0,1
1810,2022-02-19,Martinique,2.0,2
1811,2022-02-20,Martinique,2.0,0
1812,2022-02-21,Martinique,2.0,0
1813,2022-02-22,Martinique,2.0,3
1814,2022-02-23,Martinique,2.0,1
1815,2022-02-24,Martinique,2.0,0
1816,2022-02-25,Martinique,2.0,1
1817,2022-02-26,Martinique,2.0,1
1818,2022-02-27,Martinique,2.0,0
1819,2022-02-28,Martinique,2.0,4
1820,2022-03-01,Martinique,2.0,0
1821,2022-03-02,Martinique,2.0,0
1822,2022-03-03,Martinique,2.0,0
1823,2022-03-04,Martinique,2.0,2
1824,2022-03-05,Martinique,2.0,0
1825,2022-03-06,Martinique,2.0,0
1826,2022-03-07,Martinique,2.0,0
1827,2022-03-08,Martinique,2.0,4
1828,2022-03-09,Martinique,2.0,0
1829,2022-03-10,Martinique,2.0,0
1830,2022-03-11,Martinique,2.0,0
1831,2022-03-12,Martinique,2.0,1
1832,2022-03-13,Martinique,2.0,0
1833,2022-03-14,Martinique,2.0,0
1834,2022-03-15,Martinique,2.0,1
1835,2022-03-16,Martinique,2.0,0
1836,2022-03-17,Martinique,2.0,1
1837,2022-03-18,Martinique,2.0,1
1838,2022-03-19,Martinique,2.0,0
1839,2022-03-20,Martinique,2.0,0
1840,2022-03-21,Martinique,2.0,0
1841,2022-03-22,Martinique,2.0,0
1842,2022-03-23,Martinique,2.0,0
1843,2022-03-24,Martinique,2.0,1
1844,2022-03-25,Martinique,2.0,0
1845,2022-03-26,Martinique,2.0,0
1846,2022-03-27,Martinique,2.0,1
1847,2022-03-28,Martinique,2.0,0
1848,2022-03-29,Martinique,2.0,0
1849,2022-03-30,Martinique,2.0,1
1850,2022-03-31,Martinique,2.0,0
1851,2022-04-01,Martinique,2.0,1
1852,2022-04-02,Martinique,2.0,0
1853,2022-04-03,Martinique,2.0,0
1854,2022-04-04,Martinique,2.0,0
1855,2022-04-05,Martinique,2.0,0
1856,2022-04-06,Martinique,2.0,0
1857,2022-04-07,Martinique,2.0,0
1858,2022-04-08,Martinique,2.0,0
1859,2022-04-09,Martinique,2.0,0
1860,2022-04-10,Martinique,2.0,0
1861,2022-04-11,Martinique,2.0,0
1862,2022-04-12,Martinique,2.0,0
1863,2022-04-13,Martinique,2.0,0
1864,2022-04-14,Martinique,2.0,0
1865,2022-04-15,Martinique,2.0,0
1866,2022-04-16,Martinique,2.0,0
1867,2022-04-17,Martinique,2.0,0
1868,2022-04-18,Martinique,2.0,0
1869,2022-04-19,Martinique,2.0,0
1870,2022-04-20,Martinique,2.0,0
1871,2022-04-21,Martinique,2.0,0
1872,2022-04-22,Martinique,2.0,0
1873,2022-04-23,Martinique,2.0,0
1874,2022-04-24,Martinique,2.0,0
1875,2022-04-25,Martinique,2.0,0
1876,2022-04-26,Martinique,2.0,1
1877,2022-04-27,Martinique,2.0,0
1878,2022-04-28,Martinique,2.0,0
1879,2022-04-29,Martinique,2.0,0
1880,2022-04-30,Martinique,2.0,0
1881,2022-05-01,Martinique,2.0,0
1882,2022-05-02,Martinique,2.0,0
1883,2022-05-03,Martinique,2.0,0
1884,2022-05-04,Martinique,2.0,0
1885,2022-05-05,Martinique,2.0,0
1886,2022-05-06,Martinique,2.0,2
1887,2022-05-07,Martinique,2.0,0
1888,2022-05-08,Martinique,2.0,0
1889,2022-05-09,Martinique,2.0,0
1890,2022-05-10,Martinique,2.0,1
1891,2022-05-11,Martinique,2.0,0
1892,2022-05-12,Martinique,2.0,1
1893,2022-05-13,Martinique,2.0,1
1894,2022-05-14,Martinique,2.0,0
1895,2022-05-15,Martinique,2.0,0
1896,2022-05-16,Martinique,2.0,0
1897,2022-05-17,Martinique,2.0,1
1898,2022-05-18,Martinique,2.0,0
1899,2022-05-19,Martinique,2.0,0
1900,2022-05-20,Martinique,2.0,0
1901,2022-05-21,Martinique,2.0,0
1902,2022-05-22,Martinique,2.0,0
1903,2022-05-23,Martinique,2.0,0
1904,2022-05-24,Martinique,2.0,2
1905,2022-05-25,Martinique,2.0,2
1906,2022-05-26,Martinique,2.0,1
1907,2022-05-27,Martinique,2.0,0
1908,2022-05-28,Martinique,2.0,0
1909,2022-05-29,Martinique,2.0,0
1910,2022-05-30,Martinique,2.0,0
1911,2022-05-31,Martinique,2.0,4
1912,2022-06-01,Martinique,2.0,0
1913,2022-06-02,Martinique,2.0,0
1914,2022-06-03,Martinique,2.0,0
1915,2022-06-04,Martinique,2.0,0
1916,2022-06-05,Martinique,2.0,0
1917,2022-06-06,Martinique,2.0,0
1918,2022-06-07,Martinique,2.0,0
1919,2022-06-08,Martinique,2.0,3
1920,2022-06-09,Martinique,2.0,4
1921,2022-06-10,Martinique,2.0,0
1922,2022-06-11,Martinique,2.0,0
1923,2022-06-12,Martinique,2.0,0
1924,2022-06-13,Martinique,2.0,0
1925,2022-06-14,Martinique,2.0,3
1926,2022-06-15,Martinique,2.0,3
1927,2022-06-16,Martinique,2.0,0
1928,2022-06-17,Martinique,2.0,0
1929,2022-06-18,Martinique,2.0,7
1930,2022-06-19,Martinique,2.0,0
1931,2022-06-20,Martinique,2.0,0
1932,2022-06-21,Martinique,2.0,2
1933,2022-06-22,Martinique,2.0,3
1934,2022-06-23,Martinique,2.0,1
1935,2022-06-24,Martinique,2.0,1
1936,2022-06-25,Martinique,2.0,2
1937,2022-06-26,Martinique,2.0,0
1938,2022-06-27,Martinique,2.0,0
1939,2022-06-28,Martinique,2.0,4
1940,2022-06-29,Martinique,2.0,2
1941,2022-06-30,Martinique,2.0,0
1942,2022-07-01,Martinique,2.0,2
1943,2022-07-02,Martinique,2.0,2
1944,2022-07-03,Martinique,2.0,0
1945,2022-07-04,Martinique,2.0,0
1946,2022-07-05,Martinique,2.0,1
1947,2022-07-06,Martinique,2.0,3
1948,2022-07-07,Martinique,2.0,4
1949,2022-07-08,Martinique,2.0,1
1950,2022-07-09,Martinique,2.0,0
1951,2022-07-10,Martinique,2.0,0
1952,2022-07-11,Martinique,2.0,0
1953,2022-07-12,Martinique,2.0,0
1954,2022-07-13,Martinique,2.0,0
1955,2022-07-14,Martinique,2.0,1
1956,2022-07-15,Martinique,2.0,0
1957,2022-07-16,Martinique,2.0,2
1958,2022-07-17,Martinique,2.0,0
1959,2022-07-18,Martinique,2.0,0
1960,2022-07-19,Martinique,2.0,3
1961,2022-07-20,Martinique,2.0,2
1962,2022-07-21,Martinique,2.0,1
1963,2022-07-22,Martinique,2.0,0
1964,2022-07-23,Martinique,2.0,0
1965,2022-07-24,Martinique,2.0,0
1966,2022-07-25,Martinique,2.0,0
1967,2022-07-26,Martinique,2.0,2
1968,2022-07-27,Martinique,2.0,0
1969,2022-07-28,Martinique,2.0,0
1970,2022-07-29,Martinique,2.0,0
1971,2022-07-30,Martinique,2.0,1
1972,2022-07-31,Martinique,2.0,0
1973,2022-08-01,Martinique,2.0,0
1974,2022-08-02,Martinique,2.0,2
1975,2022-08-03,Martinique,2.0,1
1976,2022-08-04,Martinique,2.0,0
1977,2022-08-05,Martinique,2.0,0
1978,2022-08-06,Martinique,2.0,0
1979,2022-08-07,Martinique,2.0,0
1980,2022-08-08,Martinique,2.0,0
1981,2022-08-09,Martinique,2.0,1
1982,2022-08-10,Martinique,2.0,0
1983,2022-08-11,Martinique,2.0,0
1984,2022-08-12,Martinique,2.0,0
1985,2022-08-13,Martinique,2.0,0
1986,2022-08-14,Martinique,2.0,2
1987,2022-08-15,Martinique,2.0,0
1988,2022-08-16,Martinique,2.0,0
1989,2022-08-17,Martinique,2.0,3
1990,2022-08-18,Martinique,2.0,0
1991,2022-08-19,Martinique,2.0,0
1992,2022-08-20,Martinique,2.0,0
1993,2022-08-21,Martinique,2.0,0
1994,2022-08-22,Martinique,2.0,0
1995,2022-08-23,Martinique,2.0,0
1996,2022-08-24,Martinique,2.0,1
1997,2022-08-25,Martinique,2.0,0
1998,2022-08-26,Martinique,2.0,0
1999,2022-08-27,Martinique,2.0,0
2000,2022-08-28,Martinique,2.0,0
2001,2022-08-29,Martinique,2.0,0
2002,2022-08-30,Martinique,2.0,0
2003,2022-08-31,Martinique,2.0,0
2004,2022-09-01,Martinique,2.0,0
2005,2022-09-02,Martinique,2.0,0
2006,2022-09-03,Martinique,2.0,0
2007,2022-09-04,Martinique,2.0,0
2008,2022-09-05,Martinique,2.0,0
2009,2022-09-06,Martinique,2.0,0
2010,2022-09-07,Martinique,2.0,3
2011,2022-09-08,Martinique,2.0,1
2012,2022-09-09,Martinique,2.0,1
2013,2022-09-10,Martinique,2.0,0
2014,2022-09-11,Martinique,2.0,0
2015,2022-09-12,Martinique,2.0,0
2016,2022-09-13,Martinique,2.0,1
2017,2022-09-14,Martinique,2.0,0
2018,2022-09-15,Martinique,2.0,0
2019,2022-09-16,Martinique,2.0,2
2020,2022-09-17,Martinique,2.0,0
2021,2022-09-18,Martinique,2.0,0
2022,2022-09-19,Martinique,2.0,0
2023,2022-09-20,Martinique,2.0,3
2024,2022-09-21,Martinique,2.0,0
2025,2022-09-22,Martinique,2.0,0
2026,2022-09-23,Martinique,2.0,0
2027,2022-09-24,Martinique,2.0,0
2028,2022-09-25,Martinique,2.0,0
2029,2022-09-26,Martinique,2.0,0
2030,2022-09-27,Martinique,2.0,0
2031,2022-09-28,Martinique,2.0,0
2032,2022-09-29,Martinique,2.0,0
2033,2022-09-30,Martinique,2.0,0
2034,2022-10-01,Martinique,2.0,0
2035,2022-10-02,Martinique,2.0,0
2036,2022-10-03,Martinique,2.0,0
2037,2022-10-04,Martinique,2.0,0
2038,2022-10-05,Martinique,2.0,1
2039,2022-10-06,Martinique,2.0,1
2040,2022-10-07,Martinique,2.0,0
2041,2022-10-08,Martinique,2.0,0
2042,2022-10-09,Martinique,2.0,0
2043,2022-10-10,Martinique,2.0,0
2044,2022-10-11,Martinique,2.0,0
2045,2022-10-12,Martinique,2.0,0
2046,2022-10-13,Martinique,2.0,0
2047,2022-10-14,Martinique,2.0,0
2048,2022-10-15,Martinique,2.0,0
2049,2022-10-16,Martinique,2.0,0
2050,2022-10-17,Martinique,2.0,0
2051,2022-10-18,Martinique,2.0,0
2052,2022-10-19,Martinique,2.0,0
2053,2022-10-20,Martinique,2.0,0
2054,2022-10-21,Martinique,2.0,0
2055,2022-10-22,Martinique,2.0,0
2056,2022-10-23,Martinique,2.0,0
2057,2022-10-24,Martinique,2.0,0
2058,2022-10-25,Martinique,2.0,1
2059,2022-10-26,Martinique,2.0,0
2060,2022-10-27,Martinique,2.0,2
2061,2022-10-28,Martinique,2.0,0
2062,2022-10-29,Martinique,2.0,0
2063,2022-10-30,Martinique,2.0,0
2064,2022-10-31,Martinique,2.0,0
2065,2022-11-01,Martinique,2.0,1
2066,2022-11-02,Martinique,2.0,0
2067,2022-11-03,Martinique,2.0,0
2068,2022-11-04,Martinique,2.0,0
2069,2022-11-05,Martinique,2.0,0
2070,2022-11-06,Martinique,2.0,0
2071,2022-11-07,Martinique,2.0,0
2072,2022-11-08,Martinique,2.0,0
2073,2022-11-09,Martinique,2.0,0
2074,2022-11-10,Martinique,2.0,0
2075,2022-11-11,Martinique,2.0,0
2076,2022-11-12,Martinique,2.0,0
2077,2022-11-13,Martinique,2.0,0
2078,2022-11-14,Martinique,2.0,0
2079,2022-11-15,Martinique,2.0,2
2080,2022-11-16,Martinique,2.0,0
2081,2022-11-17,Martinique,2.0,0
2082,2022-11-18,Martinique,2.0,0
2083,2022-11-19,Martinique,2.0,1
2084,2022-11-20,Martinique,2.0,0
2085,2022-11-21,Martinique,2.0,0
2086,2022-11-22,Martinique,2.0,0
2087,2022-11-23,Martinique,2.0,0
2088,2022-11-24,Martinique,2.0,0
2089,2022-11-25,Martinique,2.0,1
2090,2022-11-26,Martinique,2.0,0
2091,2022-11-27,Martinique,2.0,0
2092,2022-11-28,Martinique,2.0,0
2093,2022-11-29,Martinique,2.0,0
2094,2022-11-30,Martinique,2.0,0
2095,2022-12-01,Martinique,2.0,1
2096,2022-12-02,Martinique,2.0,0
2097,2022-12-03,Martinique,2.0,0
2098,2022-12-04,Martinique,2.0,2
2099,2022-12-05,Martinique,2.0,0
2100,2022-12-06,Martinique,2.0,1
2101,2022-12-07,Martinique,2.0,0
2102,2022-12-08,Martinique,2.0,0
2103,2022-12-09,Martinique,2.0,1
2104,2022-12-10,Martinique,2.0,0
2105,2022-12-11,Martinique,2.0,0
2106,2022-12-12,Martinique,2.0,0
2107,2022-12-13,Martinique,2.0,1
2108,2022-12-14,Martinique,2.0,0
2109,2022-12-15,Martinique,2.0,0
2110,2022-12-16,Martinique,2.0,0
2111,2022-12-17,Martinique,2.0,0
2112,2022-12-18,Martinique,2.0,0
2113,2022-12-19,Martinique,2.0,0
2114,2022-12-20,Martinique,2.0,0
2115,2022-12-21,Martinique,2.0,0
2116,2022-12-22,Martinique,2.0,0
2117,2022-12-23,Martinique,2.0,0
2118,2022-12-24,Martinique,2.0,0
2119,2022-12-25,Martinique,2.0,0
2120,2022-12-26,Martinique,2.0,0
2121,2022-12-27,Martinique,2.0,0
2122,2022-12-28,Martinique,2.0,1
2123,2022-12-29,Martinique,2.0,0
2124,2022-12-30,Martinique,2.0,0
2125,2022-12-31,Martinique,2.0,0
2126,2023-01-01,Martinique,2.0,0
2127,2023-01-02,Martinique,2.0,0
2128,2023-01-03,Martinique,2.0,0
2129,2023-01-04,Martinique,2.0,0
2130,2023-01-05,Martinique,2.0,0
2131,2023-01-06,Martinique,2.0,0
2132,2023-01-07,Martinique,2.0,0
2133,2023-01-08,Martinique,2.0,0
2134,2023-01-09,Martinique,2.0,0
2135,2023-01-10,Martinique,2.0,0
2136,2023-01-11,Martinique,2.0,0
2137,2023-01-12,Martinique,2.0,0
2138,2023-01-13,Martinique,2.0,1
2139,2023-01-14,Martinique,2.0,0
2140,2023-01-15,Martinique,2.0,0
2141,2023-01-16,Martinique,2.0,0
2142,2023-01-17,Martinique,2.0,0
2143,2023-01-18,Martinique,2.0,0
2144,2023-01-19,Martinique,2.0,1
2145,2023-01-20,Martinique,2.0,0
2146,2023-01-21,Martinique,2.0,0
2147,2023-01-22,Martinique,2.0,0
2148,2023-01-23,Martinique,2.0,0
2149,2023-01-24,Martinique,2.0,1
2150,2023-01-25,Martinique,2.0,0
2151,2023-01-26,Martinique,2.0,1
2152,2023-01-27,Martinique,2.0,0
2153,2023-01-28,Martinique,2.0,0
2154,2023-01-29,Martinique,2.0,0
2155,2023-01-30,Martinique,2.0,0
2156,2023-01-31,Martinique,2.0,0
2157,2023-02-01,Martinique,2.0,0
2158,2023-02-02,Martinique,2.0,0
2159,2023-02-03,Martinique,2.0,0
2160,2023-02-04,Martinique,2.0,0
2161,2023-02-05,Martinique,2.0,0
2162,2023-02-06,Martinique,2.0,0
2163,2023-02-07,Martinique,2.0,0
2164,2023-02-08,Martinique,2.0,0
2165,2023-02-09,Martinique,2.0,0
2166,2023-02-10,Martinique,2.0,0
2167,2023-02-11,Martinique,2.0,0
2168,2023-02-12,Martinique,2.0,0
2169,2023-02-13,Martinique,2.0,0
2170,2023-02-14,Martinique,2.0,0
2171,2023-02-15,Martinique,2.0,0
2172,2023-02-16,Martinique,2.0,0
2173,2023-02-17,Martinique,2.0,0
2174,2023-02-18,Martinique,2.0,0
2175,2023-02-19,Martinique,2.0,0
2176,2023-02-20,Martinique,2.0,0
2177,2023-02-21,Martinique,2.0,0
2178,2023-02-22,Martinique,2.0,0
2179,2023-02-23,Martinique,2.0,0
2180,2023-02-24,Martinique,2.0,0
2181,2023-02-25,Martinique,2.0,0
2182,2023-02-26,Martinique,2.0,0
2183,2023-02-27,Martinique,2.0,0
2184,2023-02-28,Martinique,2.0,0
2185,2023-03-01,Martinique,2.0,0
2186,2023-03-02,Martinique,2.0,0
2187,2023-03-03,Martinique,2.0,2
2188,2023-03-04,Martinique,2.0,0
2189,2023-03-05,Martinique,2.0,0
2190,2023-03-06,Martinique,2.0,0
2191,2023-03-07,Martinique,2.0,0
2192,2023-03-08,Martinique,2.0,0
2193,2023-03-09,Martinique,2.0,0
2194,2023-03-10,Martinique,2.0,0
2195,2023-03-11,Martinique,2.0,0
2196,2023-03-12,Martinique,2.0,0
2197,2023-03-13,Martinique,2.0,0
2198,2023-03-14,Martinique,2.0,0
2199,2023-03-15,Martinique,2.0,0
2200,2023-03-16,Martinique,2.0,0
2201,2023-03-17,Martinique,2.0,0
2202,2023-03-18,Martinique,2.0,0
2203,2023-03-19,Martinique,2.0,0
2204,2023-03-20,Martinique,2.0,0
2205,2023-03-21,Martinique,2.0,1
2206,2023-03-22,Martinique,2.0,0
2207,2023-03-23,Martinique,2.0,1
2208,2023-03-24,Martinique,2.0,0
2209,2023-03-25,Martinique,2.0,0
2210,2023-03-26,Martinique,2.0,0
2211,2023-03-27,Martinique,2.0,0
2212,2023-03-28,Martinique,2.0,0
2213,2023-03-29,Martinique,2.0,0
2214,2023-03-30,Martinique,2.0,0
2215,2023-03-31,Martinique,2.0,0
2216,2020-03-19,Guyane,3.0,0
2217,2020-03-20,Guyane,3.0,0
2218,2020-03-21,Guyane,3.0,0
2219,2020-03-22,Guyane,3.0,0
2220,2020-03-23,Guyane,3.0,0
2221,2020-03-24,Guyane,3.0,0
2222,2020-03-25,Guyane,3.0,0
2223,2020-03-26,Guyane,3.0,0
2224,2020-03-27,Guyane,3.0,0
2225,2020-03-28,Guyane,3.0,0
2226,2020-03-29,Guyane,3.0,0
2227,2020-03-30,Guyane,3.0,0
2228,2020-03-31,Guyane,3.0,0
2229,2020-04-01,Guyane,3.0,0
2230,2020-04-02,Guyane,3.0,0
2231,2020-04-03,Guyane,3.0,1
2232,2020-04-04,Guyane,3.0,0
2233,2020-04-05,Guyane,3.0,0
2234,2020-04-06,Guyane,3.0,0
2235,2020-04-07,Guyane,3.0,0
2236,2020-04-08,Guyane,3.0,0
2237,2020-04-09,Guyane,3.0,0
2238,2020-04-10,Guyane,3.0,0
2239,2020-04-11,Guyane,3.0,0
2240,2020-04-12,Guyane,3.0,0
2241,2020-04-13,Guyane,3.0,0
2242,2020-04-14,Guyane,3.0,0
2243,2020-04-15,Guyane,3.0,0
2244,2020-04-16,Guyane,3.0,1
2245,2020-04-17,Guyane,3.0,1
2246,2020-04-18,Guyane,3.0,0
2247,2020-04-19,Guyane,3.0,0
2248,2020-04-20,Guyane,3.0,0
2249,2020-04-21,Guyane,3.0,0
2250,2020-04-22,Guyane,3.0,0
2251,2020-04-23,Guyane,3.0,0
2252,2020-04-24,Guyane,3.0,0
2253,2020-04-25,Guyane,3.0,0
2254,2020-04-26,Guyane,3.0,0
2255,2020-04-27,Guyane,3.0,0
2256,2020-04-28,Guyane,3.0,0
2257,2020-04-29,Guyane,3.0,0
2258,2020-04-30,Guyane,3.0,0
2259,2020-05-01,Guyane,3.0,0
2260,2020-05-02,Guyane,3.0,0
2261,2020-05-03,Guyane,3.0,0
2262,2020-05-04,Guyane,3.0,0
2263,2020-05-05,Guyane,3.0,0
2264,2020-05-06,Guyane,3.0,0
2265,2020-05-07,Guyane,3.0,0
2266,2020-05-08,Guyane,3.0,0
2267,2020-05-09,Guyane,3.0,0
2268,2020-05-10,Guyane,3.0,0
2269,2020-05-11,Guyane,3.0,0
2270,2020-05-12,Guyane,3.0,0
2271,2020-05-13,Guyane,3.0,0
2272,2020-05-14,Guyane,3.0,0
2273,2020-05-15,Guyane,3.0,0
2274,2020-05-16,Guyane,3.0,0
2275,2020-05-17,Guyane,3.0,0
2276,2020-05-18,Guyane,3.0,0
2277,2020-05-19,Guyane,3.0,0
2278,2020-05-20,Guyane,3.0,0
2279,2020-05-21,Guyane,3.0,0
2280,2020-05-22,Guyane,3.0,0
2281,2020-05-23,Guyane,3.0,0
2282,2020-05-24,Guyane,3.0,0
2283,2020-05-25,Guyane,3.0,0
2284,2020-05-26,Guyane,3.0,2
2285,2020-05-27,Guyane,3.0,0
2286,2020-05-28,Guyane,3.0,0
2287,2020-05-29,Guyane,3.0,0
2288,2020-05-30,Guyane,3.0,0
2289,2020-05-31,Guyane,3.0,0
2290,2020-06-01,Guyane,3.0,0
2291,2020-06-02,Guyane,3.0,1
2292,2020-06-03,Guyane,3.0,0
2293,2020-06-04,Guyane,3.0,0
2294,2020-06-05,Guyane,3.0,0
2295,2020-06-06,Guyane,3.0,0
2296,2020-06-07,Guyane,3.0,0
2297,2020-06-08,Guyane,3.0,0
2298,2020-06-09,Guyane,3.0,2
2299,2020-06-10,Guyane,3.0,1
2300,2020-06-11,Guyane,3.0,1
2301,2020-06-12,Guyane,3.0,0
2302,2020-06-13,Guyane,3.0,2
2303,2020-06-14,Guyane,3.0,1
2304,2020-06-15,Guyane,3.0,2
2305,2020-06-16,Guyane,3.0,1
2306,2020-06-17,Guyane,3.0,0
2307,2020-06-18,Guyane,3.0,1
2308,2020-06-19,Guyane,3.0,1
2309,2020-06-20,Guyane,3.0,2
2310,2020-06-21,Guyane,3.0,3
2311,2020-06-22,Guyane,3.0,0
2312,2020-06-23,Guyane,3.0,3
2313,2020-06-24,Guyane,3.0,2
2314,2020-06-25,Guyane,3.0,2
2315,2020-06-26,Guyane,3.0,5
2316,2020-06-27,Guyane,3.0,2
2317,2020-06-28,Guyane,3.0,2
2318,2020-06-29,Guyane,3.0,1
2319,2020-06-30,Guyane,3.0,0
2320,2020-07-01,Guyane,3.0,4
2321,2020-07-02,Guyane,3.0,5
2322,2020-07-03,Guyane,3.0,3
2323,2020-07-04,Guyane,3.0,2
2324,2020-07-05,Guyane,3.0,3
2325,2020-07-06,Guyane,3.0,2
2326,2020-07-07,Guyane,3.0,4
2327,2020-07-08,Guyane,3.0,1
2328,2020-07-09,Guyane,3.0,1
2329,2020-07-10,Guyane,3.0,2
2330,2020-07-11,Guyane,3.0,1
2331,2020-07-12,Guyane,3.0,3
2332,2020-07-13,Guyane,3.0,1
2333,2020-07-14,Guyane,3.0,4
2334,2020-07-15,Guyane,3.0,0
2335,2020-07-16,Guyane,3.0,3
2336,2020-07-17,Guyane,3.0,3
2337,2020-07-18,Guyane,3.0,1
2338,2020-07-19,Guyane,3.0,2
2339,2020-07-20,Guyane,3.0,0
2340,2020-07-21,Guyane,3.0,1
2341,2020-07-22,Guyane,3.0,2
2342,2020-07-23,Guyane,3.0,3
2343,2020-07-24,Guyane,3.0,2
2344,2020-07-25,Guyane,3.0,1
2345,2020-07-26,Guyane,3.0,1
2346,2020-07-27,Guyane,3.0,1
2347,2020-07-28,Guyane,3.0,3
2348,2020-07-29,Guyane,3.0,1
2349,2020-07-30,Guyane,3.0,3
2350,2020-07-31,Guyane,3.0,1
2351,2020-08-01,Guyane,3.0,0
2352,2020-08-02,Guyane,3.0,0
2353,2020-08-03,Guyane,3.0,2
2354,2020-08-04,Guyane,3.0,0
2355,2020-08-05,Guyane,3.0,0
2356,2020-08-06,Guyane,3.0,0
2357,2020-08-07,Guyane,3.0,0
2358,2020-08-08,Guyane,3.0,0
2359,2020-08-09,Guyane,3.0,1
2360,2020-08-10,Guyane,3.0,2
2361,2020-08-11,Guyane,3.0,0
2362,2020-08-12,Guyane,3.0,1
2363,2020-08-13,Guyane,3.0,0
2364,2020-08-14,Guyane,3.0,1
2365,2020-08-15,Guyane,3.0,2
2366,2020-08-16,Guyane,3.0,2
2367,2020-08-17,Guyane,3.0,0
2368,2020-08-18,Guyane,3.0,0
2369,2020-08-19,Guyane,3.0,1
2370,2020-08-20,Guyane,3.0,0
2371,2020-08-21,Guyane,3.0,3
2372,2020-08-22,Guyane,3.0,0
2373,2020-08-23,Guyane,3.0,0
2374,2020-08-24,Guyane,3.0,0
2375,2020-08-25,Guyane,3.0,2
2376,2020-08-26,Guyane,3.0,0
2377,2020-08-27,Guyane,3.0,1
2378,2020-08-28,Guyane,3.0,2
2379,2020-08-29,Guyane,3.0,0
2380,2020-08-30,Guyane,3.0,0
2381,2020-08-31,Guyane,3.0,0
2382,2020-09-01,Guyane,3.0,1
2383,2020-09-02,Guyane,3.0,0
2384,2020-09-03,Guyane,3.0,2
2385,2020-09-04,Guyane,3.0,0
2386,2020-09-05,Guyane,3.0,2
2387,2020-09-06,Guyane,3.0,0
2388,2020-09-07,Guyane,3.0,2
2389,2020-09-08,Guyane,3.0,1
2390,2020-09-09,Guyane,3.0,1
2391,2020-09-10,Guyane,3.0,0
2392,2020-09-11,Guyane,3.0,0
2393,2020-09-12,Guyane,3.0,0
2394,2020-09-13,Guyane,3.0,0
2395,2020-09-14,Guyane,3.0,1
2396,2020-09-15,Guyane,3.0,1
2397,2020-09-16,Guyane,3.0,2
2398,2020-09-17,Guyane,3.0,0
2399,2020-09-18,Guyane,3.0,0
2400,2020-09-19,Guyane,3.0,0
2401,2020-09-20,Guyane,3.0,0
2402,2020-09-21,Guyane,3.0,0
2403,2020-09-22,Guyane,3.0,0
2404,2020-09-23,Guyane,3.0,2
2405,2020-09-24,Guyane,3.0,2
2406,2020-09-25,Guyane,3.0,0
2407,2020-09-26,Guyane,3.0,1
2408,2020-09-27,Guyane,3.0,0
2409,2020-09-28,Guyane,3.0,0
2410,2020-09-29,Guyane,3.0,1
2411,2020-09-30,Guyane,3.0,0
2412,2020-10-01,Guyane,3.0,0
2413,2020-10-02,Guyane,3.0,0
2414,2020-10-03,Guyane,3.0,0
2415,2020-10-04,Guyane,3.0,0
2416,2020-10-05,Guyane,3.0,1
2417,2020-10-06,Guyane,3.0,3
2418,2020-10-07,Guyane,3.0,0
2419,2020-10-08,Guyane,3.0,0
2420,2020-10-09,Guyane,3.0,0
2421,2020-10-10,Guyane,3.0,1
2422,2020-10-11,Guyane,3.0,0
2423,2020-10-12,Guyane,3.0,0
2424,2020-10-13,Guyane,3.0,0
2425,2020-10-14,Guyane,3.0,0
2426,2020-10-15,Guyane,3.0,0
2427,2020-10-16,Guyane,3.0,0
2428,2020-10-17,Guyane,3.0,0
2429,2020-10-18,Guyane,3.0,0
2430,2020-10-19,Guyane,3.0,0
2431,2020-10-20,Guyane,3.0,0
2432,2020-10-21,Guyane,3.0,1
2433,2020-10-22,Guyane,3.0,0
2434,2020-10-23,Guyane,3.0,0
2435,2020-10-24,Guyane,3.0,1
2436,2020-10-25,Guyane,3.0,0
2437,2020-10-26,Guyane,3.0,0
2438,2020-10-27,Guyane,3.0,1
2439,2020-10-28,Guyane,3.0,0
2440,2020-10-29,Guyane,3.0,0
2441,2020-10-30,Guyane,3.0,0
2442,2020-10-31,Guyane,3.0,0
2443,2020-11-01,Guyane,3.0,0
2444,2020-11-02,Guyane,3.0,0
2445,2020-11-03,Guyane,3.0,0
2446,2020-11-04,Guyane,3.0,1
2447,2020-11-05,Guyane,3.0,0
2448,2020-11-06,Guyane,3.0,0
2449,2020-11-07,Guyane,3.0,0
2450,2020-11-08,Guyane,3.0,0
2451,2020-11-09,Guyane,3.0,0
2452,2020-11-10,Guyane,3.0,0
2453,2020-11-11,Guyane,3.0,0
2454,2020-11-12,Guyane,3.0,0
2455,2020-11-13,Guyane,3.0,0
2456,2020-11-14,Guyane,3.0,0
2457,2020-11-15,Guyane,3.0,0
2458,2020-11-16,Guyane,3.0,0
2459,2020-11-17,Guyane,3.0,0
2460,2020-11-18,Guyane,3.0,0
2461,2020-11-19,Guyane,3.0,0
2462,2020-11-20,Guyane,3.0,0
2463,2020-11-21,Guyane,3.0,0
2464,2020-11-22,Guyane,3.0,0
2465,2020-11-23,Guyane,3.0,1
2466,2020-11-24,Guyane,3.0,0
2467,2020-11-25,Guyane,3.0,0
2468,2020-11-26,Guyane,3.0,0
2469,2020-11-27,Guyane,3.0,0
2470,2020-11-28,Guyane,3.0,0
2471,2020-11-29,Guyane,3.0,0
2472,2020-11-30,Guyane,3.0,0
2473,2020-12-01,Guyane,3.0,0
2474,2020-12-02,Guyane,3.0,0
2475,2020-12-03,Guyane,3.0,0
2476,2020-12-04,Guyane,3.0,0
2477,2020-12-05,Guyane,3.0,0
2478,2020-12-06,Guyane,3.0,0
2479,2020-12-07,Guyane,3.0,0
2480,2020-12-08,Guyane,3.0,0
2481,2020-12-09,Guyane,3.0,0
2482,2020-12-10,Guyane,3.0,0
2483,2020-12-11,Guyane,3.0,0
2484,2020-12-12,Guyane,3.0,0
2485,2020-12-13,Guyane,3.0,0
2486,2020-12-14,Guyane,3.0,0
2487,2020-12-15,Guyane,3.0,2
2488,2020-12-16,Guyane,3.0,1
2489,2020-12-17,Guyane,3.0,1
2490,2020-12-18,Guyane,3.0,1
2491,2020-12-19,Guyane,3.0,0
2492,2020-12-20,Guyane,3.0,0
2493,2020-12-21,Guyane,3.0,0
2494,2020-12-22,Guyane,3.0,1
2495,2020-12-23,Guyane,3.0,1
2496,2020-12-24,Guyane,3.0,1
2497,2020-12-25,Guyane,3.0,0
2498,2020-12-26,Guyane,3.0,0
2499,2020-12-27,Guyane,3.0,1
2500,2020-12-28,Guyane,3.0,0
2501,2020-12-29,Guyane,3.0,0
2502,2020-12-30,Guyane,3.0,0
2503,2020-12-31,Guyane,3.0,0
2504,2021-01-01,Guyane,3.0,1
2505,2021-01-02,Guyane,3.0,0
2506,2021-01-03,Guyane,3.0,1
2507,2021-01-04,Guyane,3.0,0
2508,2021-01-05,Guyane,3.0,0
2509,2021-01-06,Guyane,3.0,0
2510,2021-01-07,Guyane,3.0,0
2511,2021-01-08,Guyane,3.0,0
2512,2021-01-09,Guyane,3.0,1
2513,2021-01-10,Guyane,3.0,0
2514,2021-01-11,Guyane,3.0,1
2515,2021-01-12,Guyane,3.0,0
2516,2021-01-13,Guyane,3.0,0
2517,2021-01-14,Guyane,3.0,1
2518,2021-01-15,Guyane,3.0,1
2519,2021-01-16,Guyane,3.0,0
2520,2021-01-17,Guyane,3.0,3
2521,2021-01-18,Guyane,3.0,1
2522,2021-01-19,Guyane,3.0,3
2523,2021-01-20,Guyane,3.0,1
2524,2021-01-21,Guyane,3.0,3
2525,2021-01-22,Guyane,3.0,0
2526,2021-01-23,Guyane,3.0,0
2527,2021-01-24,Guyane,3.0,0
2528,2021-01-25,Guyane,3.0,2
2529,2021-01-26,Guyane,3.0,5
2530,2021-01-27,Guyane,3.0,3
2531,2021-01-28,Guyane,3.0,1
2532,2021-01-29,Guyane,3.0,0
2533,2021-01-30,Guyane,3.0,0
2534,2021-01-31,Guyane,3.0,2
2535,2021-02-01,Guyane,3.0,0
2536,2021-02-02,Guyane,3.0,2
2537,2021-02-03,Guyane,3.0,0
2538,2021-02-04,Guyane,3.0,0
2539,2021-02-05,Guyane,3.0,0
2540,2021-02-06,Guyane,3.0,0
2541,2021-02-07,Guyane,3.0,0
2542,2021-02-08,Guyane,3.0,1
2543,2021-02-09,Guyane,3.0,1
2544,2021-02-10,Guyane,3.0,1
2545,2021-02-11,Guyane,3.0,0
2546,2021-02-12,Guyane,3.0,0
2547,2021-02-13,Guyane,3.0,0
2548,2021-02-14,Guyane,3.0,0
2549,2021-02-15,Guyane,3.0,0
2550,2021-02-16,Guyane,3.0,0
2551,2021-02-17,Guyane,3.0,1
2552,2021-02-18,Guyane,3.0,0
2553,2021-02-19,Guyane,3.0,0
2554,2021-02-20,Guyane,3.0,0
2555,2021-02-21,Guyane,3.0,0
2556,2021-02-22,Guyane,3.0,2
2557,2021-02-23,Guyane,3.0,1
2558,2021-02-24,Guyane,3.0,0
2559,2021-02-25,Guyane,3.0,0
2560,2021-02-26,Guyane,3.0,0
2561,2021-02-27,Guyane,3.0,0
2562,2021-02-28,Guyane,3.0,0
2563,2021-03-01,Guyane,3.0,0
2564,2021-03-02,Guyane,3.0,0
2565,2021-03-03,Guyane,3.0,0
2566,2021-03-04,Guyane,3.0,0
2567,2021-03-05,Guyane,3.0,1
2568,2021-03-06,Guyane,3.0,0
2569,2021-03-07,Guyane,3.0,0
2570,2021-03-08,Guyane,3.0,0
2571,2021-03-09,Guyane,3.0,0
2572,2021-03-10,Guyane,3.0,0
2573,2021-03-11,Guyane,3.0,0
2574,2021-03-12,Guyane,3.0,2
2575,2021-03-13,Guyane,3.0,1
2576,2021-03-14,Guyane,3.0,0
2577,2021-03-15,Guyane,3.0,1
2578,2021-03-16,Guyane,3.0,1
2579,2021-03-17,Guyane,3.0,0
2580,2021-03-18,Guyane,3.0,2
2581,2021-03-19,Guyane,3.0,0
2582,2021-03-20,Guyane,3.0,0
2583,2021-03-21,Guyane,3.0,0
2584,2021-03-22,Guyane,3.0,1
2585,2021-03-23,Guyane,3.0,0
2586,2021-03-24,Guyane,3.0,0
2587,2021-03-25,Guyane,3.0,0
2588,2021-03-26,Guyane,3.0,1
2589,2021-03-27,Guyane,3.0,0
2590,2021-03-28,Guyane,3.0,1
2591,2021-03-29,Guyane,3.0,2
2592,2021-03-30,Guyane,3.0,0
2593,2021-03-31,Guyane,3.0,0
2594,2021-04-01,Guyane,3.0,1
2595,2021-04-02,Guyane,3.0,1
2596,2021-04-03,Guyane,3.0,0
2597,2021-04-04,Guyane,3.0,0
2598,2021-04-05,Guyane,3.0,0
2599,2021-04-06,Guyane,3.0,3
2600,2021-04-07,Guyane,3.0,1
2601,2021-04-08,Guyane,3.0,2
2602,2021-04-09,Guyane,3.0,0
2603,2021-04-10,Guyane,3.0,0
2604,2021-04-11,Guyane,3.0,0
2605,2021-04-12,Guyane,3.0,1
2606,2021-04-13,Guyane,3.0,3
2607,2021-04-14,Guyane,3.0,0
2608,2021-04-15,Guyane,3.0,2
2609,2021-04-16,Guyane,3.0,1
2610,2021-04-17,Guyane,3.0,0
2611,2021-04-18,Guyane,3.0,0
2612,2021-04-19,Guyane,3.0,3
2613,2021-04-20,Guyane,3.0,1
2614,2021-04-21,Guyane,3.0,0
2615,2021-04-22,Guyane,3.0,1
2616,2021-04-23,Guyane,3.0,6
2617,2021-04-24,Guyane,3.0,0
2618,2021-04-25,Guyane,3.0,2
2619,2021-04-26,Guyane,3.0,1
2620,2021-04-27,Guyane,3.0,3
2621,2021-04-28,Guyane,3.0,2
2622,2021-04-29,Guyane,3.0,1
2623,2021-04-30,Guyane,3.0,1
2624,2021-05-01,Guyane,3.0,3
2625,2021-05-02,Guyane,3.0,1
2626,2021-05-03,Guyane,3.0,3
2627,2021-05-04,Guyane,3.0,1
2628,2021-05-05,Guyane,3.0,2
2629,2021-05-06,Guyane,3.0,1
2630,2021-05-07,Guyane,3.0,3
2631,2021-05-08,Guyane,3.0,2
2632,2021-05-09,Guyane,3.0,0
2633,2021-05-10,Guyane,3.0,5
2634,2021-05-11,Guyane,3.0,4
2635,2021-05-12,Guyane,3.0,1
2636,2021-05-13,Guyane,3.0,2
2637,2021-05-14,Guyane,3.0,2
2638,2021-05-15,Guyane,3.0,4
2639,2021-05-16,Guyane,3.0,1
2640,2021-05-17,Guyane,3.0,1
2641,2021-05-18,Guyane,3.0,4
2642,2021-05-19,Guyane,3.0,3
2643,2021-05-20,Guyane,3.0,4
2644,2021-05-21,Guyane,3.0,5
2645,2021-05-22,Guyane,3.0,2
2646,2021-05-23,Guyane,3.0,0
2647,2021-05-24,Guyane,3.0,1
2648,2021-05-25,Guyane,3.0,3
2649,2021-05-26,Guyane,3.0,3
2650,2021-05-27,Guyane,3.0,4
2651,2021-05-28,Guyane,3.0,3
2652,2021-05-29,Guyane,3.0,0
2653,2021-05-30,Guyane,3.0,3
2654,2021-05-31,Guyane,3.0,2
2655,2021-06-01,Guyane,3.0,4
2656,2021-06-02,Guyane,3.0,0
2657,2021-06-03,Guyane,3.0,4
2658,2021-06-04,Guyane,3.0,1
2659,2021-06-05,Guyane,3.0,4
2660,2021-06-06,Guyane,3.0,2
2661,2021-06-07,Guyane,3.0,4
2662,2021-06-08,Guyane,3.0,6
2663,2021-06-09,Guyane,3.0,3
2664,2021-06-10,Guyane,3.0,1
2665,2021-06-11,Guyane,3.0,5
2666,2021-06-12,Guyane,3.0,2
2667,2021-06-13,Guyane,3.0,4
2668,2021-06-14,Guyane,3.0,1
2669,2021-06-15,Guyane,3.0,5
2670,2021-06-16,Guyane,3.0,2
2671,2021-06-17,Guyane,3.0,2
2672,2021-06-18,Guyane,3.0,4
2673,2021-06-19,Guyane,3.0,1
2674,2021-06-20,Guyane,3.0,3
2675,2021-06-21,Guyane,3.0,1
2676,2021-06-22,Guyane,3.0,7
2677,2021-06-23,Guyane,3.0,0
2678,2021-06-24,Guyane,3.0,2
2679,2021-06-25,Guyane,3.0,2
2680,2021-06-26,Guyane,3.0,1
2681,2021-06-27,Guyane,3.0,3
2682,2021-06-28,Guyane,3.0,2
2683,2021-06-29,Guyane,3.0,6
2684,2021-06-30,Guyane,3.0,2
2685,2021-07-01,Guyane,3.0,3
2686,2021-07-02,Guyane,3.0,3
2687,2021-07-03,Guyane,3.0,1
2688,2021-07-04,Guyane,3.0,3
2689,2021-07-05,Guyane,3.0,0
2690,2021-07-06,Guyane,3.0,4
2691,2021-07-07,Guyane,3.0,3
2692,2021-07-08,Guyane,3.0,6
2693,2021-07-09,Guyane,3.0,1
2694,2021-07-10,Guyane,3.0,3
2695,2021-07-11,Guyane,3.0,2
2696,2021-07-12,Guyane,3.0,2
2697,2021-07-13,Guyane,3.0,2
2698,2021-07-14,Guyane,3.0,5
2699,2021-07-15,Guyane,3.0,2
2700,2021-07-16,Guyane,3.0,1
2701,2021-07-17,Guyane,3.0,1
2702,2021-07-18,Guyane,3.0,2
2703,2021-07-19,Guyane,3.0,3
2704,2021-07-20,Guyane,3.0,1
2705,2021-07-21,Guyane,3.0,5
2706,2021-07-22,Guyane,3.0,0
2707,2021-07-23,Guyane,3.0,7
2708,2021-07-24,Guyane,3.0,2
2709,2021-07-25,Guyane,3.0,3
2710,2021-07-26,Guyane,3.0,3
2711,2021-07-27,Guyane,3.0,7
2712,2021-07-28,Guyane,3.0,3
2713,2021-07-29,Guyane,3.0,0
2714,2021-07-30,Guyane,3.0,5
2715,2021-07-31,Guyane,3.0,0
2716,2021-08-01,Guyane,3.0,1
2717,2021-08-02,Guyane,3.0,4
2718,2021-08-03,Guyane,3.0,2
2719,2021-08-04,Guyane,3.0,5
2720,2021-08-05,Guyane,3.0,0
2721,2021-08-06,Guyane,3.0,2
2722,2021-08-07,Guyane,3.0,3
2723,2021-08-08,Guyane,3.0,2
2724,2021-08-09,Guyane,3.0,0
2725,2021-08-10,Guyane,3.0,2
2726,2021-08-11,Guyane,3.0,2
2727,2021-08-12,Guyane,3.0,2
2728,2021-08-13,Guyane,3.0,2
2729,2021-08-14,Guyane,3.0,0
2730,2021-08-15,Guyane,3.0,1
2731,2021-08-16,Guyane,3.0,0
2732,2021-08-17,Guyane,3.0,2
2733,2021-08-18,Guyane,3.0,5
2734,2021-08-19,Guyane,3.0,2
2735,2021-08-20,Guyane,3.0,1
2736,2021-08-21,Guyane,3.0,3
2737,2021-08-22,Guyane,3.0,3
2738,2021-08-23,Guyane,3.0,2
2739,2021-08-24,Guyane,3.0,3
2740,2021-08-25,Guyane,3.0,1
2741,2021-08-26,Guyane,3.0,1
2742,2021-08-27,Guyane,3.0,2
2743,2021-08-28,Guyane,3.0,2
2744,2021-08-29,Guyane,3.0,1
2745,2021-08-30,Guyane,3.0,2
2746,2021-08-31,Guyane,3.0,1
2747,2021-09-01,Guyane,3.0,2
2748,2021-09-02,Guyane,3.0,2
2749,2021-09-03,Guyane,3.0,1
2750,2021-09-04,Guyane,3.0,1
2751,2021-09-05,Guyane,3.0,3
2752,2021-09-06,Guyane,3.0,0
2753,2021-09-07,Guyane,3.0,6
2754,2021-09-08,Guyane,3.0,2
2755,2021-09-09,Guyane,3.0,3
2756,2021-09-10,Guyane,3.0,3
2757,2021-09-11,Guyane,3.0,2
2758,2021-09-12,Guyane,3.0,1
2759,2021-09-13,Guyane,3.0,0
2760,2021-09-14,Guyane,3.0,7
2761,2021-09-15,Guyane,3.0,4
2762,2021-09-16,Guyane,3.0,3
2763,2021-09-17,Guyane,3.0,4
2764,2021-09-18,Guyane,3.0,3
2765,2021-09-19,Guyane,3.0,3
2766,2021-09-20,Guyane,3.0,3
2767,2021-09-21,Guyane,3.0,3
2768,2021-09-22,Guyane,3.0,4
2769,2021-09-23,Guyane,3.0,3
2770,2021-09-24,Guyane,3.0,2
2771,2021-09-25,Guyane,3.0,1
2772,2021-09-26,Guyane,3.0,2
2773,2021-09-27,Guyane,3.0,6
2774,2021-09-28,Guyane,3.0,7
2775,2021-09-29,Guyane,3.0,4
2776,2021-09-30,Guyane,3.0,6
2777,2021-10-01,Guyane,3.0,0
2778,2021-10-02,Guyane,3.0,2
2779,2021-10-03,Guyane,3.0,2
2780,2021-10-04,Guyane,3.0,4
2781,2021-10-05,Guyane,3.0,5
2782,2021-10-06,Guyane,3.0,1
2783,2021-10-07,Guyane,3.0,1
2784,2021-10-08,Guyane,3.0,3
2785,2021-10-09,Guyane,3.0,1
2786,2021-10-10,Guyane,3.0,2
2787,2021-10-11,Guyane,3.0,2
2788,2021-10-12,Guyane,3.0,2
2789,2021-10-13,Guyane,3.0,3
2790,2021-10-14,Guyane,3.0,1
2791,2021-10-15,Guyane,3.0,2
2792,2021-10-16,Guyane,3.0,1
2793,2021-10-17,Guyane,3.0,0
2794,2021-10-18,Guyane,3.0,2
2795,2021-10-19,Guyane,3.0,1
2796,2021-10-20,Guyane,3.0,0
2797,2021-10-21,Guyane,3.0,1
2798,2021-10-22,Guyane,3.0,1
2799,2021-10-23,Guyane,3.0,1
2800,2021-10-24,Guyane,3.0,4
2801,2021-10-25,Guyane,3.0,1
2802,2021-10-26,Guyane,3.0,6
2803,2021-10-27,Guyane,3.0,0
2804,2021-10-28,Guyane,3.0,1
2805,2021-10-29,Guyane,3.0,2
2806,2021-10-30,Guyane,3.0,0
2807,2021-10-31,Guyane,3.0,2
2808,2021-11-01,Guyane,3.0,2
2809,2021-11-02,Guyane,3.0,0
2810,2021-11-03,Guyane,3.0,0
2811,2021-11-04,Guyane,3.0,1
2812,2021-11-05,Guyane,3.0,1
2813,2021-11-06,Guyane,3.0,1
2814,2021-11-07,Guyane,3.0,0
2815,2021-11-08,Guyane,3.0,0
2816,2021-11-09,Guyane,3.0,2
2817,2021-11-10,Guyane,3.0,2
2818,2021-11-11,Guyane,3.0,0
2819,2021-11-12,Guyane,3.0,0
2820,2021-11-13,Guyane,3.0,0
2821,2021-11-14,Guyane,3.0,0
2822,2021-11-15,Guyane,3.0,0
2823,2021-11-16,Guyane,3.0,1
2824,2021-11-17,Guyane,3.0,0
2825,2021-11-18,Guyane,3.0,0
2826,2021-11-19,Guyane,3.0,1
2827,2021-11-20,Guyane,3.0,0
2828,2021-11-21,Guyane,3.0,0
2829,2021-11-22,Guyane,3.0,1
2830,2021-11-23,Guyane,3.0,0
2831,2021-11-24,Guyane,3.0,1
2832,2021-11-25,Guyane,3.0,0
2833,2021-11-26,Guyane,3.0,1
2834,2021-11-27,Guyane,3.0,0
2835,2021-11-28,Guyane,3.0,0
2836,2021-11-29,Guyane,3.0,0
2837,2021-11-30,Guyane,3.0,0
2838,2021-12-01,Guyane,3.0,1
2839,2021-12-02,Guyane,3.0,0
2840,2021-12-03,Guyane,3.0,0
2841,2021-12-04,Guyane,3.0,1
2842,2021-12-05,Guyane,3.0,0
2843,2021-12-06,Guyane,3.0,0
2844,2021-12-07,Guyane,3.0,0
2845,2021-12-08,Guyane,3.0,3
2846,2021-12-09,Guyane,3.0,0
2847,2021-12-10,Guyane,3.0,0
2848,2021-12-11,Guyane,3.0,0
2849,2021-12-12,Guyane,3.0,0
2850,2021-12-13,Guyane,3.0,0
2851,2021-12-14,Guyane,3.0,0
2852,2021-12-15,Guyane,3.0,0
2853,2021-12-16,Guyane,3.0,2
2854,2021-12-17,Guyane,3.0,1
2855,2021-12-18,Guyane,3.0,1
2856,2021-12-19,Guyane,3.0,0
2857,2021-12-20,Guyane,3.0,1
2858,2021-12-21,Guyane,3.0,1
2859,2021-12-22,Guyane,3.0,1
2860,2021-12-23,Guyane,3.0,0
2861,2021-12-24,Guyane,3.0,0
2862,2021-12-25,Guyane,3.0,1
2863,2021-12-26,Guyane,3.0,1
2864,2021-12-27,Guyane,3.0,2
2865,2021-12-28,Guyane,3.0,2
2866,2021-12-29,Guyane,3.0,3
2867,2021-12-30,Guyane,3.0,2
2868,2021-12-31,Guyane,3.0,0
2869,2022-01-01,Guyane,3.0,0
2870,2022-01-02,Guyane,3.0,0
2871,2022-01-03,Guyane,3.0,0
2872,2022-01-04,Guyane,3.0,1
2873,2022-01-05,Guyane,3.0,2
2874,2022-01-06,Guyane,3.0,0
2875,2022-01-07,Guyane,3.0,0
2876,2022-01-08,Guyane,3.0,2
2877,2022-01-09,Guyane,3.0,1
2878,2022-01-10,Guyane,3.0,1
2879,2022-01-11,Guyane,3.0,2
2880,2022-01-12,Guyane,3.0,3
2881,2022-01-13,Guyane,3.0,5
2882,2022-01-14,Guyane,3.0,3
2883,2022-01-15,Guyane,3.0,3
2884,2022-01-16,Guyane,3.0,0
2885,2022-01-17,Guyane,3.0,2
2886,2022-01-18,Guyane,3.0,1
2887,2022-01-19,Guyane,3.0,3
2888,2022-01-20,Guyane,3.0,3
2889,2022-01-21,Guyane,3.0,2
2890,2022-01-22,Guyane,3.0,1
2891,2022-01-23,Guyane,3.0,2
2892,2022-01-24,Guyane,3.0,1
2893,2022-01-25,Guyane,3.0,2
2894,2022-01-26,Guyane,3.0,2
2895,2022-01-27,Guyane,3.0,1
2896,2022-01-28,Guyane,3.0,2
2897,2022-01-29,Guyane,3.0,0
2898,2022-01-30,Guyane,3.0,2
2899,2022-01-31,Guyane,3.0,1
2900,2022-02-01,Guyane,3.0,2
2901,2022-02-02,Guyane,3.0,1
2902,2022-02-03,Guyane,3.0,1
2903,2022-02-04,Guyane,3.0,0
2904,2022-02-05,Guyane,3.0,1
2905,2022-02-06,Guyane,3.0,1
2906,2022-02-07,Guyane,3.0,1
2907,2022-02-08,Guyane,3.0,1
2908,2022-02-09,Guyane,3.0,1
2909,2022-02-10,Guyane,3.0,2
2910,2022-02-11,Guyane,3.0,0
2911,2022-02-12,Guyane,3.0,0
2912,2022-02-13,Guyane,3.0,0
2913,2022-02-14,Guyane,3.0,0
2914,2022-02-15,Guyane,3.0,1
2915,2022-02-16,Guyane,3.0,0
2916,2022-02-17,Guyane,3.0,0
2917,2022-02-18,Guyane,3.0,0
2918,2022-02-19,Guyane,3.0,0
2919,2022-02-20,Guyane,3.0,0
2920,2022-02-21,Guyane,3.0,0
2921,2022-02-22,Guyane,3.0,0
2922,2022-02-23,Guyane,3.0,0
2923,2022-02-24,Guyane,3.0,1
2924,2022-02-25,Guyane,3.0,0
2925,2022-02-26,Guyane,3.0,0
2926,2022-02-27,Guyane,3.0,0
2927,2022-02-28,Guyane,3.0,0
2928,2022-03-01,Guyane,3.0,0
2929,2022-03-02,Guyane,3.0,1
2930,2022-03-03,Guyane,3.0,0
2931,2022-03-04,Guyane,3.0,0
2932,2022-03-05,Guyane,3.0,0
2933,2022-03-06,Guyane,3.0,0
2934,2022-03-07,Guyane,3.0,0
2935,2022-03-08,Guyane,3.0,0
2936,2022-03-09,Guyane,3.0,0
2937,2022-03-10,Guyane,3.0,0
2938,2022-03-11,Guyane,3.0,0
2939,2022-03-12,Guyane,3.0,0
2940,2022-03-13,Guyane,3.0,0
2941,2022-03-14,Guyane,3.0,0
2942,2022-03-15,Guyane,3.0,0
2943,2022-03-16,Guyane,3.0,0
2944,2022-03-17,Guyane,3.0,1
2945,2022-03-18,Guyane,3.0,0
2946,2022-03-19,Guyane,3.0,0
2947,2022-03-20,Guyane,3.0,0
2948,2022-03-21,Guyane,3.0,1
2949,2022-03-22,Guyane,3.0,1
2950,2022-03-23,Guyane,3.0,0
2951,2022-03-24,Guyane,3.0,0
2952,2022-03-25,Guyane,3.0,0
2953,2022-03-26,Guyane,3.0,0
2954,2022-03-27,Guyane,3.0,0
2955,2022-03-28,Guyane,3.0,0
2956,2022-03-29,Guyane,3.0,0
2957,2022-03-30,Guyane,3.0,0
2958,2022-03-31,Guyane,3.0,0
2959,2022-04-01,Guyane,3.0,0
2960,2022-04-02,Guyane,3.0,0
2961,2022-04-03,Guyane,3.0,0
2962,2022-04-04,Guyane,3.0,0
2963,2022-04-05,Guyane,3.0,0
2964,2022-04-06,Guyane,3.0,0
2965,2022-04-07,Guyane,3.0,0
2966,2022-04-08,Guyane,3.0,1
2967,2022-04-09,Guyane,3.0,0
2968,2022-04-10,Guyane,3.0,0
2969,2022-04-11,Guyane,3.0,0
2970,2022-04-12,Guyane,3.0,0
2971,2022-04-13,Guyane,3.0,0
2972,2022-04-14,Guyane,3.0,0
2973,2022-04-15,Guyane,3.0,0
2974,2022-04-16,Guyane,3.0,0
2975,2022-04-17,Guyane,3.0,0
2976,2022-04-18,Guyane,3.0,0
2977,2022-04-19,Guyane,3.0,0
2978,2022-04-20,Guyane,3.0,0
2979,2022-04-21,Guyane,3.0,0
2980,2022-04-22,Guyane,3.0,1
2981,2022-04-23,Guyane,3.0,0
2982,2022-04-24,Guyane,3.0,0
2983,2022-04-25,Guyane,3.0,0
2984,2022-04-26,Guyane,3.0,0
2985,2022-04-27,Guyane,3.0,0
2986,2022-04-28,Guyane,3.0,0
2987,2022-04-29,Guyane,3.0,0
2988,2022-04-30,Guyane,3.0,0
2989,2022-05-01,Guyane,3.0,0
2990,2022-05-02,Guyane,3.0,0
2991,2022-05-03,Guyane,3.0,0
2992,2022-05-04,Guyane,3.0,0
2993,2022-05-05,Guyane,3.0,0
2994,2022-05-06,Guyane,3.0,0
2995,2022-05-07,Guyane,3.0,0
2996,2022-05-08,Guyane,3.0,0
2997,2022-05-09,Guyane,3.0,0
2998,2022-05-10,Guyane,3.0,0
2999,2022-05-11,Guyane,3.0,0
3000,2022-05-12,Guyane,3.0,0
3001,2022-05-13,Guyane,3.0,1
3002,2022-05-14,Guyane,3.0,0
3003,2022-05-15,Guyane,3.0,0
3004,2022-05-16,Guyane,3.0,0
3005,2022-05-17,Guyane,3.0,0
3006,2022-05-18,Guyane,3.0,0
3007,2022-05-19,Guyane,3.0,0
3008,2022-05-20,Guyane,3.0,0
3009,2022-05-21,Guyane,3.0,0
3010,2022-05-22,Guyane,3.0,0
3011,2022-05-23,Guyane,3.0,0
3012,2022-05-24,Guyane,3.0,0
3013,2022-05-25,Guyane,3.0,0
3014,2022-05-26,Guyane,3.0,0
3015,2022-05-27,Guyane,3.0,0
3016,2022-05-28,Guyane,3.0,2
3017,2022-05-29,Guyane,3.0,0
3018,2022-05-30,Guyane,3.0,0
3019,2022-05-31,Guyane,3.0,0
3020,2022-06-01,Guyane,3.0,0
3021,2022-06-02,Guyane,3.0,0
3022,2022-06-03,Guyane,3.0,0
3023,2022-06-04,Guyane,3.0,0
3024,2022-06-05,Guyane,3.0,0
3025,2022-06-06,Guyane,3.0,0
3026,2022-06-07,Guyane,3.0,0
3027,2022-06-08,Guyane,3.0,0
3028,2022-06-09,Guyane,3.0,0
3029,2022-06-10,Guyane,3.0,0
3030,2022-06-11,Guyane,3.0,0
3031,2022-06-12,Guyane,3.0,1
3032,2022-06-13,Guyane,3.0,1
3033,2022-06-14,Guyane,3.0,1
3034,2022-06-15,Guyane,3.0,0
3035,2022-06-16,Guyane,3.0,0
3036,2022-06-17,Guyane,3.0,0
3037,2022-06-18,Guyane,3.0,0
3038,2022-06-19,Guyane,3.0,0
3039,2022-06-20,Guyane,3.0,0
3040,2022-06-21,Guyane,3.0,1
3041,2022-06-22,Guyane,3.0,1
3042,2022-06-23,Guyane,3.0,1
3043,2022-06-24,Guyane,3.0,1
3044,2022-06-25,Guyane,3.0,0
3045,2022-06-26,Guyane,3.0,0
3046,2022-06-27,Guyane,3.0,0
3047,2022-06-28,Guyane,3.0,0
3048,2022-06-29,Guyane,3.0,0
3049,2022-06-30,Guyane,3.0,1
3050,2022-07-01,Guyane,3.0,0
3051,2022-07-02,Guyane,3.0,0
3052,2022-07-03,Guyane,3.0,2
3053,2022-07-04,Guyane,3.0,0
3054,2022-07-05,Guyane,3.0,2
3055,2022-07-06,Guyane,3.0,0
3056,2022-07-07,Guyane,3.0,0
3057,2022-07-08,Guyane,3.0,3
3058,2022-07-09,Guyane,3.0,0
3059,2022-07-10,Guyane,3.0,0
3060,2022-07-11,Guyane,3.0,0
3061,2022-07-12,Guyane,3.0,1
3062,2022-07-13,Guyane,3.0,0
3063,2022-07-14,Guyane,3.0,0
3064,2022-07-15,Guyane,3.0,1
3065,2022-07-16,Guyane,3.0,1
3066,2022-07-17,Guyane,3.0,0
3067,2022-07-18,Guyane,3.0,0
3068,2022-07-19,Guyane,3.0,0
3069,2022-07-20,Guyane,3.0,1
3070,2022-07-21,Guyane,3.0,0
3071,2022-07-22,Guyane,3.0,0
3072,2022-07-23,Guyane,3.0,0
3073,2022-07-24,Guyane,3.0,0
3074,2022-07-25,Guyane,3.0,1
3075,2022-07-26,Guyane,3.0,1
3076,2022-07-27,Guyane,3.0,0
3077,2022-07-28,Guyane,3.0,0
3078,2022-07-29,Guyane,3.0,0
3079,2022-07-30,Guyane,3.0,0
3080,2022-07-31,Guyane,3.0,0
3081,2022-08-01,Guyane,3.0,0
3082,2022-08-02,Guyane,3.0,0
3083,2022-08-03,Guyane,3.0,0
3084,2022-08-04,Guyane,3.0,0
3085,2022-08-05,Guyane,3.0,1
3086,2022-08-06,Guyane,3.0,0
3087,2022-08-07,Guyane,3.0,0
3088,2022-08-08,Guyane,3.0,0
3089,2022-08-09,Guyane,3.0,0
3090,2022-08-10,Guyane,3.0,0
3091,2022-08-11,Guyane,3.0,0
3092,2022-08-12,Guyane,3.0,0
3093,2022-08-13,Guyane,3.0,0
3094,2022-08-14,Guyane,3.0,0
3095,2022-08-15,Guyane,3.0,0
3096,2022-08-16,Guyane,3.0,0
3097,2022-08-17,Guyane,3.0,1
3098,2022-08-18,Guyane,3.0,0
3099,2022-08-19,Guyane,3.0,0
3100,2022-08-20,Guyane,3.0,0
3101,2022-08-21,Guyane,3.0,0
3102,2022-08-22,Guyane,3.0,0
3103,2022-08-23,Guyane,3.0,0
3104,2022-08-24,Guyane,3.0,0
3105,2022-08-25,Guyane,3.0,0
3106,2022-08-26,Guyane,3.0,0
3107,2022-08-27,Guyane,3.0,0
3108,2022-08-28,Guyane,3.0,0
3109,2022-08-29,Guyane,3.0,0
3110,2022-08-30,Guyane,3.0,0
3111,2022-08-31,Guyane,3.0,0
3112,2022-09-01,Guyane,3.0,0
3113,2022-09-02,Guyane,3.0,0
3114,2022-09-03,Guyane,3.0,0
3115,2022-09-04,Guyane,3.0,0
3116,2022-09-05,Guyane,3.0,0
3117,2022-09-06,Guyane,3.0,0
3118,2022-09-07,Guyane,3.0,0
3119,2022-09-08,Guyane,3.0,0
3120,2022-09-09,Guyane,3.0,0
3121,2022-09-10,Guyane,3.0,0
3122,2022-09-11,Guyane,3.0,0
3123,2022-09-12,Guyane,3.0,0
3124,2022-09-13,Guyane,3.0,0
3125,2022-09-14,Guyane,3.0,0
3126,2022-09-15,Guyane,3.0,0
3127,2022-09-16,Guyane,3.0,0
3128,2022-09-17,Guyane,3.0,0
3129,2022-09-18,Guyane,3.0,0
3130,2022-09-19,Guyane,3.0,0
3131,2022-09-20,Guyane,3.0,0
3132,2022-09-21,Guyane,3.0,0
3133,2022-09-22,Guyane,3.0,0
3134,2022-09-23,Guyane,3.0,0
3135,2022-09-24,Guyane,3.0,0
3136,2022-09-25,Guyane,3.0,0
3137,2022-09-26,Guyane,3.0,1
3138,2022-09-27,Guyane,3.0,0
3139,2022-09-28,Guyane,3.0,0
3140,2022-09-29,Guyane,3.0,0
3141,2022-09-30,Guyane,3.0,0
3142,2022-10-01,Guyane,3.0,0
3143,2022-10-02,Guyane,3.0,0
3144,2022-10-03,Guyane,3.0,0
3145,2022-10-04,Guyane,3.0,0
3146,2022-10-05,Guyane,3.0,0
3147,2022-10-06,Guyane,3.0,0
3148,2022-10-07,Guyane,3.0,0
3149,2022-10-08,Guyane,3.0,0
3150,2022-10-09,Guyane,3.0,0
3151,2022-10-10,Guyane,3.0,0
3152,2022-10-11,Guyane,3.0,0
3153,2022-10-12,Guyane,3.0,0
3154,2022-10-13,Guyane,3.0,0
3155,2022-10-14,Guyane,3.0,0
3156,2022-10-15,Guyane,3.0,1
3157,2022-10-16,Guyane,3.0,0
3158,2022-10-17,Guyane,3.0,0
3159,2022-10-18,Guyane,3.0,0
3160,2022-10-19,Guyane,3.0,0
3161,2022-10-20,Guyane,3.0,0
3162,2022-10-21,Guyane,3.0,0
3163,2022-10-22,Guyane,3.0,0
3164,2022-10-23,Guyane,3.0,0
3165,2022-10-24,Guyane,3.0,0
3166,2022-10-25,Guyane,3.0,0
3167,2022-10-26,Guyane,3.0,0
3168,2022-10-27,Guyane,3.0,0
3169,2022-10-28,Guyane,3.0,0
3170,2022-10-29,Guyane,3.0,0
3171,2022-10-30,Guyane,3.0,0
3172,2022-10-31,Guyane,3.0,0
3173,2022-11-01,Guyane,3.0,0
3174,2022-11-02,Guyane,3.0,0
3175,2022-11-03,Guyane,3.0,0
3176,2022-11-04,Guyane,3.0,0
3177,2022-11-05,Guyane,3.0,0
3178,2022-11-06,Guyane,3.0,0
3179,2022-11-07,Guyane,3.0,0
3180,2022-11-08,Guyane,3.0,0
3181,2022-11-09,Guyane,3.0,0
3182,2022-11-10,Guyane,3.0,1
3183,2022-11-11,Guyane,3.0,0
3184,2022-11-12,Guyane,3.0,0
3185,2022-11-13,Guyane,3.0,0
3186,2022-11-14,Guyane,3.0,0
3187,2022-11-15,Guyane,3.0,0
3188,2022-11-16,Guyane,3.0,0
3189,2022-11-17,Guyane,3.0,0
3190,2022-11-18,Guyane,3.0,2
3191,2022-11-19,Guyane,3.0,1
3192,2022-11-20,Guyane,3.0,0
3193,2022-11-21,Guyane,3.0,0
3194,2022-11-22,Guyane,3.0,0
3195,2022-11-23,Guyane,3.0,0
3196,2022-11-24,Guyane,3.0,0
3197,2022-11-25,Guyane,3.0,1
3198,2022-11-26,Guyane,3.0,0
3199,2022-11-27,Guyane,3.0,0
3200,2022-11-28,Guyane,3.0,1
3201,2022-11-29,Guyane,3.0,4
3202,2022-11-30,Guyane,3.0,0
3203,2022-12-01,Guyane,3.0,0
3204,2022-12-02,Guyane,3.0,0
3205,2022-12-03,Guyane,3.0,0
3206,2022-12-04,Guyane,3.0,0
3207,2022-12-05,Guyane,3.0,0
3208,2022-12-06,Guyane,3.0,0
3209,2022-12-07,Guyane,3.0,0
3210,2022-12-08,Guyane,3.0,0
3211,2022-12-09,Guyane,3.0,0
3212,2022-12-10,Guyane,3.0,0
3213,2022-12-11,Guyane,3.0,2
3214,2022-12-12,Guyane,3.0,0
3215,2022-12-13,Guyane,3.0,0
3216,2022-12-14,Guyane,3.0,0
3217,2022-12-15,Guyane,3.0,0
3218,2022-12-16,Guyane,3.0,0
3219,2022-12-17,Guyane,3.0,0
3220,2022-12-18,Guyane,3.0,0
3221,2022-12-19,Guyane,3.0,1
3222,2022-12-20,Guyane,3.0,1
3223,2022-12-21,Guyane,3.0,1
3224,2022-12-22,Guyane,3.0,0
3225,2022-12-23,Guyane,3.0,0
3226,2022-12-24,Guyane,3.0,0
3227,2022-12-25,Guyane,3.0,0
3228,2022-12-26,Guyane,3.0,1
3229,2022-12-27,Guyane,3.0,0
3230,2022-12-28,Guyane,3.0,1
3231,2022-12-29,Guyane,3.0,0
3232,2022-12-30,Guyane,3.0,1
3233,2022-12-31,Guyane,3.0,0
3234,2023-01-01,Guyane,3.0,0
3235,2023-01-02,Guyane,3.0,0
3236,2023-01-03,Guyane,3.0,0
3237,2023-01-04,Guyane,3.0,0
3238,2023-01-05,Guyane,3.0,0
3239,2023-01-06,Guyane,3.0,0
3240,2023-01-07,Guyane,3.0,0
3241,2023-01-08,Guyane,3.0,1
3242,2023-01-09,Guyane,3.0,0
3243,2023-01-10,Guyane,3.0,0
3244,2023-01-11,Guyane,3.0,0
3245,2023-01-12,Guyane,3.0,2
3246,2023-01-13,Guyane,3.0,0
3247,2023-01-14,Guyane,3.0,0
3248,2023-01-15,Guyane,3.0,0
3249,2023-01-16,Guyane,3.0,0
3250,2023-01-17,Guyane,3.0,0
3251,2023-01-18,Guyane,3.0,0
3252,2023-01-19,Guyane,3.0,0
3253,2023-01-20,Guyane,3.0,0
3254,2023-01-21,Guyane,3.0,0
3255,2023-01-22,Guyane,3.0,0
3256,2023-01-23,Guyane,3.0,0
3257,2023-01-24,Guyane,3.0,0
3258,2023-01-25,Guyane,3.0,1
3259,2023-01-26,Guyane,3.0,0
3260,2023-01-27,Guyane,3.0,0
3261,2023-01-28,Guyane,3.0,0
3262,2023-01-29,Guyane,3.0,0
3263,2023-01-30,Guyane,3.0,0
3264,2023-01-31,Guyane,3.0,0
3265,2023-02-01,Guyane,3.0,0
3266,2023-02-02,Guyane,3.0,0
3267,2023-02-03,Guyane,3.0,0
3268,2023-02-04,Guyane,3.0,0
3269,2023-02-05,Guyane,3.0,0
3270,2023-02-06,Guyane,3.0,0
3271,2023-02-07,Guyane,3.0,0
3272,2023-02-08,Guyane,3.0,4
3273,2023-02-09,Guyane,3.0,0
3274,2023-02-10,Guyane,3.0,0
3275,2023-02-11,Guyane,3.0,0
3276,2023-02-12,Guyane,3.0,0
3277,2023-02-13,Guyane,3.0,0
3278,2023-02-14,Guyane,3.0,0
3279,2023-02-15,Guyane,3.0,0
3280,2023-02-16,Guyane,3.0,0
3281,2023-02-17,Guyane,3.0,0
3282,2023-02-18,Guyane,3.0,1
3283,2023-02-19,Guyane,3.0,0
3284,2023-02-20,Guyane,3.0,0
3285,2023-02-21,Guyane,3.0,0
3286,2023-02-22,Guyane,3.0,0
3287,2023-02-23,Guyane,3.0,0
3288,2023-02-24,Guyane,3.0,0
3289,2023-02-25,Guyane,3.0,0
3290,2023-02-26,Guyane,3.0,0
3291,2023-02-27,Guyane,3.0,0
3292,2023-02-28,Guyane,3.0,0
3293,2023-03-01,Guyane,3.0,0
3294,2023-03-02,Guyane,3.0,0
3295,2023-03-03,Guyane,3.0,0
3296,2023-03-04,Guyane,3.0,0
3297,2023-03-05,Guyane,3.0,0
3298,2023-03-06,Guyane,3.0,0
3299,2023-03-07,Guyane,3.0,0
3300,2023-03-08,Guyane,3.0,0
3301,2023-03-09,Guyane,3.0,0
3302,2023-03-10,Guyane,3.0,0
3303,2023-03-11,Guyane,3.0,0
3304,2023-03-12,Guyane,3.0,0
3305,2023-03-13,Guyane,3.0,0
3306,2023-03-14,Guyane,3.0,0
3307,2023-03-15,Guyane,3.0,0
3308,2023-03-16,Guyane,3.0,0
3309,2023-03-17,Guyane,3.0,0
3310,2023-03-18,Guyane,3.0,0
3311,2023-03-19,Guyane,3.0,0
3312,2023-03-20,Guyane,3.0,0
3313,2023-03-21,Guyane,3.0,0
3314,2023-03-22,Guyane,3.0,0
3315,2023-03-23,Guyane,3.0,0
3316,2023-03-24,Guyane,3.0,0
3317,2023-03-25,Guyane,3.0,0
3318,2023-03-26,Guyane,3.0,0
3319,2023-03-27,Guyane,3.0,0
3320,2023-03-28,Guyane,3.0,0
3321,2023-03-29,Guyane,3.0,0
3322,2023-03-30,Guyane,3.0,0
3323,2023-03-31,Guyane,3.0,0
3324,2020-03-19,La R�union,4.0,0
3325,2020-03-20,La R�union,4.0,0
3326,2020-03-21,La R�union,4.0,0
3327,2020-03-22,La R�union,4.0,0
3328,2020-03-23,La R�union,4.0,0
3329,2020-03-24,La R�union,4.0,1
3330,2020-03-25,La R�union,4.0,0
3331,2020-03-26,La R�union,4.0,0
3332,2020-03-27,La R�union,4.0,0
3333,2020-03-28,La R�union,4.0,1
3334,2020-03-29,La R�union,4.0,0
3335,2020-03-30,La R�union,4.0,1
3336,2020-03-31,La R�union,4.0,2
3337,2020-04-01,La R�union,4.0,0
3338,2020-04-02,La R�union,4.0,1
3339,2020-04-03,La R�union,4.0,0
3340,2020-04-04,La R�union,4.0,2
3341,2020-04-05,La R�union,4.0,0
3342,2020-04-06,La R�union,4.0,0
3343,2020-04-07,La R�union,4.0,0
3344,2020-04-08,La R�union,4.0,0
3345,2020-04-09,La R�union,4.0,1
3346,2020-04-10,La R�union,4.0,0
3347,2020-04-11,La R�union,4.0,0
3348,2020-04-12,La R�union,4.0,0
3349,2020-04-13,La R�union,4.0,0
3350,2020-04-14,La R�union,4.0,0
3351,2020-04-15,La R�union,4.0,0
3352,2020-04-16,La R�union,4.0,1
3353,2020-04-17,La R�union,4.0,0
3354,2020-04-18,La R�union,4.0,0
3355,2020-04-19,La R�union,4.0,0
3356,2020-04-20,La R�union,4.0,0
3357,2020-04-21,La R�union,4.0,0
3358,2020-04-22,La R�union,4.0,0
3359,2020-04-23,La R�union,4.0,0
3360,2020-04-24,La R�union,4.0,0
3361,2020-04-25,La R�union,4.0,0
3362,2020-04-26,La R�union,4.0,0
3363,2020-04-27,La R�union,4.0,0
3364,2020-04-28,La R�union,4.0,0
3365,2020-04-29,La R�union,4.0,0
3366,2020-04-30,La R�union,4.0,0
3367,2020-05-01,La R�union,4.0,0
3368,2020-05-02,La R�union,4.0,1
3369,2020-05-03,La R�union,4.0,0
3370,2020-05-04,La R�union,4.0,0
3371,2020-05-05,La R�union,4.0,0
3372,2020-05-06,La R�union,4.0,0
3373,2020-05-07,La R�union,4.0,2
3374,2020-05-08,La R�union,4.0,1
3375,2020-05-09,La R�union,4.0,1
3376,2020-05-10,La R�union,4.0,2
3377,2020-05-11,La R�union,4.0,0
3378,2020-05-12,La R�union,4.0,1
3379,2020-05-13,La R�union,4.0,0
3380,2020-05-14,La R�union,4.0,1
3381,2020-05-15,La R�union,4.0,0
3382,2020-05-16,La R�union,4.0,1
3383,2020-05-17,La R�union,4.0,0
3384,2020-05-18,La R�union,4.0,0
3385,2020-05-19,La R�union,4.0,0
3386,2020-05-20,La R�union,4.0,0
3387,2020-05-21,La R�union,4.0,0
3388,2020-05-22,La R�union,4.0,0
3389,2020-05-23,La R�union,4.0,0
3390,2020-05-24,La R�union,4.0,1
3391,2020-05-25,La R�union,4.0,1
3392,2020-05-26,La R�union,4.0,0
3393,2020-05-27,La R�union,4.0,0
3394,2020-05-28,La R�union,4.0,0
3395,2020-05-29,La R�union,4.0,1
3396,2020-05-30,La R�union,4.0,1
3397,2020-05-31,La R�union,4.0,0
3398,2020-06-01,La R�union,4.0,0
3399,2020-06-02,La R�union,4.0,0
3400,2020-06-03,La R�union,4.0,0
3401,2020-06-04,La R�union,4.0,0
3402,2020-06-05,La R�union,4.0,0
3403,2020-06-06,La R�union,4.0,0
3404,2020-06-07,La R�union,4.0,0
3405,2020-06-08,La R�union,4.0,0
3406,2020-06-09,La R�union,4.0,0
3407,2020-06-10,La R�union,4.0,0
3408,2020-06-11,La R�union,4.0,0
3409,2020-06-12,La R�union,4.0,3
3410,2020-06-13,La R�union,4.0,0
3411,2020-06-14,La R�union,4.0,0
3412,2020-06-15,La R�union,4.0,0
3413,2020-06-16,La R�union,4.0,0
3414,2020-06-17,La R�union,4.0,1
3415,2020-06-18,La R�union,4.0,0
3416,2020-06-19,La R�union,4.0,0
3417,2020-06-20,La R�union,4.0,0
3418,2020-06-21,La R�union,4.0,0
3419,2020-06-22,La R�union,4.0,0
3420,2020-06-23,La R�union,4.0,0
3421,2020-06-24,La R�union,4.0,1
3422,2020-06-25,La R�union,4.0,0
3423,2020-06-26,La R�union,4.0,0
3424,2020-06-27,La R�union,4.0,0
3425,2020-06-28,La R�union,4.0,0
3426,2020-06-29,La R�union,4.0,1
3427,2020-06-30,La R�union,4.0,0
3428,2020-07-01,La R�union,4.0,0
3429,2020-07-02,La R�union,4.0,0
3430,2020-07-03,La R�union,4.0,0
3431,2020-07-04,La R�union,4.0,0
3432,2020-07-05,La R�union,4.0,0
3433,2020-07-06,La R�union,4.0,1
3434,2020-07-07,La R�union,4.0,0
3435,2020-07-08,La R�union,4.0,0
3436,2020-07-09,La R�union,4.0,0
3437,2020-07-10,La R�union,4.0,1
3438,2020-07-11,La R�union,4.0,0
3439,2020-07-12,La R�union,4.0,0
3440,2020-07-13,La R�union,4.0,0
3441,2020-07-14,La R�union,4.0,0
3442,2020-07-15,La R�union,4.0,2
3443,2020-07-16,La R�union,4.0,0
3444,2020-07-17,La R�union,4.0,0
3445,2020-07-18,La R�union,4.0,0
3446,2020-07-19,La R�union,4.0,1
3447,2020-07-20,La R�union,4.0,0
3448,2020-07-21,La R�union,4.0,1
3449,2020-07-22,La R�union,4.0,1
3450,2020-07-23,La R�union,4.0,0
3451,2020-07-24,La R�union,4.0,0
3452,2020-07-25,La R�union,4.0,0
3453,2020-07-26,La R�union,4.0,0
3454,2020-07-27,La R�union,4.0,0
3455,2020-07-28,La R�union,4.0,0
3456,2020-07-29,La R�union,4.0,0
3457,2020-07-30,La R�union,4.0,0
3458,2020-07-31,La R�union,4.0,1
3459,2020-08-01,La R�union,4.0,0
3460,2020-08-02,La R�union,4.0,0
3461,2020-08-03,La R�union,4.0,0
3462,2020-08-04,La R�union,4.0,0
3463,2020-08-05,La R�union,4.0,0
3464,2020-08-06,La R�union,4.0,0
3465,2020-08-07,La R�union,4.0,1
3466,2020-08-08,La R�union,4.0,2
3467,2020-08-09,La R�union,4.0,0
3468,2020-08-10,La R�union,4.0,0
3469,2020-08-11,La R�union,4.0,0
3470,2020-08-12,La R�union,4.0,1
3471,2020-08-13,La R�union,4.0,1
3472,2020-08-14,La R�union,4.0,1
3473,2020-08-15,La R�union,4.0,1
3474,2020-08-16,La R�union,4.0,0
3475,2020-08-17,La R�union,4.0,2
3476,2020-08-18,La R�union,4.0,1
3477,2020-08-19,La R�union,4.0,1
3478,2020-08-20,La R�union,4.0,2
3479,2020-08-21,La R�union,4.0,0
3480,2020-08-22,La R�union,4.0,2
3481,2020-08-23,La R�union,4.0,0
3482,2020-08-24,La R�union,4.0,0
3483,2020-08-25,La R�union,4.0,2
3484,2020-08-26,La R�union,4.0,1
3485,2020-08-27,La R�union,4.0,3
3486,2020-08-28,La R�union,4.0,2
3487,2020-08-29,La R�union,4.0,3
3488,2020-08-30,La R�union,4.0,2
3489,2020-08-31,La R�union,4.0,0
3490,2020-09-01,La R�union,4.0,1
3491,2020-09-02,La R�union,4.0,1
3492,2020-09-03,La R�union,4.0,4
3493,2020-09-04,La R�union,4.0,1
3494,2020-09-05,La R�union,4.0,0
3495,2020-09-06,La R�union,4.0,0
3496,2020-09-07,La R�union,4.0,0
3497,2020-09-08,La R�union,4.0,3
3498,2020-09-09,La R�union,4.0,3
3499,2020-09-10,La R�union,4.0,0
3500,2020-09-11,La R�union,4.0,3
3501,2020-09-12,La R�union,4.0,2
3502,2020-09-13,La R�union,4.0,0
3503,2020-09-14,La R�union,4.0,0
3504,2020-09-15,La R�union,4.0,0
3505,2020-09-16,La R�union,4.0,0
3506,2020-09-17,La R�union,4.0,2
3507,2020-09-18,La R�union,4.0,2
3508,2020-09-19,La R�union,4.0,7
3509,2020-09-20,La R�union,4.0,1
3510,2020-09-21,La R�union,4.0,0
3511,2020-09-22,La R�union,4.0,2
3512,2020-09-23,La R�union,4.0,1
3513,2020-09-24,La R�union,4.0,3
3514,2020-09-25,La R�union,4.0,0
3515,2020-09-26,La R�union,4.0,1
3516,2020-09-27,La R�union,4.0,0
3517,2020-09-28,La R�union,4.0,1
3518,2020-09-29,La R�union,4.0,1
3519,2020-09-30,La R�union,4.0,1
3520,2020-10-01,La R�union,4.0,3
3521,2020-10-02,La R�union,4.0,2
3522,2020-10-03,La R�union,4.0,1
3523,2020-10-04,La R�union,4.0,2
3524,2020-10-05,La R�union,4.0,0
3525,2020-10-06,La R�union,4.0,2
3526,2020-10-07,La R�union,4.0,0
3527,2020-10-08,La R�union,4.0,0
3528,2020-10-09,La R�union,4.0,0
3529,2020-10-10,La R�union,4.0,1
3530,2020-10-11,La R�union,4.0,0
3531,2020-10-12,La R�union,4.0,0
3532,2020-10-13,La R�union,4.0,1
3533,2020-10-14,La R�union,4.0,0
3534,2020-10-15,La R�union,4.0,1
3535,2020-10-16,La R�union,4.0,0
3536,2020-10-17,La R�union,4.0,1
3537,2020-10-18,La R�union,4.0,1
3538,2020-10-19,La R�union,4.0,0
3539,2020-10-20,La R�union,4.0,1
3540,2020-10-21,La R�union,4.0,2
3541,2020-10-22,La R�union,4.0,1
3542,2020-10-23,La R�union,4.0,4
3543,2020-10-24,La R�union,4.0,1
3544,2020-10-25,La R�union,4.0,1
3545,2020-10-26,La R�union,4.0,1
3546,2020-10-27,La R�union,4.0,0
3547,2020-10-28,La R�union,4.0,0
3548,2020-10-29,La R�union,4.0,2
3549,2020-10-30,La R�union,4.0,3
3550,2020-10-31,La R�union,4.0,0
3551,2020-11-01,La R�union,4.0,2
3552,2020-11-02,La R�union,4.0,1
3553,2020-11-03,La R�union,4.0,2
3554,2020-11-04,La R�union,4.0,0
3555,2020-11-05,La R�union,4.0,4
3556,2020-11-06,La R�union,4.0,2
3557,2020-11-07,La R�union,4.0,1
3558,2020-11-08,La R�union,4.0,2
3559,2020-11-09,La R�union,4.0,1
3560,2020-11-10,La R�union,4.0,2
3561,2020-11-11,La R�union,4.0,1
3562,2020-11-12,La R�union,4.0,4
3563,2020-11-13,La R�union,4.0,2
3564,2020-11-14,La R�union,4.0,4
3565,2020-11-15,La R�union,4.0,1
3566,2020-11-16,La R�union,4.0,1
3567,2020-11-17,La R�union,4.0,1
3568,2020-11-18,La R�union,4.0,3
3569,2020-11-19,La R�union,4.0,2
3570,2020-11-20,La R�union,4.0,4
3571,2020-11-21,La R�union,4.0,1
3572,2020-11-22,La R�union,4.0,1
3573,2020-11-23,La R�union,4.0,1
3574,2020-11-24,La R�union,4.0,0
3575,2020-11-25,La R�union,4.0,3
3576,2020-11-26,La R�union,4.0,0
3577,2020-11-27,La R�union,4.0,1
3578,2020-11-28,La R�union,4.0,1
3579,2020-11-29,La R�union,4.0,1
3580,2020-11-30,La R�union,4.0,0
3581,2020-12-01,La R�union,4.0,1
3582,2020-12-02,La R�union,4.0,0
3583,2020-12-03,La R�union,4.0,1
3584,2020-12-04,La R�union,4.0,1
3585,2020-12-05,La R�union,4.0,0
3586,2020-12-06,La R�union,4.0,0
3587,2020-12-07,La R�union,4.0,1
3588,2020-12-08,La R�union,4.0,0
3589,2020-12-09,La R�union,4.0,0
3590,2020-12-10,La R�union,4.0,0
3591,2020-12-11,La R�union,4.0,2
3592,2020-12-12,La R�union,4.0,0
3593,2020-12-13,La R�union,4.0,0
3594,2020-12-14,La R�union,4.0,0
3595,2020-12-15,La R�union,4.0,0
3596,2020-12-16,La R�union,4.0,0
3597,2020-12-17,La R�union,4.0,0
3598,2020-12-18,La R�union,4.0,0
3599,2020-12-19,La R�union,4.0,1
3600,2020-12-20,La R�union,4.0,2
3601,2020-12-21,La R�union,4.0,2
3602,2020-12-22,La R�union,4.0,0
3603,2020-12-23,La R�union,4.0,1
3604,2020-12-24,La R�union,4.0,0
3605,2020-12-25,La R�union,4.0,0
3606,2020-12-26,La R�union,4.0,1
3607,2020-12-27,La R�union,4.0,0
3608,2020-12-28,La R�union,4.0,1
3609,2020-12-29,La R�union,4.0,0
3610,2020-12-30,La R�union,4.0,1
3611,2020-12-31,La R�union,4.0,0
3612,2021-01-01,La R�union,4.0,0
3613,2021-01-02,La R�union,4.0,0
3614,2021-01-03,La R�union,4.0,0
3615,2021-01-04,La R�union,4.0,0
3616,2021-01-05,La R�union,4.0,1
3617,2021-01-06,La R�union,4.0,0
3618,2021-01-07,La R�union,4.0,0
3619,2021-01-08,La R�union,4.0,1
3620,2021-01-09,La R�union,4.0,0
3621,2021-01-10,La R�union,4.0,1
3622,2021-01-11,La R�union,4.0,1
3623,2021-01-12,La R�union,4.0,2
3624,2021-01-13,La R�union,4.0,2
3625,2021-01-14,La R�union,4.0,1
3626,2021-01-15,La R�union,4.0,1
3627,2021-01-16,La R�union,4.0,2
3628,2021-01-17,La R�union,4.0,0
3629,2021-01-18,La R�union,4.0,1
3630,2021-01-19,La R�union,4.0,1
3631,2021-01-20,La R�union,4.0,0
3632,2021-01-21,La R�union,4.0,0
3633,2021-01-22,La R�union,4.0,2
3634,2021-01-23,La R�union,4.0,0
3635,2021-01-24,La R�union,4.0,0
3636,2021-01-25,La R�union,4.0,1
3637,2021-01-26,La R�union,4.0,0
3638,2021-01-27,La R�union,4.0,0
3639,2021-01-28,La R�union,4.0,0
3640,2021-01-29,La R�union,4.0,0
3641,2021-01-30,La R�union,4.0,0
3642,2021-01-31,La R�union,4.0,0
3643,2021-02-01,La R�union,4.0,1
3644,2021-02-02,La R�union,4.0,0
3645,2021-02-03,La R�union,4.0,0
3646,2021-02-04,La R�union,4.0,0
3647,2021-02-05,La R�union,4.0,1
3648,2021-02-06,La R�union,4.0,0
3649,2021-02-07,La R�union,4.0,1
3650,2021-02-08,La R�union,4.0,3
3651,2021-02-09,La R�union,4.0,4
3652,2021-02-10,La R�union,4.0,3
3653,2021-02-11,La R�union,4.0,0
3654,2021-02-12,La R�union,4.0,2
3655,2021-02-13,La R�union,4.0,2
3656,2021-02-14,La R�union,4.0,0
3657,2021-02-15,La R�union,4.0,5
3658,2021-02-16,La R�union,4.0,2
3659,2021-02-17,La R�union,4.0,2
3660,2021-02-18,La R�union,4.0,1
3661,2021-02-19,La R�union,4.0,3
3662,2021-02-20,La R�union,4.0,3
3663,2021-02-21,La R�union,4.0,2
3664,2021-02-22,La R�union,4.0,2
3665,2021-02-23,La R�union,4.0,3
3666,2021-02-24,La R�union,4.0,4
3667,2021-02-25,La R�union,4.0,2
3668,2021-02-26,La R�union,4.0,2
3669,2021-02-27,La R�union,4.0,2
3670,2021-02-28,La R�union,4.0,4
3671,2021-03-01,La R�union,4.0,2
3672,2021-03-02,La R�union,4.0,3
3673,2021-03-03,La R�union,4.0,2
3674,2021-03-04,La R�union,4.0,2
3675,2021-03-05,La R�union,4.0,4
3676,2021-03-06,La R�union,4.0,4
3677,2021-03-07,La R�union,4.0,2
3678,2021-03-08,La R�union,4.0,3
3679,2021-03-09,La R�union,4.0,3
3680,2021-03-10,La R�union,4.0,2
3681,2021-03-11,La R�union,4.0,6
3682,2021-03-12,La R�union,4.0,7
3683,2021-03-13,La R�union,4.0,5
3684,2021-03-14,La R�union,4.0,3
3685,2021-03-15,La R�union,4.0,4
3686,2021-03-16,La R�union,4.0,2
3687,2021-03-17,La R�union,4.0,7
3688,2021-03-18,La R�union,4.0,3
3689,2021-03-19,La R�union,4.0,5
3690,2021-03-20,La R�union,4.0,0
3691,2021-03-21,La R�union,4.0,3
3692,2021-03-22,La R�union,4.0,3
3693,2021-03-23,La R�union,4.0,4
3694,2021-03-24,La R�union,4.0,3
3695,2021-03-25,La R�union,4.0,4
3696,2021-03-26,La R�union,4.0,3
3697,2021-03-27,La R�union,4.0,4
3698,2021-03-28,La R�union,4.0,5
3699,2021-03-29,La R�union,4.0,2
3700,2021-03-30,La R�union,4.0,6
3701,2021-03-31,La R�union,4.0,3
3702,2021-04-01,La R�union,4.0,1
3703,2021-04-02,La R�union,4.0,3
3704,2021-04-03,La R�union,4.0,2
3705,2021-04-04,La R�union,4.0,3
3706,2021-04-05,La R�union,4.0,4
3707,2021-04-06,La R�union,4.0,6
3708,2021-04-07,La R�union,4.0,4
3709,2021-04-08,La R�union,4.0,1
3710,2021-04-09,La R�union,4.0,1
3711,2021-04-10,La R�union,4.0,3
3712,2021-04-11,La R�union,4.0,1
3713,2021-04-12,La R�union,4.0,4
3714,2021-04-13,La R�union,4.0,5
3715,2021-04-14,La R�union,4.0,4
3716,2021-04-15,La R�union,4.0,0
3717,2021-04-16,La R�union,4.0,4
3718,2021-04-17,La R�union,4.0,4
3719,2021-04-18,La R�union,4.0,3
3720,2021-04-19,La R�union,4.0,7
3721,2021-04-20,La R�union,4.0,1
3722,2021-04-21,La R�union,4.0,3
3723,2021-04-22,La R�union,4.0,4
3724,2021-04-23,La R�union,4.0,5
3725,2021-04-24,La R�union,4.0,5
3726,2021-04-25,La R�union,4.0,2
3727,2021-04-26,La R�union,4.0,1
3728,2021-04-27,La R�union,4.0,4
3729,2021-04-28,La R�union,4.0,1
3730,2021-04-29,La R�union,4.0,2
3731,2021-04-30,La R�union,4.0,3
3732,2021-05-01,La R�union,4.0,5
3733,2021-05-02,La R�union,4.0,0
3734,2021-05-03,La R�union,4.0,2
3735,2021-05-04,La R�union,4.0,7
3736,2021-05-05,La R�union,4.0,3
3737,2021-05-06,La R�union,4.0,4
3738,2021-05-07,La R�union,4.0,0
3739,2021-05-08,La R�union,4.0,4
3740,2021-05-09,La R�union,4.0,3
3741,2021-05-10,La R�union,4.0,7
3742,2021-05-11,La R�union,4.0,6
3743,2021-05-12,La R�union,4.0,1
3744,2021-05-13,La R�union,4.0,3
3745,2021-05-14,La R�union,4.0,1
3746,2021-05-15,La R�union,4.0,0
3747,2021-05-16,La R�union,4.0,3
3748,2021-05-17,La R�union,4.0,0
3749,2021-05-18,La R�union,4.0,0
3750,2021-05-19,La R�union,4.0,6
3751,2021-05-20,La R�union,4.0,8
3752,2021-05-21,La R�union,4.0,1
3753,2021-05-22,La R�union,4.0,4
3754,2021-05-23,La R�union,4.0,4
3755,2021-05-24,La R�union,4.0,1
3756,2021-05-25,La R�union,4.0,4
3757,2021-05-26,La R�union,4.0,2
3758,2021-05-27,La R�union,4.0,1
3759,2021-05-28,La R�union,4.0,0
3760,2021-05-29,La R�union,4.0,7
3761,2021-05-30,La R�union,4.0,2
3762,2021-05-31,La R�union,4.0,4
3763,2021-06-01,La R�union,4.0,4
3764,2021-06-02,La R�union,4.0,2
3765,2021-06-03,La R�union,4.0,5
3766,2021-06-04,La R�union,4.0,0
3767,2021-06-05,La R�union,4.0,1
3768,2021-06-06,La R�union,4.0,7
3769,2021-06-07,La R�union,4.0,3
3770,2021-06-08,La R�union,4.0,1
3771,2021-06-09,La R�union,4.0,2
3772,2021-06-10,La R�union,4.0,1
3773,2021-06-11,La R�union,4.0,1
3774,2021-06-12,La R�union,4.0,5
3775,2021-06-13,La R�union,4.0,4
3776,2021-06-14,La R�union,4.0,0
3777,2021-06-15,La R�union,4.0,2
3778,2021-06-16,La R�union,4.0,0
3779,2021-06-17,La R�union,4.0,3
3780,2021-06-18,La R�union,4.0,3
3781,2021-06-19,La R�union,4.0,1
3782,2021-06-20,La R�union,4.0,3
3783,2021-06-21,La R�union,4.0,2
3784,2021-06-22,La R�union,4.0,0
3785,2021-06-23,La R�union,4.0,3
3786,2021-06-24,La R�union,4.0,1
3787,2021-06-25,La R�union,4.0,3
3788,2021-06-26,La R�union,4.0,3
3789,2021-06-27,La R�union,4.0,4
3790,2021-06-28,La R�union,4.0,1
3791,2021-06-29,La R�union,4.0,1
3792,2021-06-30,La R�union,4.0,6
3793,2021-07-01,La R�union,4.0,5
3794,2021-07-02,La R�union,4.0,5
3795,2021-07-03,La R�union,4.0,5
3796,2021-07-04,La R�union,4.0,0
3797,2021-07-05,La R�union,4.0,2
3798,2021-07-06,La R�union,4.0,0
3799,2021-07-07,La R�union,4.0,5
3800,2021-07-08,La R�union,4.0,2
3801,2021-07-09,La R�union,4.0,0
3802,2021-07-10,La R�union,4.0,1
3803,2021-07-11,La R�union,4.0,1
3804,2021-07-12,La R�union,4.0,6
3805,2021-07-13,La R�union,4.0,4
3806,2021-07-14,La R�union,4.0,2
3807,2021-07-15,La R�union,4.0,2
3808,2021-07-16,La R�union,4.0,0
3809,2021-07-17,La R�union,4.0,0
3810,2021-07-18,La R�union,4.0,2
3811,2021-07-19,La R�union,4.0,10
3812,2021-07-20,La R�union,4.0,3
3813,2021-07-21,La R�union,4.0,6
3814,2021-07-22,La R�union,4.0,2
3815,2021-07-23,La R�union,4.0,4
3816,2021-07-24,La R�union,4.0,2
3817,2021-07-25,La R�union,4.0,0
3818,2021-07-26,La R�union,4.0,5
3819,2021-07-27,La R�union,4.0,5
3820,2021-07-28,La R�union,4.0,5
3821,2021-07-29,La R�union,4.0,6
3822,2021-07-30,La R�union,4.0,2
3823,2021-07-31,La R�union,4.0,4
3824,2021-08-01,La R�union,4.0,1
3825,2021-08-02,La R�union,4.0,6
3826,2021-08-03,La R�union,4.0,2
3827,2021-08-04,La R�union,4.0,9
3828,2021-08-05,La R�union,4.0,1
3829,2021-08-06,La R�union,4.0,0
3830,2021-08-07,La R�union,4.0,5
3831,2021-08-08,La R�union,4.0,2
3832,2021-08-09,La R�union,4.0,13
3833,2021-08-10,La R�union,4.0,4
3834,2021-08-11,La R�union,4.0,0
3835,2021-08-12,La R�union,4.0,4
3836,2021-08-13,La R�union,4.0,3
3837,2021-08-14,La R�union,4.0,2
3838,2021-08-15,La R�union,4.0,1
3839,2021-08-16,La R�union,4.0,2
3840,2021-08-17,La R�union,4.0,4
3841,2021-08-18,La R�union,4.0,6
3842,2021-08-19,La R�union,4.0,1
3843,2021-08-20,La R�union,4.0,2
3844,2021-08-21,La R�union,4.0,3
3845,2021-08-22,La R�union,4.0,1
3846,2021-08-23,La R�union,4.0,5
3847,2021-08-24,La R�union,4.0,4
3848,2021-08-25,La R�union,4.0,2
3849,2021-08-26,La R�union,4.0,1
3850,2021-08-27,La R�union,4.0,4
3851,2021-08-28,La R�union,4.0,0
3852,2021-08-29,La R�union,4.0,0
3853,2021-08-30,La R�union,4.0,2
3854,2021-08-31,La R�union,4.0,1
3855,2021-09-01,La R�union,4.0,1
3856,2021-09-02,La R�union,4.0,5
3857,2021-09-03,La R�union,4.0,2
3858,2021-09-04,La R�union,4.0,1
3859,2021-09-05,La R�union,4.0,0
3860,2021-09-06,La R�union,4.0,4
3861,2021-09-07,La R�union,4.0,3
3862,2021-09-08,La R�union,4.0,2
3863,2021-09-09,La R�union,4.0,1
3864,2021-09-10,La R�union,4.0,0
3865,2021-09-11,La R�union,4.0,1
3866,2021-09-12,La R�union,4.0,1
3867,2021-09-13,La R�union,4.0,1
3868,2021-09-14,La R�union,4.0,1
3869,2021-09-15,La R�union,4.0,2
3870,2021-09-16,La R�union,4.0,1
3871,2021-09-17,La R�union,4.0,2
3872,2021-09-18,La R�union,4.0,0
3873,2021-09-19,La R�union,4.0,1
3874,2021-09-20,La R�union,4.0,1
3875,2021-09-21,La R�union,4.0,0
3876,2021-09-22,La R�union,4.0,2
3877,2021-09-23,La R�union,4.0,0
3878,2021-09-24,La R�union,4.0,0
3879,2021-09-25,La R�union,4.0,0
3880,2021-09-26,La R�union,4.0,2
3881,2021-09-27,La R�union,4.0,0
3882,2021-09-28,La R�union,4.0,0
3883,2021-09-29,La R�union,4.0,0
3884,2021-09-30,La R�union,4.0,0
3885,2021-10-01,La R�union,4.0,0
3886,2021-10-02,La R�union,4.0,0
3887,2021-10-03,La R�union,4.0,0
3888,2021-10-04,La R�union,4.0,1
3889,2021-10-05,La R�union,4.0,0
3890,2021-10-06,La R�union,4.0,1
3891,2021-10-07,La R�union,4.0,1
3892,2021-10-08,La R�union,4.0,0
3893,2021-10-09,La R�union,4.0,0
3894,2021-10-10,La R�union,4.0,0
3895,2021-10-11,La R�union,4.0,0
3896,2021-10-12,La R�union,4.0,0
3897,2021-10-13,La R�union,4.0,0
3898,2021-10-14,La R�union,4.0,0
3899,2021-10-15,La R�union,4.0,1
3900,2021-10-16,La R�union,4.0,2
3901,2021-10-17,La R�union,4.0,0
3902,2021-10-18,La R�union,4.0,0
3903,2021-10-19,La R�union,4.0,0
3904,2021-10-20,La R�union,4.0,1
3905,2021-10-21,La R�union,4.0,1
3906,2021-10-22,La R�union,4.0,0
3907,2021-10-23,La R�union,4.0,0
3908,2021-10-24,La R�union,4.0,2
3909,2021-10-25,La R�union,4.0,0
3910,2021-10-26,La R�union,4.0,0
3911,2021-10-27,La R�union,4.0,0
3912,2021-10-28,La R�union,4.0,0
3913,2021-10-29,La R�union,4.0,0
3914,2021-10-30,La R�union,4.0,1
3915,2021-10-31,La R�union,4.0,0
3916,2021-11-01,La R�union,4.0,0
3917,2021-11-02,La R�union,4.0,1
3918,2021-11-03,La R�union,4.0,0
3919,2021-11-04,La R�union,4.0,1
3920,2021-11-05,La R�union,4.0,1
3921,2021-11-06,La R�union,4.0,0
3922,2021-11-07,La R�union,4.0,0
3923,2021-11-08,La R�union,4.0,3
3924,2021-11-09,La R�union,4.0,2
3925,2021-11-10,La R�union,4.0,0
3926,2021-11-11,La R�union,4.0,0
3927,2021-11-12,La R�union,4.0,1
3928,2021-11-13,La R�union,4.0,1
3929,2021-11-14,La R�union,4.0,2
3930,2021-11-15,La R�union,4.0,2
3931,2021-11-16,La R�union,4.0,0
3932,2021-11-17,La R�union,4.0,0
3933,2021-11-18,La R�union,4.0,2
3934,2021-11-19,La R�union,4.0,0
3935,2021-11-20,La R�union,4.0,0
3936,2021-11-21,La R�union,4.0,1
3937,2021-11-22,La R�union,4.0,4
3938,2021-11-23,La R�union,4.0,4
3939,2021-11-24,La R�union,4.0,1
3940,2021-11-25,La R�union,4.0,2
3941,2021-11-26,La R�union,4.0,1
3942,2021-11-27,La R�union,4.0,1
3943,2021-11-28,La R�union,4.0,1
3944,2021-11-29,La R�union,4.0,2
3945,2021-11-30,La R�union,4.0,1
3946,2021-12-01,La R�union,4.0,1
3947,2021-12-02,La R�union,4.0,2
3948,2021-12-03,La R�union,4.0,0
3949,2021-12-04,La R�union,4.0,0
3950,2021-12-05,La R�union,4.0,0
3951,2021-12-06,La R�union,4.0,1
3952,2021-12-07,La R�union,4.0,3
3953,2021-12-08,La R�union,4.0,4
3954,2021-12-09,La R�union,4.0,5
3955,2021-12-10,La R�union,4.0,2
3956,2021-12-11,La R�union,4.0,0
3957,2021-12-12,La R�union,4.0,0
3958,2021-12-13,La R�union,4.0,3
3959,2021-12-14,La R�union,4.0,2
3960,2021-12-15,La R�union,4.0,2
3961,2021-12-16,La R�union,4.0,1
3962,2021-12-17,La R�union,4.0,2
3963,2021-12-18,La R�union,4.0,3
3964,2021-12-19,La R�union,4.0,0
3965,2021-12-20,La R�union,4.0,2
3966,2021-12-21,La R�union,4.0,8
3967,2021-12-22,La R�union,4.0,2
3968,2021-12-23,La R�union,4.0,6
3969,2021-12-24,La R�union,4.0,9
3970,2021-12-25,La R�union,4.0,1
3971,2021-12-26,La R�union,4.0,3
3972,2021-12-27,La R�union,4.0,5
3973,2021-12-28,La R�union,4.0,3
3974,2021-12-29,La R�union,4.0,1
3975,2021-12-30,La R�union,4.0,7
3976,2021-12-31,La R�union,4.0,6
3977,2022-01-01,La R�union,4.0,0
3978,2022-01-02,La R�union,4.0,1
3979,2022-01-03,La R�union,4.0,7
3980,2022-01-04,La R�union,4.0,3
3981,2022-01-05,La R�union,4.0,2
3982,2022-01-06,La R�union,4.0,10
3983,2022-01-07,La R�union,4.0,4
3984,2022-01-08,La R�union,4.0,4
3985,2022-01-09,La R�union,4.0,1
3986,2022-01-10,La R�union,4.0,8
3987,2022-01-11,La R�union,4.0,10
3988,2022-01-12,La R�union,4.0,4
3989,2022-01-13,La R�union,4.0,4
3990,2022-01-14,La R�union,4.0,15
3991,2022-01-15,La R�union,4.0,2
3992,2022-01-16,La R�union,4.0,0
3993,2022-01-17,La R�union,4.0,15
3994,2022-01-18,La R�union,4.0,20
3995,2022-01-19,La R�union,4.0,9
3996,2022-01-20,La R�union,4.0,3
3997,2022-01-21,La R�union,4.0,8
3998,2022-01-22,La R�union,4.0,0
3999,2022-01-23,La R�union,4.0,1
4000,2022-01-24,La R�union,4.0,18
4001,2022-01-25,La R�union,4.0,13
4002,2022-01-26,La R�union,4.0,9
4003,2022-01-27,La R�union,4.0,8
4004,2022-01-28,La R�union,4.0,7
4005,2022-01-29,La R�union,4.0,0
4006,2022-01-30,La R�union,4.0,0
4007,2022-01-31,La R�union,4.0,18
4008,2022-02-01,La R�union,4.0,6
4009,2022-02-02,La R�union,4.0,4
4010,2022-02-03,La R�union,4.0,1
4011,2022-02-04,La R�union,4.0,5
4012,2022-02-05,La R�union,4.0,5
4013,2022-02-06,La R�union,4.0,3
4014,2022-02-07,La R�union,4.0,23
4015,2022-02-08,La R�union,4.0,9
4016,2022-02-09,La R�union,4.0,11
4017,2022-02-10,La R�union,4.0,12
4018,2022-02-11,La R�union,4.0,4
4019,2022-02-12,La R�union,4.0,3
4020,2022-02-13,La R�union,4.0,2
4021,2022-02-14,La R�union,4.0,10
4022,2022-02-15,La R�union,4.0,7
4023,2022-02-16,La R�union,4.0,8
4024,2022-02-17,La R�union,4.0,5
4025,2022-02-18,La R�union,4.0,5
4026,2022-02-19,La R�union,4.0,0
4027,2022-02-20,La R�union,4.0,1
4028,2022-02-21,La R�union,4.0,6
4029,2022-02-22,La R�union,4.0,3
4030,2022-02-23,La R�union,4.0,6
4031,2022-02-24,La R�union,4.0,6
4032,2022-02-25,La R�union,4.0,4
4033,2022-02-26,La R�union,4.0,0
4034,2022-02-27,La R�union,4.0,3
4035,2022-02-28,La R�union,4.0,5
4036,2022-03-01,La R�union,4.0,1
4037,2022-03-02,La R�union,4.0,4
4038,2022-03-03,La R�union,4.0,4
4039,2022-03-04,La R�union,4.0,6
4040,2022-03-05,La R�union,4.0,0
4041,2022-03-06,La R�union,4.0,0
4042,2022-03-07,La R�union,4.0,7
4043,2022-03-08,La R�union,4.0,3
4044,2022-03-09,La R�union,4.0,1
4045,2022-03-10,La R�union,4.0,3
4046,2022-03-11,La R�union,4.0,2
4047,2022-03-12,La R�union,4.0,1
4048,2022-03-13,La R�union,4.0,0
4049,2022-03-14,La R�union,4.0,2
4050,2022-03-15,La R�union,4.0,2
4051,2022-03-16,La R�union,4.0,0
4052,2022-03-17,La R�union,4.0,0
4053,2022-03-18,La R�union,4.0,3
4054,2022-03-19,La R�union,4.0,0
4055,2022-03-20,La R�union,4.0,1
4056,2022-03-21,La R�union,4.0,2
4057,2022-03-22,La R�union,4.0,1
4058,2022-03-23,La R�union,4.0,0
4059,2022-03-24,La R�union,4.0,0
4060,2022-03-25,La R�union,4.0,0
4061,2022-03-26,La R�union,4.0,1
4062,2022-03-27,La R�union,4.0,1
4063,2022-03-28,La R�union,4.0,2
4064,2022-03-29,La R�union,4.0,0
4065,2022-03-30,La R�union,4.0,0
4066,2022-03-31,La R�union,4.0,4
4067,2022-04-01,La R�union,4.0,0
4068,2022-04-02,La R�union,4.0,0
4069,2022-04-03,La R�union,4.0,0
4070,2022-04-04,La R�union,4.0,4
4071,2022-04-05,La R�union,4.0,0
4072,2022-04-06,La R�union,4.0,1
4073,2022-04-07,La R�union,4.0,2
4074,2022-04-08,La R�union,4.0,3
4075,2022-04-09,La R�union,4.0,2
4076,2022-04-10,La R�union,4.0,1
4077,2022-04-11,La R�union,4.0,1
4078,2022-04-12,La R�union,4.0,4
4079,2022-04-13,La R�union,4.0,0
4080,2022-04-14,La R�union,4.0,3
4081,2022-04-15,La R�union,4.0,4
4082,2022-04-16,La R�union,4.0,0
4083,2022-04-17,La R�union,4.0,0
4084,2022-04-18,La R�union,4.0,0
4085,2022-04-19,La R�union,4.0,4
4086,2022-04-20,La R�union,4.0,2
4087,2022-04-21,La R�union,4.0,2
4088,2022-04-22,La R�union,4.0,2
4089,2022-04-23,La R�union,4.0,0
4090,2022-04-24,La R�union,4.0,0
4091,2022-04-25,La R�union,4.0,6
4092,2022-04-26,La R�union,4.0,2
4093,2022-04-27,La R�union,4.0,2
4094,2022-04-28,La R�union,4.0,4
4095,2022-04-29,La R�union,4.0,1
4096,2022-04-30,La R�union,4.0,0
4097,2022-05-01,La R�union,4.0,0
4098,2022-05-02,La R�union,4.0,4
4099,2022-05-03,La R�union,4.0,3
4100,2022-05-04,La R�union,4.0,3
4101,2022-05-05,La R�union,4.0,2
4102,2022-05-06,La R�union,4.0,1
4103,2022-05-07,La R�union,4.0,0
4104,2022-05-08,La R�union,4.0,0
4105,2022-05-09,La R�union,4.0,3
4106,2022-05-10,La R�union,4.0,0
4107,2022-05-11,La R�union,4.0,1
4108,2022-05-12,La R�union,4.0,1
4109,2022-05-13,La R�union,4.0,1
4110,2022-05-14,La R�union,4.0,0
4111,2022-05-15,La R�union,4.0,1
4112,2022-05-16,La R�union,4.0,4
4113,2022-05-17,La R�union,4.0,3
4114,2022-05-18,La R�union,4.0,1
4115,2022-05-19,La R�union,4.0,2
4116,2022-05-20,La R�union,4.0,0
4117,2022-05-21,La R�union,4.0,2
4118,2022-05-22,La R�union,4.0,0
4119,2022-05-23,La R�union,4.0,3
4120,2022-05-24,La R�union,4.0,1
4121,2022-05-25,La R�union,4.0,0
4122,2022-05-26,La R�union,4.0,0
4123,2022-05-27,La R�union,4.0,1
4124,2022-05-28,La R�union,4.0,0
4125,2022-05-29,La R�union,4.0,0
4126,2022-05-30,La R�union,4.0,3
4127,2022-05-31,La R�union,4.0,2
4128,2022-06-01,La R�union,4.0,1
4129,2022-06-02,La R�union,4.0,1
4130,2022-06-03,La R�union,4.0,1
4131,2022-06-04,La R�union,4.0,1
4132,2022-06-05,La R�union,4.0,0
4133,2022-06-06,La R�union,4.0,0
4134,2022-06-07,La R�union,4.0,1
4135,2022-06-08,La R�union,4.0,1
4136,2022-06-09,La R�union,4.0,0
4137,2022-06-10,La R�union,4.0,2
4138,2022-06-11,La R�union,4.0,0
4139,2022-06-12,La R�union,4.0,0
4140,2022-06-13,La R�union,4.0,1
4141,2022-06-14,La R�union,4.0,0
4142,2022-06-15,La R�union,4.0,0
4143,2022-06-16,La R�union,4.0,1
4144,2022-06-17,La R�union,4.0,0
4145,2022-06-18,La R�union,4.0,1
4146,2022-06-19,La R�union,4.0,0
4147,2022-06-20,La R�union,4.0,3
4148,2022-06-21,La R�union,4.0,3
4149,2022-06-22,La R�union,4.0,0
4150,2022-06-23,La R�union,4.0,0
4151,2022-06-24,La R�union,4.0,0
4152,2022-06-25,La R�union,4.0,0
4153,2022-06-26,La R�union,4.0,0
4154,2022-06-27,La R�union,4.0,2
4155,2022-06-28,La R�union,4.0,2
4156,2022-06-29,La R�union,4.0,2
4157,2022-06-30,La R�union,4.0,1
4158,2022-07-01,La R�union,4.0,1
4159,2022-07-02,La R�union,4.0,0
4160,2022-07-03,La R�union,4.0,0
4161,2022-07-04,La R�union,4.0,2
4162,2022-07-05,La R�union,4.0,0
4163,2022-07-06,La R�union,4.0,1
4164,2022-07-07,La R�union,4.0,0
4165,2022-07-08,La R�union,4.0,0
4166,2022-07-09,La R�union,4.0,1
4167,2022-07-10,La R�union,4.0,0
4168,2022-07-11,La R�union,4.0,1
4169,2022-07-12,La R�union,4.0,2
4170,2022-07-13,La R�union,4.0,0
4171,2022-07-14,La R�union,4.0,2
4172,2022-07-15,La R�union,4.0,2
4173,2022-07-16,La R�union,4.0,0
4174,2022-07-17,La R�union,4.0,0
4175,2022-07-18,La R�union,4.0,1
4176,2022-07-19,La R�union,4.0,0
4177,2022-07-20,La R�union,4.0,4
4178,2022-07-21,La R�union,4.0,0
4179,2022-07-22,La R�union,4.0,3
4180,2022-07-23,La R�union,4.0,0
4181,2022-07-24,La R�union,4.0,1
4182,2022-07-25,La R�union,4.0,7
4183,2022-07-26,La R�union,4.0,2
4184,2022-07-27,La R�union,4.0,3
4185,2022-07-28,La R�union,4.0,3
4186,2022-07-29,La R�union,4.0,2
4187,2022-07-30,La R�union,4.0,1
4188,2022-07-31,La R�union,4.0,0
4189,2022-08-01,La R�union,4.0,7
4190,2022-08-02,La R�union,4.0,1
4191,2022-08-03,La R�union,4.0,3
4192,2022-08-04,La R�union,4.0,1
4193,2022-08-05,La R�union,4.0,4
4194,2022-08-06,La R�union,4.0,0
4195,2022-08-07,La R�union,4.0,0
4196,2022-08-08,La R�union,4.0,9
4197,2022-08-09,La R�union,4.0,0
4198,2022-08-10,La R�union,4.0,2
4199,2022-08-11,La R�union,4.0,2
4200,2022-08-12,La R�union,4.0,6
4201,2022-08-13,La R�union,4.0,0
4202,2022-08-14,La R�union,4.0,2
4203,2022-08-15,La R�union,4.0,1
4204,2022-08-16,La R�union,4.0,3
4205,2022-08-17,La R�union,4.0,6
4206,2022-08-18,La R�union,4.0,1
4207,2022-08-19,La R�union,4.0,4
4208,2022-08-20,La R�union,4.0,1
4209,2022-08-21,La R�union,4.0,0
4210,2022-08-22,La R�union,4.0,3
4211,2022-08-23,La R�union,4.0,1
4212,2022-08-24,La R�union,4.0,2
4213,2022-08-25,La R�union,4.0,3
4214,2022-08-26,La R�union,4.0,5
4215,2022-08-27,La R�union,4.0,0
4216,2022-08-28,La R�union,4.0,2
4217,2022-08-29,La R�union,4.0,3
4218,2022-08-30,La R�union,4.0,9
4219,2022-08-31,La R�union,4.0,1
4220,2022-09-01,La R�union,4.0,4
4221,2022-09-02,La R�union,4.0,1
4222,2022-09-03,La R�union,4.0,0
4223,2022-09-04,La R�union,4.0,0
4224,2022-09-05,La R�union,4.0,4
4225,2022-09-06,La R�union,4.0,1
4226,2022-09-07,La R�union,4.0,2
4227,2022-09-08,La R�union,4.0,4
4228,2022-09-09,La R�union,4.0,0
4229,2022-09-10,La R�union,4.0,2
4230,2022-09-11,La R�union,4.0,0
4231,2022-09-12,La R�union,4.0,1
4232,2022-09-13,La R�union,4.0,3
4233,2022-09-14,La R�union,4.0,3
4234,2022-09-15,La R�union,4.0,4
4235,2022-09-16,La R�union,4.0,1
4236,2022-09-17,La R�union,4.0,0
4237,2022-09-18,La R�union,4.0,1
4238,2022-09-19,La R�union,4.0,1
4239,2022-09-20,La R�union,4.0,2
4240,2022-09-21,La R�union,4.0,1
4241,2022-09-22,La R�union,4.0,0
4242,2022-09-23,La R�union,4.0,0
4243,2022-09-24,La R�union,4.0,1
4244,2022-09-25,La R�union,4.0,0
4245,2022-09-26,La R�union,4.0,2
4246,2022-09-27,La R�union,4.0,6
4247,2022-09-28,La R�union,4.0,2
4248,2022-09-29,La R�union,4.0,0
4249,2022-09-30,La R�union,4.0,0
4250,2022-10-01,La R�union,4.0,0
4251,2022-10-02,La R�union,4.0,0
4252,2022-10-03,La R�union,4.0,1
4253,2022-10-04,La R�union,4.0,2
4254,2022-10-05,La R�union,4.0,2
4255,2022-10-06,La R�union,4.0,0
4256,2022-10-07,La R�union,4.0,0
4257,2022-10-08,La R�union,4.0,0
4258,2022-10-09,La R�union,4.0,0
4259,2022-10-10,La R�union,4.0,0
4260,2022-10-11,La R�union,4.0,0
4261,2022-10-12,La R�union,4.0,0
4262,2022-10-13,La R�union,4.0,0
4263,2022-10-14,La R�union,4.0,0
4264,2022-10-15,La R�union,4.0,0
4265,2022-10-16,La R�union,4.0,0
4266,2022-10-17,La R�union,4.0,2
4267,2022-10-18,La R�union,4.0,1
4268,2022-10-19,La R�union,4.0,0
4269,2022-10-20,La R�union,4.0,0
4270,2022-10-21,La R�union,4.0,0
4271,2022-10-22,La R�union,4.0,0
4272,2022-10-23,La R�union,4.0,0
4273,2022-10-24,La R�union,4.0,0
4274,2022-10-25,La R�union,4.0,0
4275,2022-10-26,La R�union,4.0,0
4276,2022-10-27,La R�union,4.0,0
4277,2022-10-28,La R�union,4.0,0
4278,2022-10-29,La R�union,4.0,1
4279,2022-10-30,La R�union,4.0,0
4280,2022-10-31,La R�union,4.0,1
4281,2022-11-01,La R�union,4.0,0
4282,2022-11-02,La R�union,4.0,0
4283,2022-11-03,La R�union,4.0,2
4284,2022-11-04,La R�union,4.0,1
4285,2022-11-05,La R�union,4.0,0
4286,2022-11-06,La R�union,4.0,0
4287,2022-11-07,La R�union,4.0,0
4288,2022-11-08,La R�union,4.0,1
4289,2022-11-09,La R�union,4.0,1
4290,2022-11-10,La R�union,4.0,0
4291,2022-11-11,La R�union,4.0,0
4292,2022-11-12,La R�union,4.0,0
4293,2022-11-13,La R�union,4.0,0
4294,2022-11-14,La R�union,4.0,1
4295,2022-11-15,La R�union,4.0,0
4296,2022-11-16,La R�union,4.0,0
4297,2022-11-17,La R�union,4.0,0
4298,2022-11-18,La R�union,4.0,1
4299,2022-11-19,La R�union,4.0,0
4300,2022-11-20,La R�union,4.0,0
4301,2022-11-21,La R�union,4.0,1
4302,2022-11-22,La R�union,4.0,2
4303,2022-11-23,La R�union,4.0,2
4304,2022-11-24,La R�union,4.0,4
4305,2022-11-25,La R�union,4.0,0
4306,2022-11-26,La R�union,4.0,0
4307,2022-11-27,La R�union,4.0,0
4308,2022-11-28,La R�union,4.0,1
4309,2022-11-29,La R�union,4.0,1
4310,2022-11-30,La R�union,4.0,1
4311,2022-12-01,La R�union,4.0,0
4312,2022-12-02,La R�union,4.0,0
4313,2022-12-03,La R�union,4.0,0
4314,2022-12-04,La R�union,4.0,0
4315,2022-12-05,La R�union,4.0,0
4316,2022-12-06,La R�union,4.0,0
4317,2022-12-07,La R�union,4.0,0
4318,2022-12-08,La R�union,4.0,0
4319,2022-12-09,La R�union,4.0,0
4320,2022-12-10,La R�union,4.0,0
4321,2022-12-11,La R�union,4.0,0
4322,2022-12-12,La R�union,4.0,2
4323,2022-12-13,La R�union,4.0,0
4324,2022-12-14,La R�union,4.0,1
4325,2022-12-15,La R�union,4.0,0
4326,2022-12-16,La R�union,4.0,2
4327,2022-12-17,La R�union,4.0,0
4328,2022-12-18,La R�union,4.0,0
4329,2022-12-19,La R�union,4.0,1
4330,2022-12-20,La R�union,4.0,0
4331,2022-12-21,La R�union,4.0,0
4332,2022-12-22,La R�union,4.0,0
4333,2022-12-23,La R�union,4.0,0
4334,2022-12-24,La R�union,4.0,0
4335,2022-12-25,La R�union,4.0,0
4336,2022-12-26,La R�union,4.0,4
4337,2022-12-27,La R�union,4.0,3
4338,2022-12-28,La R�union,4.0,0
4339,2022-12-29,La R�union,4.0,2
4340,2022-12-30,La R�union,4.0,3
4341,2022-12-31,La R�union,4.0,1
4342,2023-01-01,La R�union,4.0,0
4343,2023-01-02,La R�union,4.0,2
4344,2023-01-03,La R�union,4.0,1
4345,2023-01-04,La R�union,4.0,0
4346,2023-01-05,La R�union,4.0,0
4347,2023-01-06,La R�union,4.0,0
4348,2023-01-07,La R�union,4.0,0
4349,2023-01-08,La R�union,4.0,0
4350,2023-01-09,La R�union,4.0,3
4351,2023-01-10,La R�union,4.0,0
4352,2023-01-11,La R�union,4.0,2
4353,2023-01-12,La R�union,4.0,0
4354,2023-01-13,La R�union,4.0,0
4355,2023-01-14,La R�union,4.0,1
4356,2023-01-15,La R�union,4.0,0
4357,2023-01-16,La R�union,4.0,2
4358,2023-01-17,La R�union,4.0,2
4359,2023-01-18,La R�union,4.0,0
4360,2023-01-19,La R�union,4.0,0
4361,2023-01-20,La R�union,4.0,0
4362,2023-01-21,La R�union,4.0,0
4363,2023-01-22,La R�union,4.0,0
4364,2023-01-23,La R�union,4.0,1
4365,2023-01-24,La R�union,4.0,0
4366,2023-01-25,La R�union,4.0,1
4367,2023-01-26,La R�union,4.0,0
4368,2023-01-27,La R�union,4.0,0
4369,2023-01-28,La R�union,4.0,0
4370,2023-01-29,La R�union,4.0,0
4371,2023-01-30,La R�union,4.0,2
4372,2023-01-31,La R�union,4.0,0
4373,2023-02-01,La R�union,4.0,0
4374,2023-02-02,La R�union,4.0,0
4375,2023-02-03,La R�union,4.0,1
4376,2023-02-04,La R�union,4.0,0
4377,2023-02-05,La R�union,4.0,0
4378,2023-02-06,La R�union,4.0,1
4379,2023-02-07,La R�union,4.0,1
4380,2023-02-08,La R�union,4.0,3
4381,2023-02-09,La R�union,4.0,0
4382,2023-02-10,La R�union,4.0,1
4383,2023-02-11,La R�union,4.0,0
4384,2023-02-12,La R�union,4.0,0
4385,2023-02-13,La R�union,4.0,0
4386,2023-02-14,La R�union,4.0,1
4387,2023-02-15,La R�union,4.0,0
4388,2023-02-16,La R�union,4.0,0
4389,2023-02-17,La R�union,4.0,1
4390,2023-02-18,La R�union,4.0,0
4391,2023-02-19,La R�union,4.0,0
4392,2023-02-20,La R�union,4.0,1
4393,2023-02-21,La R�union,4.0,1
4394,2023-02-22,La R�union,4.0,0
4395,2023-02-23,La R�union,4.0,0
4396,2023-02-24,La R�union,4.0,1
4397,2023-02-25,La R�union,4.0,0
4398,2023-02-26,La R�union,4.0,0
4399,2023-02-27,La R�union,4.0,2
4400,2023-02-28,La R�union,4.0,0
4401,2023-03-01,La R�union,4.0,0
4402,2023-03-02,La R�union,4.0,0
4403,2023-03-03,La R�union,4.0,1
4404,2023-03-04,La R�union,4.0,0
4405,2023-03-05,La R�union,4.0,0
4406,2023-03-06,La R�union,4.0,2
4407,2023-03-07,La R�union,4.0,0
4408,2023-03-08,La R�union,4.0,0
4409,2023-03-09,La R�union,4.0,0
4410,2023-03-10,La R�union,4.0,0
4411,2023-03-11,La R�union,4.0,0
4412,2023-03-12,La R�union,4.0,0
4413,2023-03-13,La R�union,4.0,0
4414,2023-03-14,La R�union,4.0,0
4415,2023-03-15,La R�union,4.0,2
4416,2023-03-16,La R�union,4.0,0
4417,2023-03-17,La R�union,4.0,0
4418,2023-03-18,La R�union,4.0,0
4419,2023-03-19,La R�union,4.0,0
4420,2023-03-20,La R�union,4.0,0
4421,2023-03-21,La R�union,4.0,0
4422,2023-03-22,La R�union,4.0,0
4423,2023-03-23,La R�union,4.0,0
4424,2023-03-24,La R�union,4.0,0
4425,2023-03-25,La R�union,4.0,0
4426,2023-03-26,La R�union,4.0,0
4427,2023-03-27,La R�union,4.0,2
4428,2023-03-28,La R�union,4.0,0
4429,2023-03-29,La R�union,4.0,0
4430,2023-03-30,La R�union,4.0,0
4431,2023-03-31,La R�union,4.0,1
4432,2020-03-19,Mayotte,6.0,0
4433,2020-03-20,Mayotte,6.0,0
4434,2020-03-21,Mayotte,6.0,0
4435,2020-03-22,Mayotte,6.0,0
4436,2020-03-23,Mayotte,6.0,0
4437,2020-03-24,Mayotte,6.0,0
4438,2020-03-25,Mayotte,6.0,0
4439,2020-03-26,Mayotte,6.0,0
4440,2020-03-27,Mayotte,6.0,0
4441,2020-03-28,Mayotte,6.0,0
4442,2020-03-29,Mayotte,6.0,0
4443,2020-03-30,Mayotte,6.0,0
4444,2020-03-31,Mayotte,6.0,0
4445,2020-04-01,Mayotte,6.0,0
4446,2020-04-02,Mayotte,6.0,2
4447,2020-04-03,Mayotte,6.0,0
4448,2020-04-04,Mayotte,6.0,0
4449,2020-04-05,Mayotte,6.0,0
4450,2020-04-06,Mayotte,6.0,0
4451,2020-04-07,Mayotte,6.0,0
4452,2020-04-08,Mayotte,6.0,1
4453,2020-04-09,Mayotte,6.0,0
4454,2020-04-10,Mayotte,6.0,0
4455,2020-04-11,Mayotte,6.0,0
4456,2020-04-12,Mayotte,6.0,0
4457,2020-04-13,Mayotte,6.0,0
4458,2020-04-14,Mayotte,6.0,0
4459,2020-04-15,Mayotte,6.0,1
4460,2020-04-16,Mayotte,6.0,2
4461,2020-04-17,Mayotte,6.0,0
4462,2020-04-18,Mayotte,6.0,0
4463,2020-04-19,Mayotte,6.0,0
4464,2020-04-20,Mayotte,6.0,0
4465,2020-04-21,Mayotte,6.0,0
4466,2020-04-22,Mayotte,6.0,0
4467,2020-04-23,Mayotte,6.0,0
4468,2020-04-24,Mayotte,6.0,0
4469,2020-04-25,Mayotte,6.0,0
4470,2020-04-26,Mayotte,6.0,2
4471,2020-04-27,Mayotte,6.0,0
4472,2020-04-28,Mayotte,6.0,0
4473,2020-04-29,Mayotte,6.0,0
4474,2020-04-30,Mayotte,6.0,0
4475,2020-05-01,Mayotte,6.0,2
4476,2020-05-02,Mayotte,6.0,1
4477,2020-05-03,Mayotte,6.0,1
4478,2020-05-04,Mayotte,6.0,1
4479,2020-05-05,Mayotte,6.0,2
4480,2020-05-06,Mayotte,6.0,1
4481,2020-05-07,Mayotte,6.0,0
4482,2020-05-08,Mayotte,6.0,2
4483,2020-05-09,Mayotte,6.0,0
4484,2020-05-10,Mayotte,6.0,2
4485,2020-05-11,Mayotte,6.0,1
4486,2020-05-12,Mayotte,6.0,0
4487,2020-05-13,Mayotte,6.0,2
4488,2020-05-14,Mayotte,6.0,0
4489,2020-05-15,Mayotte,6.0,1
4490,2020-05-16,Mayotte,6.0,0
4491,2020-05-17,Mayotte,6.0,1
4492,2020-05-18,Mayotte,6.0,0
4493,2020-05-19,Mayotte,6.0,2
4494,2020-05-20,Mayotte,6.0,2
4495,2020-05-21,Mayotte,6.0,0
4496,2020-05-22,Mayotte,6.0,1
4497,2020-05-23,Mayotte,6.0,1
4498,2020-05-24,Mayotte,6.0,0
4499,2020-05-25,Mayotte,6.0,0
4500,2020-05-26,Mayotte,6.0,2
4501,2020-05-27,Mayotte,6.0,0
4502,2020-05-28,Mayotte,6.0,0
4503,2020-05-29,Mayotte,6.0,2
4504,2020-05-30,Mayotte,6.0,0
4505,2020-05-31,Mayotte,6.0,0
4506,2020-06-01,Mayotte,6.0,0
4507,2020-06-02,Mayotte,6.0,1
4508,2020-06-03,Mayotte,6.0,0
4509,2020-06-04,Mayotte,6.0,0
4510,2020-06-05,Mayotte,6.0,2
4511,2020-06-06,Mayotte,6.0,1
4512,2020-06-07,Mayotte,6.0,0
4513,2020-06-08,Mayotte,6.0,1
4514,2020-06-09,Mayotte,6.0,0
4515,2020-06-10,Mayotte,6.0,0
4516,2020-06-11,Mayotte,6.0,1
4517,2020-06-12,Mayotte,6.0,2
4518,2020-06-13,Mayotte,6.0,1
4519,2020-06-14,Mayotte,6.0,0
4520,2020-06-15,Mayotte,6.0,0
4521,2020-06-16,Mayotte,6.0,0
4522,2020-06-17,Mayotte,6.0,0
4523,2020-06-18,Mayotte,6.0,1
4524,2020-06-19,Mayotte,6.0,0
4525,2020-06-20,Mayotte,6.0,0
4526,2020-06-21,Mayotte,6.0,2
4527,2020-06-22,Mayotte,6.0,2
4528,2020-06-23,Mayotte,6.0,1
4529,2020-06-24,Mayotte,6.0,0
4530,2020-06-25,Mayotte,6.0,0
4531,2020-06-26,Mayotte,6.0,0
4532,2020-06-27,Mayotte,6.0,0
4533,2020-06-28,Mayotte,6.0,0
4534,2020-06-29,Mayotte,6.0,1
4535,2020-06-30,Mayotte,6.0,0
4536,2020-07-01,Mayotte,6.0,0
4537,2020-07-02,Mayotte,6.0,0
4538,2020-07-03,Mayotte,6.0,1
4539,2020-07-04,Mayotte,6.0,0
4540,2020-07-05,Mayotte,6.0,0
4541,2020-07-06,Mayotte,6.0,0
4542,2020-07-07,Mayotte,6.0,0
4543,2020-07-08,Mayotte,6.0,0
4544,2020-07-09,Mayotte,6.0,0
4545,2020-07-10,Mayotte,6.0,0
4546,2020-07-11,Mayotte,6.0,0
4547,2020-07-12,Mayotte,6.0,0
4548,2020-07-13,Mayotte,6.0,0
4549,2020-07-14,Mayotte,6.0,0
4550,2020-07-15,Mayotte,6.0,1
4551,2020-07-16,Mayotte,6.0,0
4552,2020-07-17,Mayotte,6.0,0
4553,2020-07-18,Mayotte,6.0,0
4554,2020-07-19,Mayotte,6.0,0
4555,2020-07-20,Mayotte,6.0,0
4556,2020-07-21,Mayotte,6.0,0
4557,2020-07-22,Mayotte,6.0,1
4558,2020-07-23,Mayotte,6.0,0
4559,2020-07-24,Mayotte,6.0,0
4560,2020-07-25,Mayotte,6.0,0
4561,2020-07-26,Mayotte,6.0,0
4562,2020-07-27,Mayotte,6.0,0
4563,2020-07-28,Mayotte,6.0,0
4564,2020-07-29,Mayotte,6.0,1
4565,2020-07-30,Mayotte,6.0,0
4566,2020-07-31,Mayotte,6.0,0
4567,2020-08-01,Mayotte,6.0,0
4568,2020-08-02,Mayotte,6.0,0
4569,2020-08-03,Mayotte,6.0,0
4570,2020-08-04,Mayotte,6.0,1
4571,2020-08-05,Mayotte,6.0,0
4572,2020-08-06,Mayotte,6.0,0
4573,2020-08-07,Mayotte,6.0,0
4574,2020-08-08,Mayotte,6.0,0
4575,2020-08-09,Mayotte,6.0,0
4576,2020-08-10,Mayotte,6.0,0
4577,2020-08-11,Mayotte,6.0,0
4578,2020-08-12,Mayotte,6.0,0
4579,2020-08-13,Mayotte,6.0,0
4580,2020-08-14,Mayotte,6.0,0
4581,2020-08-15,Mayotte,6.0,1
4582,2020-08-16,Mayotte,6.0,0
4583,2020-08-17,Mayotte,6.0,0
4584,2020-08-18,Mayotte,6.0,0
4585,2020-08-19,Mayotte,6.0,0
4586,2020-08-20,Mayotte,6.0,0
4587,2020-08-21,Mayotte,6.0,0
4588,2020-08-22,Mayotte,6.0,0
4589,2020-08-23,Mayotte,6.0,0
4590,2020-08-24,Mayotte,6.0,0
4591,2020-08-25,Mayotte,6.0,1
4592,2020-08-26,Mayotte,6.0,0
4593,2020-08-27,Mayotte,6.0,0
4594,2020-08-28,Mayotte,6.0,0
4595,2020-08-29,Mayotte,6.0,0
4596,2020-08-30,Mayotte,6.0,0
4597,2020-08-31,Mayotte,6.0,1
4598,2020-09-01,Mayotte,6.0,1
4599,2020-09-02,Mayotte,6.0,0
4600,2020-09-03,Mayotte,6.0,0
4601,2020-09-04,Mayotte,6.0,0
4602,2020-09-05,Mayotte,6.0,0
4603,2020-09-06,Mayotte,6.0,0
4604,2020-09-07,Mayotte,6.0,0
4605,2020-09-08,Mayotte,6.0,0
4606,2020-09-09,Mayotte,6.0,0
4607,2020-09-10,Mayotte,6.0,0
4608,2020-09-11,Mayotte,6.0,0
4609,2020-09-12,Mayotte,6.0,0
4610,2020-09-13,Mayotte,6.0,0
4611,2020-09-14,Mayotte,6.0,0
4612,2020-09-15,Mayotte,6.0,0
4613,2020-09-16,Mayotte,6.0,0
4614,2020-09-17,Mayotte,6.0,0
4615,2020-09-18,Mayotte,6.0,0
4616,2020-09-19,Mayotte,6.0,0
4617,2020-09-20,Mayotte,6.0,2
4618,2020-09-21,Mayotte,6.0,0
4619,2020-09-22,Mayotte,6.0,0
4620,2020-09-23,Mayotte,6.0,0
4621,2020-09-24,Mayotte,6.0,0
4622,2020-09-25,Mayotte,6.0,1
4623,2020-09-26,Mayotte,6.0,1
4624,2020-09-27,Mayotte,6.0,0
4625,2020-09-28,Mayotte,6.0,0
4626,2020-09-29,Mayotte,6.0,0
4627,2020-09-30,Mayotte,6.0,0
4628,2020-10-01,Mayotte,6.0,0
4629,2020-10-02,Mayotte,6.0,0
4630,2020-10-03,Mayotte,6.0,0
4631,2020-10-04,Mayotte,6.0,0
4632,2020-10-05,Mayotte,6.0,0
4633,2020-10-06,Mayotte,6.0,0
4634,2020-10-07,Mayotte,6.0,2
4635,2020-10-08,Mayotte,6.0,0
4636,2020-10-09,Mayotte,6.0,0
4637,2020-10-10,Mayotte,6.0,0
4638,2020-10-11,Mayotte,6.0,1
4639,2020-10-12,Mayotte,6.0,0
4640,2020-10-13,Mayotte,6.0,0
4641,2020-10-14,Mayotte,6.0,0
4642,2020-10-15,Mayotte,6.0,0
4643,2020-10-16,Mayotte,6.0,0
4644,2020-10-17,Mayotte,6.0,0
4645,2020-10-18,Mayotte,6.0,0
4646,2020-10-19,Mayotte,6.0,0
4647,2020-10-20,Mayotte,6.0,0
4648,2020-10-21,Mayotte,6.0,0
4649,2020-10-22,Mayotte,6.0,0
4650,2020-10-23,Mayotte,6.0,0
4651,2020-10-24,Mayotte,6.0,0
4652,2020-10-25,Mayotte,6.0,0
4653,2020-10-26,Mayotte,6.0,1
4654,2020-10-27,Mayotte,6.0,0
4655,2020-10-28,Mayotte,6.0,1
4656,2020-10-29,Mayotte,6.0,0
4657,2020-10-30,Mayotte,6.0,0
4658,2020-10-31,Mayotte,6.0,1
4659,2020-11-01,Mayotte,6.0,0
4660,2020-11-02,Mayotte,6.0,0
4661,2020-11-03,Mayotte,6.0,0
4662,2020-11-04,Mayotte,6.0,0
4663,2020-11-05,Mayotte,6.0,0
4664,2020-11-06,Mayotte,6.0,0
4665,2020-11-07,Mayotte,6.0,0
4666,2020-11-08,Mayotte,6.0,1
4667,2020-11-09,Mayotte,6.0,0
4668,2020-11-10,Mayotte,6.0,1
4669,2020-11-11,Mayotte,6.0,1
4670,2020-11-12,Mayotte,6.0,0
4671,2020-11-13,Mayotte,6.0,0
4672,2020-11-14,Mayotte,6.0,0
4673,2020-11-15,Mayotte,6.0,0
4674,2020-11-16,Mayotte,6.0,1
4675,2020-11-17,Mayotte,6.0,1
4676,2020-11-18,Mayotte,6.0,0
4677,2020-11-19,Mayotte,6.0,1
4678,2020-11-20,Mayotte,6.0,0
4679,2020-11-21,Mayotte,6.0,0
4680,2020-11-22,Mayotte,6.0,0
4681,2020-11-23,Mayotte,6.0,0
4682,2020-11-24,Mayotte,6.0,0
4683,2020-11-25,Mayotte,6.0,0
4684,2020-11-26,Mayotte,6.0,1
4685,2020-11-27,Mayotte,6.0,1
4686,2020-11-28,Mayotte,6.0,0
4687,2020-11-29,Mayotte,6.0,0
4688,2020-11-30,Mayotte,6.0,0
4689,2020-12-01,Mayotte,6.0,0
4690,2020-12-02,Mayotte,6.0,1
4691,2020-12-03,Mayotte,6.0,0
4692,2020-12-04,Mayotte,6.0,0
4693,2020-12-05,Mayotte,6.0,1
4694,2020-12-06,Mayotte,6.0,0
4695,2020-12-07,Mayotte,6.0,0
4696,2020-12-08,Mayotte,6.0,0
4697,2020-12-09,Mayotte,6.0,0
4698,2020-12-10,Mayotte,6.0,0
4699,2020-12-11,Mayotte,6.0,0
4700,2020-12-12,Mayotte,6.0,1
4701,2020-12-13,Mayotte,6.0,0
4702,2020-12-14,Mayotte,6.0,0
4703,2020-12-15,Mayotte,6.0,0
4704,2020-12-16,Mayotte,6.0,2
4705,2020-12-17,Mayotte,6.0,0
4706,2020-12-18,Mayotte,6.0,1
4707,2020-12-19,Mayotte,6.0,0
4708,2020-12-20,Mayotte,6.0,0
4709,2020-12-21,Mayotte,6.0,1
4710,2020-12-22,Mayotte,6.0,0
4711,2020-12-23,Mayotte,6.0,0
4712,2020-12-24,Mayotte,6.0,0
4713,2020-12-25,Mayotte,6.0,0
4714,2020-12-26,Mayotte,6.0,0
4715,2020-12-27,Mayotte,6.0,0
4716,2020-12-28,Mayotte,6.0,1
4717,2020-12-29,Mayotte,6.0,0
4718,2020-12-30,Mayotte,6.0,0
4719,2020-12-31,Mayotte,6.0,0
4720,2021-01-01,Mayotte,6.0,0
4721,2021-01-02,Mayotte,6.0,1
4722,2021-01-03,Mayotte,6.0,0
4723,2021-01-04,Mayotte,6.0,0
4724,2021-01-05,Mayotte,6.0,0
4725,2021-01-06,Mayotte,6.0,0
4726,2021-01-07,Mayotte,6.0,0
4727,2021-01-08,Mayotte,6.0,0
4728,2021-01-09,Mayotte,6.0,0
4729,2021-01-10,Mayotte,6.0,0
4730,2021-01-11,Mayotte,6.0,0
4731,2021-01-12,Mayotte,6.0,0
4732,2021-01-13,Mayotte,6.0,1
4733,2021-01-14,Mayotte,6.0,2
4734,2021-01-15,Mayotte,6.0,2
4735,2021-01-16,Mayotte,6.0,1
4736,2021-01-17,Mayotte,6.0,0
4737,2021-01-18,Mayotte,6.0,0
4738,2021-01-19,Mayotte,6.0,0
4739,2021-01-20,Mayotte,6.0,2
4740,2021-01-21,Mayotte,6.0,1
4741,2021-01-22,Mayotte,6.0,1
4742,2021-01-23,Mayotte,6.0,1
4743,2021-01-24,Mayotte,6.0,0
4744,2021-01-25,Mayotte,6.0,0
4745,2021-01-26,Mayotte,6.0,3
4746,2021-01-27,Mayotte,6.0,1
4747,2021-01-28,Mayotte,6.0,0
4748,2021-01-29,Mayotte,6.0,0
4749,2021-01-30,Mayotte,6.0,0
4750,2021-01-31,Mayotte,6.0,2
4751,2021-02-01,Mayotte,6.0,3
4752,2021-02-02,Mayotte,6.0,2
4753,2021-02-03,Mayotte,6.0,0
4754,2021-02-04,Mayotte,6.0,1
4755,2021-02-05,Mayotte,6.0,5
4756,2021-02-06,Mayotte,6.0,1
4757,2021-02-07,Mayotte,6.0,0
4758,2021-02-08,Mayotte,6.0,12
4759,2021-02-09,Mayotte,6.0,12
4760,2021-02-10,Mayotte,6.0,4
4761,2021-02-11,Mayotte,6.0,3
4762,2021-02-12,Mayotte,6.0,4
4763,2021-02-13,Mayotte,6.0,3
4764,2021-02-14,Mayotte,6.0,1
4765,2021-02-15,Mayotte,6.0,8
4766,2021-02-16,Mayotte,6.0,9
4767,2021-02-17,Mayotte,6.0,8
4768,2021-02-18,Mayotte,6.0,7
4769,2021-02-19,Mayotte,6.0,3
4770,2021-02-20,Mayotte,6.0,2
4771,2021-02-21,Mayotte,6.0,13
4772,2021-02-22,Mayotte,6.0,2
4773,2021-02-23,Mayotte,6.0,0
4774,2021-02-24,Mayotte,6.0,9
4775,2021-02-25,Mayotte,6.0,3
4776,2021-02-26,Mayotte,6.0,7
4777,2021-02-27,Mayotte,6.0,4
4778,2021-02-28,Mayotte,6.0,2
4779,2021-03-01,Mayotte,6.0,6
4780,2021-03-02,Mayotte,6.0,1
4781,2021-03-03,Mayotte,6.0,4
4782,2021-03-04,Mayotte,6.0,2
4783,2021-03-05,Mayotte,6.0,0
4784,2021-03-06,Mayotte,6.0,1
4785,2021-03-07,Mayotte,6.0,0
4786,2021-03-08,Mayotte,6.0,4
4787,2021-03-09,Mayotte,6.0,1
4788,2021-03-10,Mayotte,6.0,0
4789,2021-03-11,Mayotte,6.0,2
4790,2021-03-12,Mayotte,6.0,2
4791,2021-03-13,Mayotte,6.0,1
4792,2021-03-14,Mayotte,6.0,0
4793,2021-03-15,Mayotte,6.0,0
4794,2021-03-16,Mayotte,6.0,0
4795,2021-03-17,Mayotte,6.0,0
4796,2021-03-18,Mayotte,6.0,0
4797,2021-03-19,Mayotte,6.0,3
4798,2021-03-20,Mayotte,6.0,1
4799,2021-03-21,Mayotte,6.0,2
4800,2021-03-22,Mayotte,6.0,0
4801,2021-03-23,Mayotte,6.0,0
4802,2021-03-24,Mayotte,6.0,0
4803,2021-03-25,Mayotte,6.0,0
4804,2021-03-26,Mayotte,6.0,1
4805,2021-03-27,Mayotte,6.0,1
4806,2021-03-28,Mayotte,6.0,0
4807,2021-03-29,Mayotte,6.0,3
4808,2021-03-30,Mayotte,6.0,0
4809,2021-03-31,Mayotte,6.0,1
4810,2021-04-01,Mayotte,6.0,0
4811,2021-04-02,Mayotte,6.0,0
4812,2021-04-03,Mayotte,6.0,0
4813,2021-04-04,Mayotte,6.0,0
4814,2021-04-05,Mayotte,6.0,0
4815,2021-04-06,Mayotte,6.0,0
4816,2021-04-07,Mayotte,6.0,0
4817,2021-04-08,Mayotte,6.0,0
4818,2021-04-09,Mayotte,6.0,0
4819,2021-04-10,Mayotte,6.0,0
4820,2021-04-11,Mayotte,6.0,1
4821,2021-04-12,Mayotte,6.0,0
4822,2021-04-13,Mayotte,6.0,1
4823,2021-04-14,Mayotte,6.0,0
4824,2021-04-15,Mayotte,6.0,0
4825,2021-04-16,Mayotte,6.0,0
4826,2021-04-17,Mayotte,6.0,0
4827,2021-04-18,Mayotte,6.0,1
4828,2021-04-19,Mayotte,6.0,0
4829,2021-04-20,Mayotte,6.0,0
4830,2021-04-21,Mayotte,6.0,0
4831,2021-04-22,Mayotte,6.0,1
4832,2021-04-23,Mayotte,6.0,0
4833,2021-04-24,Mayotte,6.0,0
4834,2021-04-25,Mayotte,6.0,0
4835,2021-04-26,Mayotte,6.0,1
4836,2021-04-27,Mayotte,6.0,0
4837,2021-04-28,Mayotte,6.0,0
4838,2021-04-29,Mayotte,6.0,0
4839,2021-04-30,Mayotte,6.0,1
4840,2021-05-01,Mayotte,6.0,2
4841,2021-05-02,Mayotte,6.0,0
4842,2021-05-03,Mayotte,6.0,0
4843,2021-05-04,Mayotte,6.0,0
4844,2021-05-05,Mayotte,6.0,0
4845,2021-05-06,Mayotte,6.0,0
4846,2021-05-07,Mayotte,6.0,2
4847,2021-05-08,Mayotte,6.0,3
4848,2021-05-09,Mayotte,6.0,0
4849,2021-05-10,Mayotte,6.0,0
4850,2021-05-11,Mayotte,6.0,1
4851,2021-05-12,Mayotte,6.0,0
4852,2021-05-13,Mayotte,6.0,0
4853,2021-05-14,Mayotte,6.0,0
4854,2021-05-15,Mayotte,6.0,0
4855,2021-05-16,Mayotte,6.0,0
4856,2021-05-17,Mayotte,6.0,0
4857,2021-05-18,Mayotte,6.0,0
4858,2021-05-19,Mayotte,6.0,1
4859,2021-05-20,Mayotte,6.0,0
4860,2021-05-21,Mayotte,6.0,0
4861,2021-05-22,Mayotte,6.0,0
4862,2021-05-23,Mayotte,6.0,0
4863,2021-05-24,Mayotte,6.0,0
4864,2021-05-25,Mayotte,6.0,0
4865,2021-05-26,Mayotte,6.0,0
4866,2021-05-27,Mayotte,6.0,0
4867,2021-05-28,Mayotte,6.0,0
4868,2021-05-29,Mayotte,6.0,0
4869,2021-05-30,Mayotte,6.0,0
4870,2021-05-31,Mayotte,6.0,0
4871,2021-06-01,Mayotte,6.0,0
4872,2021-06-02,Mayotte,6.0,0
4873,2021-06-03,Mayotte,6.0,1
4874,2021-06-04,Mayotte,6.0,0
4875,2021-06-05,Mayotte,6.0,0
4876,2021-06-06,Mayotte,6.0,0
4877,2021-06-07,Mayotte,6.0,0
4878,2021-06-08,Mayotte,6.0,0
4879,2021-06-09,Mayotte,6.0,0
4880,2021-06-10,Mayotte,6.0,1
4881,2021-06-11,Mayotte,6.0,0
4882,2021-06-12,Mayotte,6.0,0
4883,2021-06-13,Mayotte,6.0,0
4884,2021-06-14,Mayotte,6.0,0
4885,2021-06-15,Mayotte,6.0,0
4886,2021-06-16,Mayotte,6.0,0
4887,2021-06-17,Mayotte,6.0,1
4888,2021-06-18,Mayotte,6.0,0
4889,2021-06-19,Mayotte,6.0,0
4890,2021-06-20,Mayotte,6.0,0
4891,2021-06-21,Mayotte,6.0,0
4892,2021-06-22,Mayotte,6.0,0
4893,2021-06-23,Mayotte,6.0,0
4894,2021-06-24,Mayotte,6.0,0
4895,2021-06-25,Mayotte,6.0,0
4896,2021-06-26,Mayotte,6.0,0
4897,2021-06-27,Mayotte,6.0,0
4898,2021-06-28,Mayotte,6.0,0
4899,2021-06-29,Mayotte,6.0,0
4900,2021-06-30,Mayotte,6.0,0
4901,2021-07-01,Mayotte,6.0,0
4902,2021-07-02,Mayotte,6.0,0
4903,2021-07-03,Mayotte,6.0,0
4904,2021-07-04,Mayotte,6.0,0
4905,2021-07-05,Mayotte,6.0,0
4906,2021-07-06,Mayotte,6.0,0
4907,2021-07-07,Mayotte,6.0,0
4908,2021-07-08,Mayotte,6.0,0
4909,2021-07-09,Mayotte,6.0,0
4910,2021-07-10,Mayotte,6.0,0
4911,2021-07-11,Mayotte,6.0,0
4912,2021-07-12,Mayotte,6.0,0
4913,2021-07-13,Mayotte,6.0,0
4914,2021-07-14,Mayotte,6.0,0
4915,2021-07-15,Mayotte,6.0,0
4916,2021-07-16,Mayotte,6.0,0
4917,2021-07-17,Mayotte,6.0,0
4918,2021-07-18,Mayotte,6.0,0
4919,2021-07-19,Mayotte,6.0,0
4920,2021-07-20,Mayotte,6.0,0
4921,2021-07-21,Mayotte,6.0,0
4922,2021-07-22,Mayotte,6.0,0
4923,2021-07-23,Mayotte,6.0,0
4924,2021-07-24,Mayotte,6.0,0
4925,2021-07-25,Mayotte,6.0,0
4926,2021-07-26,Mayotte,6.0,0
4927,2021-07-27,Mayotte,6.0,0
4928,2021-07-28,Mayotte,6.0,0
4929,2021-07-29,Mayotte,6.0,0
4930,2021-07-30,Mayotte,6.0,0
4931,2021-07-31,Mayotte,6.0,0
4932,2021-08-01,Mayotte,6.0,0
4933,2021-08-02,Mayotte,6.0,0
4934,2021-08-03,Mayotte,6.0,0
4935,2021-08-04,Mayotte,6.0,0
4936,2021-08-05,Mayotte,6.0,0
4937,2021-08-06,Mayotte,6.0,0
4938,2021-08-07,Mayotte,6.0,0
4939,2021-08-08,Mayotte,6.0,0
4940,2021-08-09,Mayotte,6.0,0
4941,2021-08-10,Mayotte,6.0,0
4942,2021-08-11,Mayotte,6.0,0
4943,2021-08-12,Mayotte,6.0,0
4944,2021-08-13,Mayotte,6.0,0
4945,2021-08-14,Mayotte,6.0,0
4946,2021-08-15,Mayotte,6.0,0
4947,2021-08-16,Mayotte,6.0,0
4948,2021-08-17,Mayotte,6.0,0
4949,2021-08-18,Mayotte,6.0,0
4950,2021-08-19,Mayotte,6.0,0
4951,2021-08-20,Mayotte,6.0,0
4952,2021-08-21,Mayotte,6.0,0
4953,2021-08-22,Mayotte,6.0,0
4954,2021-08-23,Mayotte,6.0,0
4955,2021-08-24,Mayotte,6.0,0
4956,2021-08-25,Mayotte,6.0,0
4957,2021-08-26,Mayotte,6.0,0
4958,2021-08-27,Mayotte,6.0,0
4959,2021-08-28,Mayotte,6.0,0
4960,2021-08-29,Mayotte,6.0,0
4961,2021-08-30,Mayotte,6.0,0
4962,2021-08-31,Mayotte,6.0,0
4963,2021-09-01,Mayotte,6.0,0
4964,2021-09-02,Mayotte,6.0,0
4965,2021-09-03,Mayotte,6.0,0
4966,2021-09-04,Mayotte,6.0,0
4967,2021-09-05,Mayotte,6.0,0
4968,2021-09-06,Mayotte,6.0,0
4969,2021-09-07,Mayotte,6.0,1
4970,2021-09-08,Mayotte,6.0,0
4971,2021-09-09,Mayotte,6.0,0
4972,2021-09-10,Mayotte,6.0,0
4973,2021-09-11,Mayotte,6.0,0
4974,2021-09-12,Mayotte,6.0,0
4975,2021-09-13,Mayotte,6.0,0
4976,2021-09-14,Mayotte,6.0,0
4977,2021-09-15,Mayotte,6.0,1
4978,2021-09-16,Mayotte,6.0,0
4979,2021-09-17,Mayotte,6.0,0
4980,2021-09-18,Mayotte,6.0,0
4981,2021-09-19,Mayotte,6.0,0
4982,2021-09-20,Mayotte,6.0,1
4983,2021-09-21,Mayotte,6.0,0
4984,2021-09-22,Mayotte,6.0,0
4985,2021-09-23,Mayotte,6.0,1
4986,2021-09-24,Mayotte,6.0,0
4987,2021-09-25,Mayotte,6.0,0
4988,2021-09-26,Mayotte,6.0,0
4989,2021-09-27,Mayotte,6.0,0
4990,2021-09-28,Mayotte,6.0,0
4991,2021-09-29,Mayotte,6.0,0
4992,2021-09-30,Mayotte,6.0,0
4993,2021-10-01,Mayotte,6.0,0
4994,2021-10-02,Mayotte,6.0,0
4995,2021-10-03,Mayotte,6.0,0
4996,2021-10-04,Mayotte,6.0,0
4997,2021-10-05,Mayotte,6.0,0
4998,2021-10-06,Mayotte,6.0,0
4999,2021-10-07,Mayotte,6.0,0
5000,2021-10-08,Mayotte,6.0,0
5001,2021-10-09,Mayotte,6.0,0
5002,2021-10-10,Mayotte,6.0,0
5003,2021-10-11,Mayotte,6.0,0
5004,2021-10-12,Mayotte,6.0,0
5005,2021-10-13,Mayotte,6.0,0
5006,2021-10-14,Mayotte,6.0,0
5007,2021-10-15,Mayotte,6.0,0
5008,2021-10-16,Mayotte,6.0,1
5009,2021-10-17,Mayotte,6.0,0
5010,2021-10-18,Mayotte,6.0,0
5011,2021-10-19,Mayotte,6.0,1
5012,2021-10-20,Mayotte,6.0,0
5013,2021-10-21,Mayotte,6.0,0
5014,2021-10-22,Mayotte,6.0,0
5015,2021-10-23,Mayotte,6.0,0
5016,2021-10-24,Mayotte,6.0,0
5017,2021-10-25,Mayotte,6.0,0
5018,2021-10-26,Mayotte,6.0,1
5019,2021-10-27,Mayotte,6.0,0
5020,2021-10-28,Mayotte,6.0,0
5021,2021-10-29,Mayotte,6.0,0
5022,2021-10-30,Mayotte,6.0,0
5023,2021-10-31,Mayotte,6.0,1
5024,2021-11-01,Mayotte,6.0,0
5025,2021-11-02,Mayotte,6.0,0
5026,2021-11-03,Mayotte,6.0,0
5027,2021-11-04,Mayotte,6.0,0
5028,2021-11-05,Mayotte,6.0,0
5029,2021-11-06,Mayotte,6.0,0
5030,2021-11-07,Mayotte,6.0,0
5031,2021-11-08,Mayotte,6.0,1
5032,2021-11-09,Mayotte,6.0,0
5033,2021-11-10,Mayotte,6.0,0
5034,2021-11-11,Mayotte,6.0,0
5035,2021-11-12,Mayotte,6.0,0
5036,2021-11-13,Mayotte,6.0,0
5037,2021-11-14,Mayotte,6.0,0
5038,2021-11-15,Mayotte,6.0,0
5039,2021-11-16,Mayotte,6.0,0
5040,2021-11-17,Mayotte,6.0,0
5041,2021-11-18,Mayotte,6.0,0
5042,2021-11-19,Mayotte,6.0,0
5043,2021-11-20,Mayotte,6.0,0
5044,2021-11-21,Mayotte,6.0,0
5045,2021-11-22,Mayotte,6.0,0
5046,2021-11-23,Mayotte,6.0,0
5047,2021-11-24,Mayotte,6.0,0
5048,2021-11-25,Mayotte,6.0,0
5049,2021-11-26,Mayotte,6.0,0
5050,2021-11-27,Mayotte,6.0,0
5051,2021-11-28,Mayotte,6.0,0
5052,2021-11-29,Mayotte,6.0,0
5053,2021-11-30,Mayotte,6.0,0
5054,2021-12-01,Mayotte,6.0,0
5055,2021-12-02,Mayotte,6.0,0
5056,2021-12-03,Mayotte,6.0,0
5057,2021-12-04,Mayotte,6.0,1
5058,2021-12-05,Mayotte,6.0,0
5059,2021-12-06,Mayotte,6.0,0
5060,2021-12-07,Mayotte,6.0,0
5061,2021-12-08,Mayotte,6.0,0
5062,2021-12-09,Mayotte,6.0,0
5063,2021-12-10,Mayotte,6.0,0
5064,2021-12-11,Mayotte,6.0,0
5065,2021-12-12,Mayotte,6.0,0
5066,2021-12-13,Mayotte,6.0,0
5067,2021-12-14,Mayotte,6.0,0
5068,2021-12-15,Mayotte,6.0,0
5069,2021-12-16,Mayotte,6.0,0
5070,2021-12-17,Mayotte,6.0,0
5071,2021-12-18,Mayotte,6.0,0
5072,2021-12-19,Mayotte,6.0,0
5073,2021-12-20,Mayotte,6.0,0
5074,2021-12-21,Mayotte,6.0,0
5075,2021-12-22,Mayotte,6.0,0
5076,2021-12-23,Mayotte,6.0,0
5077,2021-12-24,Mayotte,6.0,0
5078,2021-12-25,Mayotte,6.0,0
5079,2021-12-26,Mayotte,6.0,0
5080,2021-12-27,Mayotte,6.0,1
5081,2021-12-28,Mayotte,6.0,0
5082,2021-12-29,Mayotte,6.0,0
5083,2021-12-30,Mayotte,6.0,1
5084,2021-12-31,Mayotte,6.0,1
5085,2022-01-01,Mayotte,6.0,0
5086,2022-01-02,Mayotte,6.0,2
5087,2022-01-03,Mayotte,6.0,1
5088,2022-01-04,Mayotte,6.0,0
5089,2022-01-05,Mayotte,6.0,0
5090,2022-01-06,Mayotte,6.0,1
5091,2022-01-07,Mayotte,6.0,2
5092,2022-01-08,Mayotte,6.0,1
5093,2022-01-09,Mayotte,6.0,0
5094,2022-01-10,Mayotte,6.0,0
5095,2022-01-11,Mayotte,6.0,1
5096,2022-01-12,Mayotte,6.0,0
5097,2022-01-13,Mayotte,6.0,0
5098,2022-01-14,Mayotte,6.0,2
5099,2022-01-15,Mayotte,6.0,1
5100,2022-01-16,Mayotte,6.0,3
5101,2022-01-17,Mayotte,6.0,1
5102,2022-01-18,Mayotte,6.0,2
5103,2022-01-19,Mayotte,6.0,0
5104,2022-01-20,Mayotte,6.0,3
5105,2022-01-21,Mayotte,6.0,0
5106,2022-01-22,Mayotte,6.0,1
5107,2022-01-23,Mayotte,6.0,0
5108,2022-01-24,Mayotte,6.0,1
5109,2022-01-25,Mayotte,6.0,0
5110,2022-01-26,Mayotte,6.0,0
5111,2022-01-27,Mayotte,6.0,0
5112,2022-01-28,Mayotte,6.0,1
5113,2022-01-29,Mayotte,6.0,0
5114,2022-01-30,Mayotte,6.0,0
5115,2022-01-31,Mayotte,6.0,0
5116,2022-02-01,Mayotte,6.0,0
5117,2022-02-02,Mayotte,6.0,0
5118,2022-02-03,Mayotte,6.0,0
5119,2022-02-04,Mayotte,6.0,1
5120,2022-02-05,Mayotte,6.0,1
5121,2022-02-06,Mayotte,6.0,0
5122,2022-02-07,Mayotte,6.0,0
5123,2022-02-08,Mayotte,6.0,0
5124,2022-02-09,Mayotte,6.0,0
5125,2022-02-10,Mayotte,6.0,0
5126,2022-02-11,Mayotte,6.0,0
5127,2022-02-12,Mayotte,6.0,0
5128,2022-02-13,Mayotte,6.0,0
5129,2022-02-14,Mayotte,6.0,0
5130,2022-02-15,Mayotte,6.0,0
5131,2022-02-16,Mayotte,6.0,0
5132,2022-02-17,Mayotte,6.0,1
5133,2022-02-18,Mayotte,6.0,0
5134,2022-02-19,Mayotte,6.0,0
5135,2022-02-20,Mayotte,6.0,0
5136,2022-02-21,Mayotte,6.0,0
5137,2022-02-22,Mayotte,6.0,1
5138,2022-02-23,Mayotte,6.0,0
5139,2022-02-24,Mayotte,6.0,0
5140,2022-02-25,Mayotte,6.0,0
5141,2022-02-26,Mayotte,6.0,0
5142,2022-02-27,Mayotte,6.0,0
5143,2022-02-28,Mayotte,6.0,0
5144,2022-03-01,Mayotte,6.0,0
5145,2022-03-02,Mayotte,6.0,0
5146,2022-03-03,Mayotte,6.0,0
5147,2022-03-04,Mayotte,6.0,0
5148,2022-03-05,Mayotte,6.0,0
5149,2022-03-06,Mayotte,6.0,0
5150,2022-03-07,Mayotte,6.0,0
5151,2022-03-08,Mayotte,6.0,0
5152,2022-03-09,Mayotte,6.0,0
5153,2022-03-10,Mayotte,6.0,0
5154,2022-03-11,Mayotte,6.0,0
5155,2022-03-12,Mayotte,6.0,0
5156,2022-03-13,Mayotte,6.0,0
5157,2022-03-14,Mayotte,6.0,0
5158,2022-03-15,Mayotte,6.0,0
5159,2022-03-16,Mayotte,6.0,0
5160,2022-03-17,Mayotte,6.0,0
5161,2022-03-18,Mayotte,6.0,0
5162,2022-03-19,Mayotte,6.0,0
5163,2022-03-20,Mayotte,6.0,0
5164,2022-03-21,Mayotte,6.0,0
5165,2022-03-22,Mayotte,6.0,0
5166,2022-03-23,Mayotte,6.0,0
5167,2022-03-24,Mayotte,6.0,0
5168,2022-03-25,Mayotte,6.0,0
5169,2022-03-26,Mayotte,6.0,0
5170,2022-03-27,Mayotte,6.0,0
5171,2022-03-28,Mayotte,6.0,0
5172,2022-03-29,Mayotte,6.0,0
5173,2022-03-30,Mayotte,6.0,0
5174,2022-03-31,Mayotte,6.0,0
5175,2022-04-01,Mayotte,6.0,0
5176,2022-04-02,Mayotte,6.0,0
5177,2022-04-03,Mayotte,6.0,0
5178,2022-04-04,Mayotte,6.0,0
5179,2022-04-05,Mayotte,6.0,0
5180,2022-04-06,Mayotte,6.0,0
5181,2022-04-07,Mayotte,6.0,0
5182,2022-04-08,Mayotte,6.0,0
5183,2022-04-09,Mayotte,6.0,0
5184,2022-04-10,Mayotte,6.0,0
5185,2022-04-11,Mayotte,6.0,0
5186,2022-04-12,Mayotte,6.0,0
5187,2022-04-13,Mayotte,6.0,0
5188,2022-04-14,Mayotte,6.0,0
5189,2022-04-15,Mayotte,6.0,0
5190,2022-04-16,Mayotte,6.0,0
5191,2022-04-17,Mayotte,6.0,0
5192,2022-04-18,Mayotte,6.0,0
5193,2022-04-19,Mayotte,6.0,0
5194,2022-04-20,Mayotte,6.0,0
5195,2022-04-21,Mayotte,6.0,0
5196,2022-04-22,Mayotte,6.0,0
5197,2022-04-23,Mayotte,6.0,0
5198,2022-04-24,Mayotte,6.0,0
5199,2022-04-25,Mayotte,6.0,0
5200,2022-04-26,Mayotte,6.0,0
5201,2022-04-27,Mayotte,6.0,0
5202,2022-04-28,Mayotte,6.0,0
5203,2022-04-29,Mayotte,6.0,0
5204,2022-04-30,Mayotte,6.0,0
5205,2022-05-01,Mayotte,6.0,0
5206,2022-05-02,Mayotte,6.0,0
5207,2022-05-03,Mayotte,6.0,0
5208,2022-05-04,Mayotte,6.0,0
5209,2022-05-05,Mayotte,6.0,0
5210,2022-05-06,Mayotte,6.0,0
5211,2022-05-07,Mayotte,6.0,0
5212,2022-05-08,Mayotte,6.0,0
5213,2022-05-09,Mayotte,6.0,0
5214,2022-05-10,Mayotte,6.0,0
5215,2022-05-11,Mayotte,6.0,0
5216,2022-05-12,Mayotte,6.0,0
5217,2022-05-13,Mayotte,6.0,0
5218,2022-05-14,Mayotte,6.0,0
5219,2022-05-15,Mayotte,6.0,0
5220,2022-05-16,Mayotte,6.0,0
5221,2022-05-17,Mayotte,6.0,0
5222,2022-05-18,Mayotte,6.0,0
5223,2022-05-19,Mayotte,6.0,0
5224,2022-05-20,Mayotte,6.0,0
5225,2022-05-21,Mayotte,6.0,0
5226,2022-05-22,Mayotte,6.0,0
5227,2022-05-23,Mayotte,6.0,0
5228,2022-05-24,Mayotte,6.0,0
5229,2022-05-25,Mayotte,6.0,0
5230,2022-05-26,Mayotte,6.0,0
5231,2022-05-27,Mayotte,6.0,0
5232,2022-05-28,Mayotte,6.0,0
5233,2022-05-29,Mayotte,6.0,0
5234,2022-05-30,Mayotte,6.0,0
5235,2022-05-31,Mayotte,6.0,0
5236,2022-06-01,Mayotte,6.0,0
5237,2022-06-02,Mayotte,6.0,0
5238,2022-06-03,Mayotte,6.0,0
5239,2022-06-04,Mayotte,6.0,0
5240,2022-06-05,Mayotte,6.0,0
5241,2022-06-06,Mayotte,6.0,0
5242,2022-06-07,Mayotte,6.0,0
5243,2022-06-08,Mayotte,6.0,0
5244,2022-06-09,Mayotte,6.0,0
5245,2022-06-10,Mayotte,6.0,0
5246,2022-06-11,Mayotte,6.0,0
5247,2022-06-12,Mayotte,6.0,0
5248,2022-06-13,Mayotte,6.0,0
5249,2022-06-14,Mayotte,6.0,0
5250,2022-06-15,Mayotte,6.0,0
5251,2022-06-16,Mayotte,6.0,0
5252,2022-06-17,Mayotte,6.0,0
5253,2022-06-18,Mayotte,6.0,0
5254,2022-06-19,Mayotte,6.0,0
5255,2022-06-20,Mayotte,6.0,0
5256,2022-06-21,Mayotte,6.0,0
5257,2022-06-22,Mayotte,6.0,0
5258,2022-06-23,Mayotte,6.0,0
5259,2022-06-24,Mayotte,6.0,0
5260,2022-06-25,Mayotte,6.0,0
5261,2022-06-26,Mayotte,6.0,0
5262,2022-06-27,Mayotte,6.0,0
5263,2022-06-28,Mayotte,6.0,0
5264,2022-06-29,Mayotte,6.0,0
5265,2022-06-30,Mayotte,6.0,0
5266,2022-07-01,Mayotte,6.0,0
5267,2022-07-02,Mayotte,6.0,0
5268,2022-07-03,Mayotte,6.0,0
5269,2022-07-04,Mayotte,6.0,0
5270,2022-07-05,Mayotte,6.0,0
5271,2022-07-06,Mayotte,6.0,0
5272,2022-07-07,Mayotte,6.0,0
5273,2022-07-08,Mayotte,6.0,0
5274,2022-07-09,Mayotte,6.0,0
5275,2022-07-10,Mayotte,6.0,0
5276,2022-07-11,Mayotte,6.0,0
5277,2022-07-12,Mayotte,6.0,0
5278,2022-07-13,Mayotte,6.0,0
5279,2022-07-14,Mayotte,6.0,0
5280,2022-07-15,Mayotte,6.0,0
5281,2022-07-16,Mayotte,6.0,0
5282,2022-07-17,Mayotte,6.0,0
5283,2022-07-18,Mayotte,6.0,0
5284,2022-07-19,Mayotte,6.0,0
5285,2022-07-20,Mayotte,6.0,0
5286,2022-07-21,Mayotte,6.0,0
5287,2022-07-22,Mayotte,6.0,0
5288,2022-07-23,Mayotte,6.0,0
5289,2022-07-24,Mayotte,6.0,0
5290,2022-07-25,Mayotte,6.0,0
5291,2022-07-26,Mayotte,6.0,0
5292,2022-07-27,Mayotte,6.0,0
5293,2022-07-28,Mayotte,6.0,0
5294,2022-07-29,Mayotte,6.0,0
5295,2022-07-30,Mayotte,6.0,0
5296,2022-07-31,Mayotte,6.0,0
5297,2022-08-01,Mayotte,6.0,0
5298,2022-08-02,Mayotte,6.0,0
5299,2022-08-03,Mayotte,6.0,0
5300,2022-08-04,Mayotte,6.0,0
5301,2022-08-05,Mayotte,6.0,0
5302,2022-08-06,Mayotte,6.0,0
5303,2022-08-07,Mayotte,6.0,0
5304,2022-08-08,Mayotte,6.0,0
5305,2022-08-09,Mayotte,6.0,0
5306,2022-08-10,Mayotte,6.0,0
5307,2022-08-11,Mayotte,6.0,0
5308,2022-08-12,Mayotte,6.0,0
5309,2022-08-13,Mayotte,6.0,0
5310,2022-08-14,Mayotte,6.0,0
5311,2022-08-15,Mayotte,6.0,0
5312,2022-08-16,Mayotte,6.0,0
5313,2022-08-17,Mayotte,6.0,0
5314,2022-08-18,Mayotte,6.0,0
5315,2022-08-19,Mayotte,6.0,0
5316,2022-08-20,Mayotte,6.0,0
5317,2022-08-21,Mayotte,6.0,0
5318,2022-08-22,Mayotte,6.0,0
5319,2022-08-23,Mayotte,6.0,0
5320,2022-08-24,Mayotte,6.0,0
5321,2022-08-25,Mayotte,6.0,0
5322,2022-08-26,Mayotte,6.0,0
5323,2022-08-27,Mayotte,6.0,0
5324,2022-08-28,Mayotte,6.0,0
5325,2022-08-29,Mayotte,6.0,0
5326,2022-08-30,Mayotte,6.0,0
5327,2022-08-31,Mayotte,6.0,0
5328,2022-09-01,Mayotte,6.0,0
5329,2022-09-02,Mayotte,6.0,0
5330,2022-09-03,Mayotte,6.0,0
5331,2022-09-04,Mayotte,6.0,0
5332,2022-09-05,Mayotte,6.0,0
5333,2022-09-06,Mayotte,6.0,0
5334,2022-09-07,Mayotte,6.0,0
5335,2022-09-08,Mayotte,6.0,1
5336,2022-09-09,Mayotte,6.0,0
5337,2022-09-10,Mayotte,6.0,0
5338,2022-09-11,Mayotte,6.0,0
5339,2022-09-12,Mayotte,6.0,0
5340,2022-09-13,Mayotte,6.0,0
5341,2022-09-14,Mayotte,6.0,0
5342,2022-09-15,Mayotte,6.0,0
5343,2022-09-16,Mayotte,6.0,0
5344,2022-09-17,Mayotte,6.0,0
5345,2022-09-18,Mayotte,6.0,0
5346,2022-09-19,Mayotte,6.0,0
5347,2022-09-20,Mayotte,6.0,0
5348,2022-09-21,Mayotte,6.0,0
5349,2022-09-22,Mayotte,6.0,0
5350,2022-09-23,Mayotte,6.0,0
5351,2022-09-24,Mayotte,6.0,0
5352,2022-09-25,Mayotte,6.0,0
5353,2022-09-26,Mayotte,6.0,0
5354,2022-09-27,Mayotte,6.0,0
5355,2022-09-28,Mayotte,6.0,0
5356,2022-09-29,Mayotte,6.0,0
5357,2022-09-30,Mayotte,6.0,0
5358,2022-10-01,Mayotte,6.0,0
5359,2022-10-02,Mayotte,6.0,0
5360,2022-10-03,Mayotte,6.0,0
5361,2022-10-04,Mayotte,6.0,0
5362,2022-10-05,Mayotte,6.0,0
5363,2022-10-06,Mayotte,6.0,0
5364,2022-10-07,Mayotte,6.0,0
5365,2022-10-08,Mayotte,6.0,0
5366,2022-10-09,Mayotte,6.0,0
5367,2022-10-10,Mayotte,6.0,0
5368,2022-10-11,Mayotte,6.0,0
5369,2022-10-12,Mayotte,6.0,0
5370,2022-10-13,Mayotte,6.0,0
5371,2022-10-14,Mayotte,6.0,1
5372,2022-10-15,Mayotte,6.0,0
5373,2022-10-16,Mayotte,6.0,0
5374,2022-10-17,Mayotte,6.0,0
5375,2022-10-18,Mayotte,6.0,0
5376,2022-10-19,Mayotte,6.0,0
5377,2022-10-20,Mayotte,6.0,0
5378,2022-10-21,Mayotte,6.0,0
5379,2022-10-22,Mayotte,6.0,0
5380,2022-10-23,Mayotte,6.0,0
5381,2022-10-24,Mayotte,6.0,0
5382,2022-10-25,Mayotte,6.0,0
5383,2022-10-26,Mayotte,6.0,0
5384,2022-10-27,Mayotte,6.0,0
5385,2022-10-28,Mayotte,6.0,0
5386,2022-10-29,Mayotte,6.0,0
5387,2022-10-30,Mayotte,6.0,0
5388,2022-10-31,Mayotte,6.0,0
5389,2022-11-01,Mayotte,6.0,0
5390,2022-11-02,Mayotte,6.0,0
5391,2022-11-03,Mayotte,6.0,0
5392,2022-11-04,Mayotte,6.0,0
5393,2022-11-05,Mayotte,6.0,0
5394,2022-11-06,Mayotte,6.0,0
5395,2022-11-07,Mayotte,6.0,0
5396,2022-11-08,Mayotte,6.0,0
5397,2022-11-09,Mayotte,6.0,0
5398,2022-11-10,Mayotte,6.0,0
5399,2022-11-11,Mayotte,6.0,0
5400,2022-11-12,Mayotte,6.0,0
5401,2022-11-13,Mayotte,6.0,0
5402,2022-11-14,Mayotte,6.0,0
5403,2022-11-15,Mayotte,6.0,0
5404,2022-11-16,Mayotte,6.0,0
5405,2022-11-17,Mayotte,6.0,0
5406,2022-11-18,Mayotte,6.0,0
5407,2022-11-19,Mayotte,6.0,0
5408,2022-11-20,Mayotte,6.0,0
5409,2022-11-21,Mayotte,6.0,0
5410,2022-11-22,Mayotte,6.0,0
5411,2022-11-23,Mayotte,6.0,0
5412,2022-11-24,Mayotte,6.0,0
5413,2022-11-25,Mayotte,6.0,0
5414,2022-11-26,Mayotte,6.0,0
5415,2022-11-27,Mayotte,6.0,0
5416,2022-11-28,Mayotte,6.0,0
5417,2022-11-29,Mayotte,6.0,0
5418,2022-11-30,Mayotte,6.0,0
5419,2022-12-01,Mayotte,6.0,0
5420,2022-12-02,Mayotte,6.0,0
5421,2022-12-03,Mayotte,6.0,0
5422,2022-12-04,Mayotte,6.0,0
5423,2022-12-05,Mayotte,6.0,0
5424,2022-12-06,Mayotte,6.0,0
5425,2022-12-07,Mayotte,6.0,0
5426,2022-12-08,Mayotte,6.0,0
5427,2022-12-09,Mayotte,6.0,0
5428,2022-12-10,Mayotte,6.0,0
5429,2022-12-11,Mayotte,6.0,0
5430,2022-12-12,Mayotte,6.0,0
5431,2022-12-13,Mayotte,6.0,0
5432,2022-12-14,Mayotte,6.0,0
5433,2022-12-15,Mayotte,6.0,0
5434,2022-12-16,Mayotte,6.0,0
5435,2022-12-17,Mayotte,6.0,0
5436,2022-12-18,Mayotte,6.0,0
5437,2022-12-19,Mayotte,6.0,0
5438,2022-12-20,Mayotte,6.0,0
5439,2022-12-21,Mayotte,6.0,0
5440,2022-12-22,Mayotte,6.0,0
5441,2022-12-23,Mayotte,6.0,0
5442,2022-12-24,Mayotte,6.0,0
5443,2022-12-25,Mayotte,6.0,0
5444,2022-12-26,Mayotte,6.0,0
5445,2022-12-27,Mayotte,6.0,0
5446,2022-12-28,Mayotte,6.0,0
5447,2022-12-29,Mayotte,6.0,0
5448,2022-12-30,Mayotte,6.0,0
5449,2022-12-31,Mayotte,6.0,0
5450,2023-01-01,Mayotte,6.0,0
5451,2023-01-02,Mayotte,6.0,0
5452,2023-01-03,Mayotte,6.0,0
5453,2023-01-04,Mayotte,6.0,0
5454,2023-01-05,Mayotte,6.0,0
5455,2023-01-06,Mayotte,6.0,0
5456,2023-01-07,Mayotte,6.0,0
5457,2023-01-08,Mayotte,6.0,0
5458,2023-01-09,Mayotte,6.0,0
5459,2023-01-10,Mayotte,6.0,0
5460,2023-01-11,Mayotte,6.0,0
5461,2023-01-12,Mayotte,6.0,0
5462,2023-01-13,Mayotte,6.0,0
5463,2023-01-14,Mayotte,6.0,0
5464,2023-01-15,Mayotte,6.0,0
5465,2023-01-16,Mayotte,6.0,0
5466,2023-01-17,Mayotte,6.0,0
5467,2023-01-18,Mayotte,6.0,0
5468,2023-01-19,Mayotte,6.0,0
5469,2023-01-20,Mayotte,6.0,0
5470,2023-01-21,Mayotte,6.0,0
5471,2023-01-22,Mayotte,6.0,0
5472,2023-01-23,Mayotte,6.0,0
5473,2023-01-24,Mayotte,6.0,0
5474,2023-01-25,Mayotte,6.0,0
5475,2023-01-26,Mayotte,6.0,0
5476,2023-01-27,Mayotte,6.0,0
5477,2023-01-28,Mayotte,6.0,0
5478,2023-01-29,Mayotte,6.0,0
5479,2023-01-30,Mayotte,6.0,0
5480,2023-01-31,Mayotte,6.0,0
5481,2023-02-01,Mayotte,6.0,0
5482,2023-02-02,Mayotte,6.0,0
5483,2023-02-03,Mayotte,6.0,0
5484,2023-02-04,Mayotte,6.0,0
5485,2023-02-05,Mayotte,6.0,0
5486,2023-02-06,Mayotte,6.0,0
5487,2023-02-07,Mayotte,6.0,0
5488,2023-02-08,Mayotte,6.0,0
5489,2023-02-09,Mayotte,6.0,0
5490,2023-02-10,Mayotte,6.0,0
5491,2023-02-11,Mayotte,6.0,0
5492,2023-02-12,Mayotte,6.0,0
5493,2023-02-13,Mayotte,6.0,0
5494,2023-02-14,Mayotte,6.0,0
5495,2023-02-15,Mayotte,6.0,0
5496,2023-02-16,Mayotte,6.0,0
5497,2023-02-17,Mayotte,6.0,0
5498,2023-02-18,Mayotte,6.0,0
5499,2023-02-19,Mayotte,6.0,0
5500,2023-02-20,Mayotte,6.0,0
5501,2023-02-21,Mayotte,6.0,0
5502,2023-02-22,Mayotte,6.0,0
5503,2023-02-23,Mayotte,6.0,0
5504,2023-02-24,Mayotte,6.0,0
5505,2023-02-25,Mayotte,6.0,0
5506,2023-02-26,Mayotte,6.0,0
5507,2023-02-27,Mayotte,6.0,0
5508,2023-02-28,Mayotte,6.0,0
5509,2023-03-01,Mayotte,6.0,0
5510,2023-03-02,Mayotte,6.0,0
5511,2023-03-03,Mayotte,6.0,0
5512,2023-03-04,Mayotte,6.0,0
5513,2023-03-05,Mayotte,6.0,0
5514,2023-03-06,Mayotte,6.0,0
5515,2023-03-07,Mayotte,6.0,0
5516,2023-03-08,Mayotte,6.0,0
5517,2023-03-09,Mayotte,6.0,0
5518,2023-03-10,Mayotte,6.0,0
5519,2023-03-11,Mayotte,6.0,0
5520,2023-03-12,Mayotte,6.0,0
5521,2023-03-13,Mayotte,6.0,0
5522,2023-03-14,Mayotte,6.0,0
5523,2023-03-15,Mayotte,6.0,0
5524,2023-03-16,Mayotte,6.0,0
5525,2023-03-17,Mayotte,6.0,0
5526,2023-03-18,Mayotte,6.0,0
5527,2023-03-19,Mayotte,6.0,0
5528,2023-03-20,Mayotte,6.0,0
5529,2023-03-21,Mayotte,6.0,0
5530,2023-03-22,Mayotte,6.0,0
5531,2023-03-23,Mayotte,6.0,0
5532,2023-03-24,Mayotte,6.0,0
5533,2023-03-25,Mayotte,6.0,0
5534,2023-03-26,Mayotte,6.0,0
5535,2023-03-27,Mayotte,6.0,0
5536,2023-03-28,Mayotte,6.0,0
5537,2023-03-29,Mayotte,6.0,0
5538,2023-03-30,Mayotte,6.0,0
5539,2023-03-31,Mayotte,6.0,0
5540,2020-03-19,Ile-de-France,11.0,151
5541,2020-03-20,Ile-de-France,11.0,89
5542,2020-03-21,Ile-de-France,11.0,104
5543,2020-03-22,Ile-de-France,11.0,125
5544,2020-03-23,Ile-de-France,11.0,155
5545,2020-03-24,Ile-de-France,11.0,236
5546,2020-03-25,Ile-de-France,11.0,219
5547,2020-03-26,Ile-de-France,11.0,221
5548,2020-03-27,Ile-de-France,11.0,195
5549,2020-03-28,Ile-de-France,11.0,242
5550,2020-03-29,Ile-de-France,11.0,158
5551,2020-03-30,Ile-de-France,11.0,189
5552,2020-03-31,Ile-de-France,11.0,288
5553,2020-04-01,Ile-de-France,11.0,307
5554,2020-04-02,Ile-de-France,11.0,261
5555,2020-04-03,Ile-de-France,11.0,258
5556,2020-04-04,Ile-de-France,11.0,192
5557,2020-04-05,Ile-de-France,11.0,153
5558,2020-04-06,Ile-de-France,11.0,196
5559,2020-04-07,Ile-de-France,11.0,239
5560,2020-04-08,Ile-de-France,11.0,208
5561,2020-04-09,Ile-de-France,11.0,170
5562,2020-04-10,Ile-de-France,11.0,197
5563,2020-04-11,Ile-de-France,11.0,117
5564,2020-04-12,Ile-de-France,11.0,125
5565,2020-04-13,Ile-de-France,11.0,102
5566,2020-04-14,Ile-de-France,11.0,135
5567,2020-04-15,Ile-de-France,11.0,125
5568,2020-04-16,Ile-de-France,11.0,126
5569,2020-04-17,Ile-de-France,11.0,95
5570,2020-04-18,Ile-de-France,11.0,94
5571,2020-04-19,Ile-de-France,11.0,43
5572,2020-04-20,Ile-de-France,11.0,73
5573,2020-04-21,Ile-de-France,11.0,83
5574,2020-04-22,Ile-de-France,11.0,68
5575,2020-04-23,Ile-de-France,11.0,70
5576,2020-04-24,Ile-de-France,11.0,62
5577,2020-04-25,Ile-de-France,11.0,64
5578,2020-04-26,Ile-de-France,11.0,28
5579,2020-04-27,Ile-de-France,11.0,50
5580,2020-04-28,Ile-de-France,11.0,57
5581,2020-04-29,Ile-de-France,11.0,44
5582,2020-04-30,Ile-de-France,11.0,45
5583,2020-05-01,Ile-de-France,11.0,25
5584,2020-05-02,Ile-de-France,11.0,25
5585,2020-05-03,Ile-de-France,11.0,33
5586,2020-05-04,Ile-de-France,11.0,37
5587,2020-05-05,Ile-de-France,11.0,30
5588,2020-05-06,Ile-de-France,11.0,31
5589,2020-05-07,Ile-de-France,11.0,42
5590,2020-05-08,Ile-de-France,11.0,39
5591,2020-05-09,Ile-de-France,11.0,16
5592,2020-05-10,Ile-de-France,11.0,14
5593,2020-05-11,Ile-de-France,11.0,29
5594,2020-05-12,Ile-de-France,11.0,35
5595,2020-05-13,Ile-de-France,11.0,26
5596,2020-05-14,Ile-de-France,11.0,19
5597,2020-05-15,Ile-de-France,11.0,27
5598,2020-05-16,Ile-de-France,11.0,16
5599,2020-05-17,Ile-de-France,11.0,8
5600,2020-05-18,Ile-de-France,11.0,12
5601,2020-05-19,Ile-de-France,11.0,29
5602,2020-05-20,Ile-de-France,11.0,16
5603,2020-05-21,Ile-de-France,11.0,16
5604,2020-05-22,Ile-de-France,11.0,11
5605,2020-05-23,Ile-de-France,11.0,10
5606,2020-05-24,Ile-de-France,11.0,10
5607,2020-05-25,Ile-de-France,11.0,16
5608,2020-05-26,Ile-de-France,11.0,10
5609,2020-05-27,Ile-de-France,11.0,11
5610,2020-05-28,Ile-de-France,11.0,9
5611,2020-05-29,Ile-de-France,11.0,12
5612,2020-05-30,Ile-de-France,11.0,8
5613,2020-05-31,Ile-de-France,11.0,3
5614,2020-06-01,Ile-de-France,11.0,3
5615,2020-06-02,Ile-de-France,11.0,12
5616,2020-06-03,Ile-de-France,11.0,12
5617,2020-06-04,Ile-de-France,11.0,6
5618,2020-06-05,Ile-de-France,11.0,5
5619,2020-06-06,Ile-de-France,11.0,7
5620,2020-06-07,Ile-de-France,11.0,3
5621,2020-06-08,Ile-de-France,11.0,6
5622,2020-06-09,Ile-de-France,11.0,7
5623,2020-06-10,Ile-de-France,11.0,10
5624,2020-06-11,Ile-de-France,11.0,11
5625,2020-06-12,Ile-de-France,11.0,5
5626,2020-06-13,Ile-de-France,11.0,2
5627,2020-06-14,Ile-de-France,11.0,2
5628,2020-06-15,Ile-de-France,11.0,5
5629,2020-06-16,Ile-de-France,11.0,6
5630,2020-06-17,Ile-de-France,11.0,2
5631,2020-06-18,Ile-de-France,11.0,6
5632,2020-06-19,Ile-de-France,11.0,4
5633,2020-06-20,Ile-de-France,11.0,2
5634,2020-06-21,Ile-de-France,11.0,0
5635,2020-06-22,Ile-de-France,11.0,5
5636,2020-06-23,Ile-de-France,11.0,6
5637,2020-06-24,Ile-de-France,11.0,3
5638,2020-06-25,Ile-de-France,11.0,5
5639,2020-06-26,Ile-de-France,11.0,5
5640,2020-06-27,Ile-de-France,11.0,1
5641,2020-06-28,Ile-de-France,11.0,1
5642,2020-06-29,Ile-de-France,11.0,4
5643,2020-06-30,Ile-de-France,11.0,5
5644,2020-07-01,Ile-de-France,11.0,9
5645,2020-07-02,Ile-de-France,11.0,2
5646,2020-07-03,Ile-de-France,11.0,2
5647,2020-07-04,Ile-de-France,11.0,0
5648,2020-07-05,Ile-de-France,11.0,2
5649,2020-07-06,Ile-de-France,11.0,2
5650,2020-07-07,Ile-de-France,11.0,7
5651,2020-07-08,Ile-de-France,11.0,3
5652,2020-07-09,Ile-de-France,11.0,4
5653,2020-07-10,Ile-de-France,11.0,2
5654,2020-07-11,Ile-de-France,11.0,2
5655,2020-07-12,Ile-de-France,11.0,0
5656,2020-07-13,Ile-de-France,11.0,2
5657,2020-07-14,Ile-de-France,11.0,3
5658,2020-07-15,Ile-de-France,11.0,5
5659,2020-07-16,Ile-de-France,11.0,10
5660,2020-07-17,Ile-de-France,11.0,5
5661,2020-07-18,Ile-de-France,11.0,2
5662,2020-07-19,Ile-de-France,11.0,1
5663,2020-07-20,Ile-de-France,11.0,3
5664,2020-07-21,Ile-de-France,11.0,4
5665,2020-07-22,Ile-de-France,11.0,8
5666,2020-07-23,Ile-de-France,11.0,2
5667,2020-07-24,Ile-de-France,11.0,5
5668,2020-07-25,Ile-de-France,11.0,2
5669,2020-07-26,Ile-de-France,11.0,0
5670,2020-07-27,Ile-de-France,11.0,12
5671,2020-07-28,Ile-de-France,11.0,13
5672,2020-07-29,Ile-de-France,11.0,5
5673,2020-07-30,Ile-de-France,11.0,6
5674,2020-07-31,Ile-de-France,11.0,7
5675,2020-08-01,Ile-de-France,11.0,1
5676,2020-08-02,Ile-de-France,11.0,0
5677,2020-08-03,Ile-de-France,11.0,5
5678,2020-08-04,Ile-de-France,11.0,9
5679,2020-08-05,Ile-de-France,11.0,10
5680,2020-08-06,Ile-de-France,11.0,11
5681,2020-08-07,Ile-de-France,11.0,10
5682,2020-08-08,Ile-de-France,11.0,3
5683,2020-08-09,Ile-de-France,11.0,3
5684,2020-08-10,Ile-de-France,11.0,11
5685,2020-08-11,Ile-de-France,11.0,8
5686,2020-08-12,Ile-de-France,11.0,6
5687,2020-08-13,Ile-de-France,11.0,9
5688,2020-08-14,Ile-de-France,11.0,6
5689,2020-08-15,Ile-de-France,11.0,7
5690,2020-08-16,Ile-de-France,11.0,0
5691,2020-08-17,Ile-de-France,11.0,17
5692,2020-08-18,Ile-de-France,11.0,15
5693,2020-08-19,Ile-de-France,11.0,7
5694,2020-08-20,Ile-de-France,11.0,10
5695,2020-08-21,Ile-de-France,11.0,8
5696,2020-08-22,Ile-de-France,11.0,1
5697,2020-08-23,Ile-de-France,11.0,1
5698,2020-08-24,Ile-de-France,11.0,16
5699,2020-08-25,Ile-de-France,11.0,14
5700,2020-08-26,Ile-de-France,11.0,9
5701,2020-08-27,Ile-de-France,11.0,9
5702,2020-08-28,Ile-de-France,11.0,13
5703,2020-08-29,Ile-de-France,11.0,8
5704,2020-08-30,Ile-de-France,11.0,1
5705,2020-08-31,Ile-de-France,11.0,10
5706,2020-09-01,Ile-de-France,11.0,11
5707,2020-09-02,Ile-de-France,11.0,14
5708,2020-09-03,Ile-de-France,11.0,15
5709,2020-09-04,Ile-de-France,11.0,19
5710,2020-09-05,Ile-de-France,11.0,6
5711,2020-09-06,Ile-de-France,11.0,3
5712,2020-09-07,Ile-de-France,11.0,19
5713,2020-09-08,Ile-de-France,11.0,17
5714,2020-09-09,Ile-de-France,11.0,15
5715,2020-09-10,Ile-de-France,11.0,13
5716,2020-09-11,Ile-de-France,11.0,15
5717,2020-09-12,Ile-de-France,11.0,19
5718,2020-09-13,Ile-de-France,11.0,9
5719,2020-09-14,Ile-de-France,11.0,29
5720,2020-09-15,Ile-de-France,11.0,34
5721,2020-09-16,Ile-de-France,11.0,30
5722,2020-09-17,Ile-de-France,11.0,22
5723,2020-09-18,Ile-de-France,11.0,29
5724,2020-09-19,Ile-de-France,11.0,18
5725,2020-09-20,Ile-de-France,11.0,12
5726,2020-09-21,Ile-de-France,11.0,35
5727,2020-09-22,Ile-de-France,11.0,42
5728,2020-09-23,Ile-de-France,11.0,54
5729,2020-09-24,Ile-de-France,11.0,27
5730,2020-09-25,Ile-de-France,11.0,42
5731,2020-09-26,Ile-de-France,11.0,26
5732,2020-09-27,Ile-de-France,11.0,18
5733,2020-09-28,Ile-de-France,11.0,49
5734,2020-09-29,Ile-de-France,11.0,57
5735,2020-09-30,Ile-de-France,11.0,42
5736,2020-10-01,Ile-de-France,11.0,50
5737,2020-10-02,Ile-de-France,11.0,36
5738,2020-10-03,Ile-de-France,11.0,31
5739,2020-10-04,Ile-de-France,11.0,16
5740,2020-10-05,Ile-de-France,11.0,60
5741,2020-10-06,Ile-de-France,11.0,51
5742,2020-10-07,Ile-de-France,11.0,54
5743,2020-10-08,Ile-de-France,11.0,28
5744,2020-10-09,Ile-de-France,11.0,49
5745,2020-10-10,Ile-de-France,11.0,31
5746,2020-10-11,Ile-de-France,11.0,21
5747,2020-10-12,Ile-de-France,11.0,57
5748,2020-10-13,Ile-de-France,11.0,76
5749,2020-10-14,Ile-de-France,11.0,54
5750,2020-10-15,Ile-de-France,11.0,56
5751,2020-10-16,Ile-de-France,11.0,50
5752,2020-10-17,Ile-de-France,11.0,51
5753,2020-10-18,Ile-de-France,11.0,37
5754,2020-10-19,Ile-de-France,11.0,70
5755,2020-10-20,Ile-de-France,11.0,93
5756,2020-10-21,Ile-de-France,11.0,70
5757,2020-10-22,Ile-de-France,11.0,84
5758,2020-10-23,Ile-de-France,11.0,85
5759,2020-10-24,Ile-de-France,11.0,63
5760,2020-10-25,Ile-de-France,11.0,43
5761,2020-10-26,Ile-de-France,11.0,73
5762,2020-10-27,Ile-de-France,11.0,121
5763,2020-10-28,Ile-de-France,11.0,84
5764,2020-10-29,Ile-de-France,11.0,87
5765,2020-10-30,Ile-de-France,11.0,100
5766,2020-10-31,Ile-de-France,11.0,70
5767,2020-11-01,Ile-de-France,11.0,58
5768,2020-11-02,Ile-de-France,11.0,94
5769,2020-11-03,Ile-de-France,11.0,115
5770,2020-11-04,Ile-de-France,11.0,120
5771,2020-11-05,Ile-de-France,11.0,85
5772,2020-11-06,Ile-de-France,11.0,72
5773,2020-11-07,Ile-de-France,11.0,79
5774,2020-11-08,Ile-de-France,11.0,76
5775,2020-11-09,Ile-de-France,11.0,106
5776,2020-11-10,Ile-de-France,11.0,106
5777,2020-11-11,Ile-de-France,11.0,66
5778,2020-11-12,Ile-de-France,11.0,83
5779,2020-11-13,Ile-de-France,11.0,98
5780,2020-11-14,Ile-de-France,11.0,64
5781,2020-11-15,Ile-de-France,11.0,35
5782,2020-11-16,Ile-de-France,11.0,64
5783,2020-11-17,Ile-de-France,11.0,72
5784,2020-11-18,Ile-de-France,11.0,80
5785,2020-11-19,Ile-de-France,11.0,53
5786,2020-11-20,Ile-de-France,11.0,65
5787,2020-11-21,Ile-de-France,11.0,54
5788,2020-11-22,Ile-de-France,11.0,38
5789,2020-11-23,Ile-de-France,11.0,39
5790,2020-11-24,Ile-de-France,11.0,58
5791,2020-11-25,Ile-de-France,11.0,47
5792,2020-11-26,Ile-de-France,11.0,32
5793,2020-11-27,Ile-de-France,11.0,38
5794,2020-11-28,Ile-de-France,11.0,23
5795,2020-11-29,Ile-de-France,11.0,24
5796,2020-11-30,Ile-de-France,11.0,35
5797,2020-12-01,Ile-de-France,11.0,65
5798,2020-12-02,Ile-de-France,11.0,25
5799,2020-12-03,Ile-de-France,11.0,29
5800,2020-12-04,Ile-de-France,11.0,33
5801,2020-12-05,Ile-de-France,11.0,26
5802,2020-12-06,Ile-de-France,11.0,10
5803,2020-12-07,Ile-de-France,11.0,43
5804,2020-12-08,Ile-de-France,11.0,45
5805,2020-12-09,Ile-de-France,11.0,46
5806,2020-12-10,Ile-de-France,11.0,54
5807,2020-12-11,Ile-de-France,11.0,39
5808,2020-12-12,Ile-de-France,11.0,24
5809,2020-12-13,Ile-de-France,11.0,20
5810,2020-12-14,Ile-de-France,11.0,50
5811,2020-12-15,Ile-de-France,11.0,50
5812,2020-12-16,Ile-de-France,11.0,52
5813,2020-12-17,Ile-de-France,11.0,31
5814,2020-12-18,Ile-de-France,11.0,37
5815,2020-12-19,Ile-de-France,11.0,24
5816,2020-12-20,Ile-de-France,11.0,14
5817,2020-12-21,Ile-de-France,11.0,25
5818,2020-12-22,Ile-de-France,11.0,49
5819,2020-12-23,Ile-de-France,11.0,48
5820,2020-12-24,Ile-de-France,11.0,31
5821,2020-12-25,Ile-de-France,11.0,31
5822,2020-12-26,Ile-de-France,11.0,13
5823,2020-12-27,Ile-de-France,11.0,19
5824,2020-12-28,Ile-de-France,11.0,37
5825,2020-12-29,Ile-de-France,11.0,49
5826,2020-12-30,Ile-de-France,11.0,49
5827,2020-12-31,Ile-de-France,11.0,29
5828,2021-01-01,Ile-de-France,11.0,19
5829,2021-01-02,Ile-de-France,11.0,17
5830,2021-01-03,Ile-de-France,11.0,19
5831,2021-01-04,Ile-de-France,11.0,56
5832,2021-01-05,Ile-de-France,11.0,49
5833,2021-01-06,Ile-de-France,11.0,47
5834,2021-01-07,Ile-de-France,11.0,28
5835,2021-01-08,Ile-de-France,11.0,62
5836,2021-01-09,Ile-de-France,11.0,39
5837,2021-01-10,Ile-de-France,11.0,19
5838,2021-01-11,Ile-de-France,11.0,35
5839,2021-01-12,Ile-de-France,11.0,48
5840,2021-01-13,Ile-de-France,11.0,40
5841,2021-01-14,Ile-de-France,11.0,55
5842,2021-01-15,Ile-de-France,11.0,34
5843,2021-01-16,Ile-de-France,11.0,42
5844,2021-01-17,Ile-de-France,11.0,22
5845,2021-01-18,Ile-de-France,11.0,34
5846,2021-01-19,Ile-de-France,11.0,66
5847,2021-01-20,Ile-de-France,11.0,62
5848,2021-01-21,Ile-de-France,11.0,53
5849,2021-01-22,Ile-de-France,11.0,66
5850,2021-01-23,Ile-de-France,11.0,32
5851,2021-01-24,Ile-de-France,11.0,34
5852,2021-01-25,Ile-de-France,11.0,57
5853,2021-01-26,Ile-de-France,11.0,65
5854,2021-01-27,Ile-de-France,11.0,73
5855,2021-01-28,Ile-de-France,11.0,63
5856,2021-01-29,Ile-de-France,11.0,54
5857,2021-01-30,Ile-de-France,11.0,38
5858,2021-01-31,Ile-de-France,11.0,36
5859,2021-02-01,Ile-de-France,11.0,78
5860,2021-02-02,Ile-de-France,11.0,94
5861,2021-02-03,Ile-de-France,11.0,59
5862,2021-02-04,Ile-de-France,11.0,70
5863,2021-02-05,Ile-de-France,11.0,40
5864,2021-02-06,Ile-de-France,11.0,48
5865,2021-02-07,Ile-de-France,11.0,42
5866,2021-02-08,Ile-de-France,11.0,63
5867,2021-02-09,Ile-de-France,11.0,79
5868,2021-02-10,Ile-de-France,11.0,73
5869,2021-02-11,Ile-de-France,11.0,53
5870,2021-02-12,Ile-de-France,11.0,57
5871,2021-02-13,Ile-de-France,11.0,55
5872,2021-02-14,Ile-de-France,11.0,37
5873,2021-02-15,Ile-de-France,11.0,48
5874,2021-02-16,Ile-de-France,11.0,73
5875,2021-02-17,Ile-de-France,11.0,78
5876,2021-02-18,Ile-de-France,11.0,54
5877,2021-02-19,Ile-de-France,11.0,69
5878,2021-02-20,Ile-de-France,11.0,50
5879,2021-02-21,Ile-de-France,11.0,44
5880,2021-02-22,Ile-de-France,11.0,48
5881,2021-02-23,Ile-de-France,11.0,94
5882,2021-02-24,Ile-de-France,11.0,94
5883,2021-02-25,Ile-de-France,11.0,69
5884,2021-02-26,Ile-de-France,11.0,68
5885,2021-02-27,Ile-de-France,11.0,54
5886,2021-02-28,Ile-de-France,11.0,40
5887,2021-03-01,Ile-de-France,11.0,79
5888,2021-03-02,Ile-de-France,11.0,87
5889,2021-03-03,Ile-de-France,11.0,98
5890,2021-03-04,Ile-de-France,11.0,86
5891,2021-03-05,Ile-de-France,11.0,100
5892,2021-03-06,Ile-de-France,11.0,80
5893,2021-03-07,Ile-de-France,11.0,81
5894,2021-03-08,Ile-de-France,11.0,107
5895,2021-03-09,Ile-de-France,11.0,170
5896,2021-03-10,Ile-de-France,11.0,107
5897,2021-03-11,Ile-de-France,11.0,115
5898,2021-03-12,Ile-de-France,11.0,74
5899,2021-03-13,Ile-de-France,11.0,99
5900,2021-03-14,Ile-de-France,11.0,64
5901,2021-03-15,Ile-de-France,11.0,117
5902,2021-03-16,Ile-de-France,11.0,145
5903,2021-03-17,Ile-de-France,11.0,98
5904,2021-03-18,Ile-de-France,11.0,136
5905,2021-03-19,Ile-de-France,11.0,136
5906,2021-03-20,Ile-de-France,11.0,109
5907,2021-03-21,Ile-de-France,11.0,71
5908,2021-03-22,Ile-de-France,11.0,116
5909,2021-03-23,Ile-de-France,11.0,171
5910,2021-03-24,Ile-de-France,11.0,157
5911,2021-03-25,Ile-de-France,11.0,143
5912,2021-03-26,Ile-de-France,11.0,139
5913,2021-03-27,Ile-de-France,11.0,116
5914,2021-03-28,Ile-de-France,11.0,93
5915,2021-03-29,Ile-de-France,11.0,144
5916,2021-03-30,Ile-de-France,11.0,173
5917,2021-03-31,Ile-de-France,11.0,149
5918,2021-04-01,Ile-de-France,11.0,148
5919,2021-04-02,Ile-de-France,11.0,170
5920,2021-04-03,Ile-de-France,11.0,147
5921,2021-04-04,Ile-de-France,11.0,70
5922,2021-04-05,Ile-de-France,11.0,73
5923,2021-04-06,Ile-de-France,11.0,156
5924,2021-04-07,Ile-de-France,11.0,206
5925,2021-04-08,Ile-de-France,11.0,173
5926,2021-04-09,Ile-de-France,11.0,153
5927,2021-04-10,Ile-de-France,11.0,134
5928,2021-04-11,Ile-de-France,11.0,100
5929,2021-04-12,Ile-de-France,11.0,130
5930,2021-04-13,Ile-de-France,11.0,180
5931,2021-04-14,Ile-de-France,11.0,145
5932,2021-04-15,Ile-de-France,11.0,134
5933,2021-04-16,Ile-de-France,11.0,146
5934,2021-04-17,Ile-de-France,11.0,138
5935,2021-04-18,Ile-de-France,11.0,73
5936,2021-04-19,Ile-de-France,11.0,106
5937,2021-04-20,Ile-de-France,11.0,208
5938,2021-04-21,Ile-de-France,11.0,149
5939,2021-04-22,Ile-de-France,11.0,146
5940,2021-04-23,Ile-de-France,11.0,116
5941,2021-04-24,Ile-de-France,11.0,107
5942,2021-04-25,Ile-de-France,11.0,70
5943,2021-04-26,Ile-de-France,11.0,130
5944,2021-04-27,Ile-de-France,11.0,154
5945,2021-04-28,Ile-de-France,11.0,93
5946,2021-04-29,Ile-de-France,11.0,104
5947,2021-04-30,Ile-de-France,11.0,104
5948,2021-05-01,Ile-de-France,11.0,114
5949,2021-05-02,Ile-de-France,11.0,61
5950,2021-05-03,Ile-de-France,11.0,110
5951,2021-05-04,Ile-de-France,11.0,113
5952,2021-05-05,Ile-de-France,11.0,113
5953,2021-05-06,Ile-de-France,11.0,71
5954,2021-05-07,Ile-de-France,11.0,89
5955,2021-05-08,Ile-de-France,11.0,51
5956,2021-05-09,Ile-de-France,11.0,27
5957,2021-05-10,Ile-de-France,11.0,58
5958,2021-05-11,Ile-de-France,11.0,84
5959,2021-05-12,Ile-de-France,11.0,61
5960,2021-05-13,Ile-de-France,11.0,46
5961,2021-05-14,Ile-de-France,11.0,29
5962,2021-05-15,Ile-de-France,11.0,47
5963,2021-05-16,Ile-de-France,11.0,29
5964,2021-05-17,Ile-de-France,11.0,49
5965,2021-05-18,Ile-de-France,11.0,101
5966,2021-05-19,Ile-de-France,11.0,53
5967,2021-05-20,Ile-de-France,11.0,62
5968,2021-05-21,Ile-de-France,11.0,43
5969,2021-05-22,Ile-de-France,11.0,34
5970,2021-05-23,Ile-de-France,11.0,16
5971,2021-05-24,Ile-de-France,11.0,13
5972,2021-05-25,Ile-de-France,11.0,52
5973,2021-05-26,Ile-de-France,11.0,61
5974,2021-05-27,Ile-de-France,11.0,36
5975,2021-05-28,Ile-de-France,11.0,33
5976,2021-05-29,Ile-de-France,11.0,29
5977,2021-05-30,Ile-de-France,11.0,5
5978,2021-05-31,Ile-de-France,11.0,38
5979,2021-06-01,Ile-de-France,11.0,35
5980,2021-06-02,Ile-de-France,11.0,33
5981,2021-06-03,Ile-de-France,11.0,16
5982,2021-06-04,Ile-de-France,11.0,20
5983,2021-06-05,Ile-de-France,11.0,12
5984,2021-06-06,Ile-de-France,11.0,10
5985,2021-06-07,Ile-de-France,11.0,15
5986,2021-06-08,Ile-de-France,11.0,27
5987,2021-06-09,Ile-de-France,11.0,38
5988,2021-06-10,Ile-de-France,11.0,28
5989,2021-06-11,Ile-de-France,11.0,15
5990,2021-06-12,Ile-de-France,11.0,17
5991,2021-06-13,Ile-de-France,11.0,9
5992,2021-06-14,Ile-de-France,11.0,16
5993,2021-06-15,Ile-de-France,11.0,14
5994,2021-06-16,Ile-de-France,11.0,14
5995,2021-06-17,Ile-de-France,11.0,14
5996,2021-06-18,Ile-de-France,11.0,15
5997,2021-06-19,Ile-de-France,11.0,6
5998,2021-06-20,Ile-de-France,11.0,3
5999,2021-06-21,Ile-de-France,11.0,5
6000,2021-06-22,Ile-de-France,11.0,11
6001,2021-06-23,Ile-de-France,11.0,11
6002,2021-06-24,Ile-de-France,11.0,3
6003,2021-06-25,Ile-de-France,11.0,12
6004,2021-06-26,Ile-de-France,11.0,6
6005,2021-06-27,Ile-de-France,11.0,3
6006,2021-06-28,Ile-de-France,11.0,11
6007,2021-06-29,Ile-de-France,11.0,3
6008,2021-06-30,Ile-de-France,11.0,8
6009,2021-07-01,Ile-de-France,11.0,7
6010,2021-07-02,Ile-de-France,11.0,6
6011,2021-07-03,Ile-de-France,11.0,5
6012,2021-07-04,Ile-de-France,11.0,4
6013,2021-07-05,Ile-de-France,11.0,5
6014,2021-07-06,Ile-de-France,11.0,9
6015,2021-07-07,Ile-de-France,11.0,5
6016,2021-07-08,Ile-de-France,11.0,9
6017,2021-07-09,Ile-de-France,11.0,8
6018,2021-07-10,Ile-de-France,11.0,1
6019,2021-07-11,Ile-de-France,11.0,0
6020,2021-07-12,Ile-de-France,11.0,11
6021,2021-07-13,Ile-de-France,11.0,10
6022,2021-07-14,Ile-de-France,11.0,0
6023,2021-07-15,Ile-de-France,11.0,11
6024,2021-07-16,Ile-de-France,11.0,7
6025,2021-07-17,Ile-de-France,11.0,7
6026,2021-07-18,Ile-de-France,11.0,1
6027,2021-07-19,Ile-de-France,11.0,12
6028,2021-07-20,Ile-de-France,11.0,19
6029,2021-07-21,Ile-de-France,11.0,16
6030,2021-07-22,Ile-de-France,11.0,17
6031,2021-07-23,Ile-de-France,11.0,16
6032,2021-07-24,Ile-de-France,11.0,7
6033,2021-07-25,Ile-de-France,11.0,0
6034,2021-07-26,Ile-de-France,11.0,21
6035,2021-07-27,Ile-de-France,11.0,32
6036,2021-07-28,Ile-de-France,11.0,15
6037,2021-07-29,Ile-de-France,11.0,23
6038,2021-07-30,Ile-de-France,11.0,33
6039,2021-07-31,Ile-de-France,11.0,14
6040,2021-08-01,Ile-de-France,11.0,11
6041,2021-08-02,Ile-de-France,11.0,34
6042,2021-08-03,Ile-de-France,11.0,46
6043,2021-08-04,Ile-de-France,11.0,25
6044,2021-08-05,Ile-de-France,11.0,28
6045,2021-08-06,Ile-de-France,11.0,31
6046,2021-08-07,Ile-de-France,11.0,16
6047,2021-08-08,Ile-de-France,11.0,15
6048,2021-08-09,Ile-de-France,11.0,50
6049,2021-08-10,Ile-de-France,11.0,42
6050,2021-08-11,Ile-de-France,11.0,25
6051,2021-08-12,Ile-de-France,11.0,26
6052,2021-08-13,Ile-de-France,11.0,41
6053,2021-08-14,Ile-de-France,11.0,24
6054,2021-08-15,Ile-de-France,11.0,9
6055,2021-08-16,Ile-de-France,11.0,30
6056,2021-08-17,Ile-de-France,11.0,51
6057,2021-08-18,Ile-de-France,11.0,41
6058,2021-08-19,Ile-de-France,11.0,39
6059,2021-08-20,Ile-de-France,11.0,39
6060,2021-08-21,Ile-de-France,11.0,22
6061,2021-08-22,Ile-de-France,11.0,15
6062,2021-08-23,Ile-de-France,11.0,34
6063,2021-08-24,Ile-de-France,11.0,30
6064,2021-08-25,Ile-de-France,11.0,30
6065,2021-08-26,Ile-de-France,11.0,26
6066,2021-08-27,Ile-de-France,11.0,23
6067,2021-08-28,Ile-de-France,11.0,13
6068,2021-08-29,Ile-de-France,11.0,7
6069,2021-08-30,Ile-de-France,11.0,24
6070,2021-08-31,Ile-de-France,11.0,45
6071,2021-09-01,Ile-de-France,11.0,31
6072,2021-09-02,Ile-de-France,11.0,30
6073,2021-09-03,Ile-de-France,11.0,35
6074,2021-09-04,Ile-de-France,11.0,10
6075,2021-09-05,Ile-de-France,11.0,11
6076,2021-09-06,Ile-de-France,11.0,35
6077,2021-09-07,Ile-de-France,11.0,50
6078,2021-09-08,Ile-de-France,11.0,31
6079,2021-09-09,Ile-de-France,11.0,14
6080,2021-09-10,Ile-de-France,11.0,31
6081,2021-09-11,Ile-de-France,11.0,13
6082,2021-09-12,Ile-de-France,11.0,6
6083,2021-09-13,Ile-de-France,11.0,12
6084,2021-09-14,Ile-de-France,11.0,31
6085,2021-09-15,Ile-de-France,11.0,31
6086,2021-09-16,Ile-de-France,11.0,19
6087,2021-09-17,Ile-de-France,11.0,26
6088,2021-09-18,Ile-de-France,11.0,7
6089,2021-09-19,Ile-de-France,11.0,10
6090,2021-09-20,Ile-de-France,11.0,19
6091,2021-09-21,Ile-de-France,11.0,30
6092,2021-09-22,Ile-de-France,11.0,20
6093,2021-09-23,Ile-de-France,11.0,14
6094,2021-09-24,Ile-de-France,11.0,19
6095,2021-09-25,Ile-de-France,11.0,4
6096,2021-09-26,Ile-de-France,11.0,6
6097,2021-09-27,Ile-de-France,11.0,15
6098,2021-09-28,Ile-de-France,11.0,19
6099,2021-09-29,Ile-de-France,11.0,16
6100,2021-09-30,Ile-de-France,11.0,8
6101,2021-10-01,Ile-de-France,11.0,13
6102,2021-10-02,Ile-de-France,11.0,11
6103,2021-10-03,Ile-de-France,11.0,3
6104,2021-10-04,Ile-de-France,11.0,17
6105,2021-10-05,Ile-de-France,11.0,14
6106,2021-10-06,Ile-de-France,11.0,6
6107,2021-10-07,Ile-de-France,11.0,6
6108,2021-10-08,Ile-de-France,11.0,19
6109,2021-10-09,Ile-de-France,11.0,6
6110,2021-10-10,Ile-de-France,11.0,3
6111,2021-10-11,Ile-de-France,11.0,10
6112,2021-10-12,Ile-de-France,11.0,20
6113,2021-10-13,Ile-de-France,11.0,17
6114,2021-10-14,Ile-de-France,11.0,6
6115,2021-10-15,Ile-de-France,11.0,11
6116,2021-10-16,Ile-de-France,11.0,5
6117,2021-10-17,Ile-de-France,11.0,4
6118,2021-10-18,Ile-de-France,11.0,17
6119,2021-10-19,Ile-de-France,11.0,21
6120,2021-10-20,Ile-de-France,11.0,9
6121,2021-10-21,Ile-de-France,11.0,13
6122,2021-10-22,Ile-de-France,11.0,16
6123,2021-10-23,Ile-de-France,11.0,13
6124,2021-10-24,Ile-de-France,11.0,4
6125,2021-10-25,Ile-de-France,11.0,19
6126,2021-10-26,Ile-de-France,11.0,29
6127,2021-10-27,Ile-de-France,11.0,16
6128,2021-10-28,Ile-de-France,11.0,11
6129,2021-10-29,Ile-de-France,11.0,16
6130,2021-10-30,Ile-de-France,11.0,10
6131,2021-10-31,Ile-de-France,11.0,4
6132,2021-11-01,Ile-de-France,11.0,4
6133,2021-11-02,Ile-de-France,11.0,19
6134,2021-11-03,Ile-de-France,11.0,25
6135,2021-11-04,Ile-de-France,11.0,20
6136,2021-11-05,Ile-de-France,11.0,23
6137,2021-11-06,Ile-de-France,11.0,15
6138,2021-11-07,Ile-de-France,11.0,6
6139,2021-11-08,Ile-de-France,11.0,20
6140,2021-11-09,Ile-de-France,11.0,22
6141,2021-11-10,Ile-de-France,11.0,19
6142,2021-11-11,Ile-de-France,11.0,11
6143,2021-11-12,Ile-de-France,11.0,11
6144,2021-11-13,Ile-de-France,11.0,12
6145,2021-11-14,Ile-de-France,11.0,3
6146,2021-11-15,Ile-de-France,11.0,19
6147,2021-11-16,Ile-de-France,11.0,30
6148,2021-11-17,Ile-de-France,11.0,15
6149,2021-11-18,Ile-de-France,11.0,19
6150,2021-11-19,Ile-de-France,11.0,24
6151,2021-11-20,Ile-de-France,11.0,13
6152,2021-11-21,Ile-de-France,11.0,4
6153,2021-11-22,Ile-de-France,11.0,39
6154,2021-11-23,Ile-de-France,11.0,35
6155,2021-11-24,Ile-de-France,11.0,23
6156,2021-11-25,Ile-de-France,11.0,28
6157,2021-11-26,Ile-de-France,11.0,37
6158,2021-11-27,Ile-de-France,11.0,25
6159,2021-11-28,Ile-de-France,11.0,6
6160,2021-11-29,Ile-de-France,11.0,39
6161,2021-11-30,Ile-de-France,11.0,70
6162,2021-12-01,Ile-de-France,11.0,48
6163,2021-12-02,Ile-de-France,11.0,34
6164,2021-12-03,Ile-de-France,11.0,59
6165,2021-12-04,Ile-de-France,11.0,30
6166,2021-12-05,Ile-de-France,11.0,13
6167,2021-12-06,Ile-de-France,11.0,48
6168,2021-12-07,Ile-de-France,11.0,83
6169,2021-12-08,Ile-de-France,11.0,64
6170,2021-12-09,Ile-de-France,11.0,38
6171,2021-12-10,Ile-de-France,11.0,51
6172,2021-12-11,Ile-de-France,11.0,38
6173,2021-12-12,Ile-de-France,11.0,17
6174,2021-12-13,Ile-de-France,11.0,50
6175,2021-12-14,Ile-de-France,11.0,79
6176,2021-12-15,Ile-de-France,11.0,51
6177,2021-12-16,Ile-de-France,11.0,59
6178,2021-12-17,Ile-de-France,11.0,51
6179,2021-12-18,Ile-de-France,11.0,36
6180,2021-12-19,Ile-de-France,11.0,12
6181,2021-12-20,Ile-de-France,11.0,55
6182,2021-12-21,Ile-de-France,11.0,72
6183,2021-12-22,Ile-de-France,11.0,87
6184,2021-12-23,Ile-de-France,11.0,57
6185,2021-12-24,Ile-de-France,11.0,67
6186,2021-12-25,Ile-de-France,11.0,15
6187,2021-12-26,Ile-de-France,11.0,14
6188,2021-12-27,Ile-de-France,11.0,79
6189,2021-12-28,Ile-de-France,11.0,93
6190,2021-12-29,Ile-de-France,11.0,110
6191,2021-12-30,Ile-de-France,11.0,71
6192,2021-12-31,Ile-de-France,11.0,86
6193,2022-01-01,Ile-de-France,11.0,37
6194,2022-01-02,Ile-de-France,11.0,21
6195,2022-01-03,Ile-de-France,11.0,79
6196,2022-01-04,Ile-de-France,11.0,104
6197,2022-01-05,Ile-de-France,11.0,110
6198,2022-01-06,Ile-de-France,11.0,124
6199,2022-01-07,Ile-de-France,11.0,86
6200,2022-01-08,Ile-de-France,11.0,73
6201,2022-01-09,Ile-de-France,11.0,41
6202,2022-01-10,Ile-de-France,11.0,105
6203,2022-01-11,Ile-de-France,11.0,156
6204,2022-01-12,Ile-de-France,11.0,128
6205,2022-01-13,Ile-de-France,11.0,90
6206,2022-01-14,Ile-de-France,11.0,88
6207,2022-01-15,Ile-de-France,11.0,82
6208,2022-01-16,Ile-de-France,11.0,37
6209,2022-01-17,Ile-de-France,11.0,71
6210,2022-01-18,Ile-de-France,11.0,96
6211,2022-01-19,Ile-de-France,11.0,90
6212,2022-01-20,Ile-de-France,11.0,85
6213,2022-01-21,Ile-de-France,11.0,93
6214,2022-01-22,Ile-de-France,11.0,65
6215,2022-01-23,Ile-de-France,11.0,45
6216,2022-01-24,Ile-de-France,11.0,82
6217,2022-01-25,Ile-de-France,11.0,65
6218,2022-01-26,Ile-de-France,11.0,93
6219,2022-01-27,Ile-de-France,11.0,76
6220,2022-01-28,Ile-de-France,11.0,74
6221,2022-01-29,Ile-de-France,11.0,44
6222,2022-01-30,Ile-de-France,11.0,28
6223,2022-01-31,Ile-de-France,11.0,57
6224,2022-02-01,Ile-de-France,11.0,99
6225,2022-02-02,Ile-de-France,11.0,81
6226,2022-02-03,Ile-de-France,11.0,67
6227,2022-02-04,Ile-de-France,11.0,49
6228,2022-02-05,Ile-de-France,11.0,50
6229,2022-02-06,Ile-de-France,11.0,16
6230,2022-02-07,Ile-de-France,11.0,60
6231,2022-02-08,Ile-de-France,11.0,60
6232,2022-02-09,Ile-de-France,11.0,52
6233,2022-02-10,Ile-de-France,11.0,67
6234,2022-02-11,Ile-de-France,11.0,22
6235,2022-02-12,Ile-de-France,11.0,31
6236,2022-02-13,Ile-de-France,11.0,17
6237,2022-02-14,Ile-de-France,11.0,52
6238,2022-02-15,Ile-de-France,11.0,54
6239,2022-02-16,Ile-de-France,11.0,22
6240,2022-02-17,Ile-de-France,11.0,36
6241,2022-02-18,Ile-de-France,11.0,27
6242,2022-02-19,Ile-de-France,11.0,22
6243,2022-02-20,Ile-de-France,11.0,8
6244,2022-02-21,Ile-de-France,11.0,38
6245,2022-02-22,Ile-de-France,11.0,33
6246,2022-02-23,Ile-de-France,11.0,32
6247,2022-02-24,Ile-de-France,11.0,27
6248,2022-02-25,Ile-de-France,11.0,16
6249,2022-02-26,Ile-de-France,11.0,10
6250,2022-02-27,Ile-de-France,11.0,12
6251,2022-02-28,Ile-de-France,11.0,13
6252,2022-03-01,Ile-de-France,11.0,43
6253,2022-03-02,Ile-de-France,11.0,37
6254,2022-03-03,Ile-de-France,11.0,19
6255,2022-03-04,Ile-de-France,11.0,11
6256,2022-03-05,Ile-de-France,11.0,12
6257,2022-03-06,Ile-de-France,11.0,2
6258,2022-03-07,Ile-de-France,11.0,19
6259,2022-03-08,Ile-de-France,11.0,15
6260,2022-03-09,Ile-de-France,11.0,25
6261,2022-03-10,Ile-de-France,11.0,21
6262,2022-03-11,Ile-de-France,11.0,31
6263,2022-03-12,Ile-de-France,11.0,12
6264,2022-03-13,Ile-de-France,11.0,6
6265,2022-03-14,Ile-de-France,11.0,17
6266,2022-03-15,Ile-de-France,11.0,21
6267,2022-03-16,Ile-de-France,11.0,23
6268,2022-03-17,Ile-de-France,11.0,12
6269,2022-03-18,Ile-de-France,11.0,27
6270,2022-03-19,Ile-de-France,11.0,7
6271,2022-03-20,Ile-de-France,11.0,3
6272,2022-03-21,Ile-de-France,11.0,11
6273,2022-03-22,Ile-de-France,11.0,17
6274,2022-03-23,Ile-de-France,11.0,16
6275,2022-03-24,Ile-de-France,11.0,22
6276,2022-03-25,Ile-de-France,11.0,24
6277,2022-03-26,Ile-de-France,11.0,8
6278,2022-03-27,Ile-de-France,11.0,5
6279,2022-03-28,Ile-de-France,11.0,28
6280,2022-03-29,Ile-de-France,11.0,28
6281,2022-03-30,Ile-de-France,11.0,37
6282,2022-03-31,Ile-de-France,11.0,23
6283,2022-04-01,Ile-de-France,11.0,32
6284,2022-04-02,Ile-de-France,11.0,19
6285,2022-04-03,Ile-de-France,11.0,7
6286,2022-04-04,Ile-de-France,11.0,17
6287,2022-04-05,Ile-de-France,11.0,29
6288,2022-04-06,Ile-de-France,11.0,37
6289,2022-04-07,Ile-de-France,11.0,34
6290,2022-04-08,Ile-de-France,11.0,22
6291,2022-04-09,Ile-de-France,11.0,14
6292,2022-04-10,Ile-de-France,11.0,8
6293,2022-04-11,Ile-de-France,11.0,22
6294,2022-04-12,Ile-de-France,11.0,56
6295,2022-04-13,Ile-de-France,11.0,38
6296,2022-04-14,Ile-de-France,11.0,46
6297,2022-04-15,Ile-de-France,11.0,45
6298,2022-04-16,Ile-de-France,11.0,11
6299,2022-04-17,Ile-de-France,11.0,8
6300,2022-04-18,Ile-de-France,11.0,4
6301,2022-04-19,Ile-de-France,11.0,19
6302,2022-04-20,Ile-de-France,11.0,47
6303,2022-04-21,Ile-de-France,11.0,31
6304,2022-04-22,Ile-de-France,11.0,20
6305,2022-04-23,Ile-de-France,11.0,14
6306,2022-04-24,Ile-de-France,11.0,6
6307,2022-04-25,Ile-de-France,11.0,27
6308,2022-04-26,Ile-de-France,11.0,34
6309,2022-04-27,Ile-de-France,11.0,42
6310,2022-04-28,Ile-de-France,11.0,26
6311,2022-04-29,Ile-de-France,11.0,26
6312,2022-04-30,Ile-de-France,11.0,9
6313,2022-05-01,Ile-de-France,11.0,3
6314,2022-05-02,Ile-de-France,11.0,24
6315,2022-05-03,Ile-de-France,11.0,32
6316,2022-05-04,Ile-de-France,11.0,23
6317,2022-05-05,Ile-de-France,11.0,22
6318,2022-05-06,Ile-de-France,11.0,14
6319,2022-05-07,Ile-de-France,11.0,12
6320,2022-05-08,Ile-de-France,11.0,3
6321,2022-05-09,Ile-de-France,11.0,18
6322,2022-05-10,Ile-de-France,11.0,29
6323,2022-05-11,Ile-de-France,11.0,23
6324,2022-05-12,Ile-de-France,11.0,12
6325,2022-05-13,Ile-de-France,11.0,7
6326,2022-05-14,Ile-de-France,11.0,11
6327,2022-05-15,Ile-de-France,11.0,4
6328,2022-05-16,Ile-de-France,11.0,12
6329,2022-05-17,Ile-de-France,11.0,28
6330,2022-05-18,Ile-de-France,11.0,15
6331,2022-05-19,Ile-de-France,11.0,9
6332,2022-05-20,Ile-de-France,11.0,11
6333,2022-05-21,Ile-de-France,11.0,9
6334,2022-05-22,Ile-de-France,11.0,1
6335,2022-05-23,Ile-de-France,11.0,9
6336,2022-05-24,Ile-de-France,11.0,18
6337,2022-05-25,Ile-de-France,11.0,14
6338,2022-05-26,Ile-de-France,11.0,7
6339,2022-05-27,Ile-de-France,11.0,7
6340,2022-05-28,Ile-de-France,11.0,3
6341,2022-05-29,Ile-de-France,11.0,1
6342,2022-05-30,Ile-de-France,11.0,4
6343,2022-05-31,Ile-de-France,11.0,14
6344,2022-06-01,Ile-de-France,11.0,4
6345,2022-06-02,Ile-de-France,11.0,6
6346,2022-06-03,Ile-de-France,11.0,7
6347,2022-06-04,Ile-de-France,11.0,6
6348,2022-06-05,Ile-de-France,11.0,0
6349,2022-06-06,Ile-de-France,11.0,1
6350,2022-06-07,Ile-de-France,11.0,11
6351,2022-06-08,Ile-de-France,11.0,16
6352,2022-06-09,Ile-de-France,11.0,18
6353,2022-06-10,Ile-de-France,11.0,13
6354,2022-06-11,Ile-de-France,11.0,16
6355,2022-06-12,Ile-de-France,11.0,0
6356,2022-06-13,Ile-de-France,11.0,17
6357,2022-06-14,Ile-de-France,11.0,11
6358,2022-06-15,Ile-de-France,11.0,17
6359,2022-06-16,Ile-de-France,11.0,16
6360,2022-06-17,Ile-de-France,11.0,18
6361,2022-06-18,Ile-de-France,11.0,5
6362,2022-06-19,Ile-de-France,11.0,2
6363,2022-06-20,Ile-de-France,11.0,16
6364,2022-06-21,Ile-de-France,11.0,21
6365,2022-06-22,Ile-de-France,11.0,30
6366,2022-06-23,Ile-de-France,11.0,18
6367,2022-06-24,Ile-de-France,11.0,31
6368,2022-06-25,Ile-de-France,11.0,7
6369,2022-06-26,Ile-de-France,11.0,9
6370,2022-06-27,Ile-de-France,11.0,24
6371,2022-06-28,Ile-de-France,11.0,31
6372,2022-06-29,Ile-de-France,11.0,33
6373,2022-06-30,Ile-de-France,11.0,35
6374,2022-07-01,Ile-de-France,11.0,25
6375,2022-07-02,Ile-de-France,11.0,10
6376,2022-07-03,Ile-de-France,11.0,5
6377,2022-07-04,Ile-de-France,11.0,22
6378,2022-07-05,Ile-de-France,11.0,41
6379,2022-07-06,Ile-de-France,11.0,40
6380,2022-07-07,Ile-de-France,11.0,23
6381,2022-07-08,Ile-de-France,11.0,36
6382,2022-07-09,Ile-de-France,11.0,25
6383,2022-07-10,Ile-de-France,11.0,10
6384,2022-07-11,Ile-de-France,11.0,37
6385,2022-07-12,Ile-de-France,11.0,56
6386,2022-07-13,Ile-de-France,11.0,61
6387,2022-07-14,Ile-de-France,11.0,18
6388,2022-07-15,Ile-de-France,11.0,27
6389,2022-07-16,Ile-de-France,11.0,18
6390,2022-07-17,Ile-de-France,11.0,3
6391,2022-07-18,Ile-de-France,11.0,36
6392,2022-07-19,Ile-de-France,11.0,50
6393,2022-07-20,Ile-de-France,11.0,25
6394,2022-07-21,Ile-de-France,11.0,32
6395,2022-07-22,Ile-de-France,11.0,29
6396,2022-07-23,Ile-de-France,11.0,13
6397,2022-07-24,Ile-de-France,11.0,2
6398,2022-07-25,Ile-de-France,11.0,23
6399,2022-07-26,Ile-de-France,11.0,34
6400,2022-07-27,Ile-de-France,11.0,21
6401,2022-07-28,Ile-de-France,11.0,25
6402,2022-07-29,Ile-de-France,11.0,21
6403,2022-07-30,Ile-de-France,11.0,21
6404,2022-07-31,Ile-de-France,11.0,2
6405,2022-08-01,Ile-de-France,11.0,15
6406,2022-08-02,Ile-de-France,11.0,28
6407,2022-08-03,Ile-de-France,11.0,12
6408,2022-08-04,Ile-de-France,11.0,22
6409,2022-08-05,Ile-de-France,11.0,22
6410,2022-08-06,Ile-de-France,11.0,8
6411,2022-08-07,Ile-de-France,11.0,1
6412,2022-08-08,Ile-de-France,11.0,11
6413,2022-08-09,Ile-de-France,11.0,12
6414,2022-08-10,Ile-de-France,11.0,20
6415,2022-08-11,Ile-de-France,11.0,16
6416,2022-08-12,Ile-de-France,11.0,13
6417,2022-08-13,Ile-de-France,11.0,3
6418,2022-08-14,Ile-de-France,11.0,3
6419,2022-08-15,Ile-de-France,11.0,2
6420,2022-08-16,Ile-de-France,11.0,16
6421,2022-08-17,Ile-de-France,11.0,20
6422,2022-08-18,Ile-de-France,11.0,11
6423,2022-08-19,Ile-de-France,11.0,9
6424,2022-08-20,Ile-de-France,11.0,15
6425,2022-08-21,Ile-de-France,11.0,2
6426,2022-08-22,Ile-de-France,11.0,12
6427,2022-08-23,Ile-de-France,11.0,7
6428,2022-08-24,Ile-de-France,11.0,14
6429,2022-08-25,Ile-de-France,11.0,10
6430,2022-08-26,Ile-de-France,11.0,6
6431,2022-08-27,Ile-de-France,11.0,9
6432,2022-08-28,Ile-de-France,11.0,0
6433,2022-08-29,Ile-de-France,11.0,11
6434,2022-08-30,Ile-de-France,11.0,6
6435,2022-08-31,Ile-de-France,11.0,9
6436,2022-09-01,Ile-de-France,11.0,4
6437,2022-09-02,Ile-de-France,11.0,1
6438,2022-09-03,Ile-de-France,11.0,2
6439,2022-09-04,Ile-de-France,11.0,0
6440,2022-09-05,Ile-de-France,11.0,8
6441,2022-09-06,Ile-de-France,11.0,11
6442,2022-09-07,Ile-de-France,11.0,42
6443,2022-09-08,Ile-de-France,11.0,12
6444,2022-09-09,Ile-de-France,11.0,7
6445,2022-09-10,Ile-de-France,11.0,4
6446,2022-09-11,Ile-de-France,11.0,0
6447,2022-09-12,Ile-de-France,11.0,2
6448,2022-09-13,Ile-de-France,11.0,15
6449,2022-09-14,Ile-de-France,11.0,5
6450,2022-09-15,Ile-de-France,11.0,9
6451,2022-09-16,Ile-de-France,11.0,8
6452,2022-09-17,Ile-de-France,11.0,6
6453,2022-09-18,Ile-de-France,11.0,0
6454,2022-09-19,Ile-de-France,11.0,6
6455,2022-09-20,Ile-de-France,11.0,18
6456,2022-09-21,Ile-de-France,11.0,8
6457,2022-09-22,Ile-de-France,11.0,11
6458,2022-09-23,Ile-de-France,11.0,11
6459,2022-09-24,Ile-de-France,11.0,4
6460,2022-09-25,Ile-de-France,11.0,0
6461,2022-09-26,Ile-de-France,11.0,10
6462,2022-09-27,Ile-de-France,11.0,27
6463,2022-09-28,Ile-de-France,11.0,16
6464,2022-09-29,Ile-de-France,11.0,21
6465,2022-09-30,Ile-de-France,11.0,18
6466,2022-10-01,Ile-de-France,11.0,12
6467,2022-10-02,Ile-de-France,11.0,7
6468,2022-10-03,Ile-de-France,11.0,18
6469,2022-10-04,Ile-de-France,11.0,21
6470,2022-10-05,Ile-de-France,11.0,22
6471,2022-10-06,Ile-de-France,11.0,27
6472,2022-10-07,Ile-de-France,11.0,23
6473,2022-10-08,Ile-de-France,11.0,3
6474,2022-10-09,Ile-de-France,11.0,2
6475,2022-10-10,Ile-de-France,11.0,18
6476,2022-10-11,Ile-de-France,11.0,19
6477,2022-10-12,Ile-de-France,11.0,18
6478,2022-10-13,Ile-de-France,11.0,17
6479,2022-10-14,Ile-de-France,11.0,24
6480,2022-10-15,Ile-de-France,11.0,21
6481,2022-10-16,Ile-de-France,11.0,6
6482,2022-10-17,Ile-de-France,11.0,22
6483,2022-10-18,Ile-de-France,11.0,20
6484,2022-10-19,Ile-de-France,11.0,18
6485,2022-10-20,Ile-de-France,11.0,26
6486,2022-10-21,Ile-de-France,11.0,15
6487,2022-10-22,Ile-de-France,11.0,9
6488,2022-10-23,Ile-de-France,11.0,5
6489,2022-10-24,Ile-de-France,11.0,11
6490,2022-10-25,Ile-de-France,11.0,33
6491,2022-10-26,Ile-de-France,11.0,33
6492,2022-10-27,Ile-de-France,11.0,24
6493,2022-10-28,Ile-de-France,11.0,15
6494,2022-10-29,Ile-de-France,11.0,13
6495,2022-10-30,Ile-de-France,11.0,2
6496,2022-10-31,Ile-de-France,11.0,18
6497,2022-11-01,Ile-de-France,11.0,16
6498,2022-11-02,Ile-de-France,11.0,16
6499,2022-11-03,Ile-de-France,11.0,9
6500,2022-11-04,Ile-de-France,11.0,16
6501,2022-11-05,Ile-de-France,11.0,4
6502,2022-11-06,Ile-de-France,11.0,5
6503,2022-11-07,Ile-de-France,11.0,13
6504,2022-11-08,Ile-de-France,11.0,20
6505,2022-11-09,Ile-de-France,11.0,12
6506,2022-11-10,Ile-de-France,11.0,15
6507,2022-11-11,Ile-de-France,11.0,4
6508,2022-11-12,Ile-de-France,11.0,6
6509,2022-11-13,Ile-de-France,11.0,5
6510,2022-11-14,Ile-de-France,11.0,14
6511,2022-11-15,Ile-de-France,11.0,23
6512,2022-11-16,Ile-de-France,11.0,17
6513,2022-11-17,Ile-de-France,11.0,15
6514,2022-11-18,Ile-de-France,11.0,10
6515,2022-11-19,Ile-de-France,11.0,2
6516,2022-11-20,Ile-de-France,11.0,8
6517,2022-11-21,Ile-de-France,11.0,15
6518,2022-11-22,Ile-de-France,11.0,18
6519,2022-11-23,Ile-de-France,11.0,14
6520,2022-11-24,Ile-de-France,11.0,12
6521,2022-11-25,Ile-de-France,11.0,19
6522,2022-11-26,Ile-de-France,11.0,7
6523,2022-11-27,Ile-de-France,11.0,5
6524,2022-11-28,Ile-de-France,11.0,18
6525,2022-11-29,Ile-de-France,11.0,17
6526,2022-11-30,Ile-de-France,11.0,21
6527,2022-12-01,Ile-de-France,11.0,11
6528,2022-12-02,Ile-de-France,11.0,12
6529,2022-12-03,Ile-de-France,11.0,5
6530,2022-12-04,Ile-de-France,11.0,4
6531,2022-12-05,Ile-de-France,11.0,27
6532,2022-12-06,Ile-de-France,11.0,13
6533,2022-12-07,Ile-de-France,11.0,44
6534,2022-12-08,Ile-de-France,11.0,25
6535,2022-12-09,Ile-de-France,11.0,11
6536,2022-12-10,Ile-de-France,11.0,16
6537,2022-12-11,Ile-de-France,11.0,1
6538,2022-12-12,Ile-de-France,11.0,17
6539,2022-12-13,Ile-de-France,11.0,31
6540,2022-12-14,Ile-de-France,11.0,22
6541,2022-12-15,Ile-de-France,11.0,22
6542,2022-12-16,Ile-de-France,11.0,17
6543,2022-12-17,Ile-de-France,11.0,13
6544,2022-12-18,Ile-de-France,11.0,0
6545,2022-12-19,Ile-de-France,11.0,17
6546,2022-12-20,Ile-de-France,11.0,29
6547,2022-12-21,Ile-de-France,11.0,30
6548,2022-12-22,Ile-de-France,11.0,14
6549,2022-12-23,Ile-de-France,11.0,19
6550,2022-12-24,Ile-de-France,11.0,12
6551,2022-12-25,Ile-de-France,11.0,4
6552,2022-12-26,Ile-de-France,11.0,9
6553,2022-12-27,Ile-de-France,11.0,25
6554,2022-12-28,Ile-de-France,11.0,22
6555,2022-12-29,Ile-de-France,11.0,14
6556,2022-12-30,Ile-de-France,11.0,14
6557,2022-12-31,Ile-de-France,11.0,7
6558,2023-01-01,Ile-de-France,11.0,0
6559,2023-01-02,Ile-de-France,11.0,13
6560,2023-01-03,Ile-de-France,11.0,23
6561,2023-01-04,Ile-de-France,11.0,7
6562,2023-01-05,Ile-de-France,11.0,26
6563,2023-01-06,Ile-de-France,11.0,11
6564,2023-01-07,Ile-de-France,11.0,9
6565,2023-01-08,Ile-de-France,11.0,3
6566,2023-01-09,Ile-de-France,11.0,7
6567,2023-01-10,Ile-de-France,11.0,11
6568,2023-01-11,Ile-de-France,11.0,10
6569,2023-01-12,Ile-de-France,11.0,7
6570,2023-01-13,Ile-de-France,11.0,11
6571,2023-01-14,Ile-de-France,11.0,3
6572,2023-01-15,Ile-de-France,11.0,4
6573,2023-01-16,Ile-de-France,11.0,7
6574,2023-01-17,Ile-de-France,11.0,8
6575,2023-01-18,Ile-de-France,11.0,2
6576,2023-01-19,Ile-de-France,11.0,4
6577,2023-01-20,Ile-de-France,11.0,3
6578,2023-01-21,Ile-de-France,11.0,1
6579,2023-01-22,Ile-de-France,11.0,1
6580,2023-01-23,Ile-de-France,11.0,4
6581,2023-01-24,Ile-de-France,11.0,4
6582,2023-01-25,Ile-de-France,11.0,7
6583,2023-01-26,Ile-de-France,11.0,6
6584,2023-01-27,Ile-de-France,11.0,5
6585,2023-01-28,Ile-de-France,11.0,1
6586,2023-01-29,Ile-de-France,11.0,0
6587,2023-01-30,Ile-de-France,11.0,4
6588,2023-01-31,Ile-de-France,11.0,4
6589,2023-02-01,Ile-de-France,11.0,4
6590,2023-02-02,Ile-de-France,11.0,8
6591,2023-02-03,Ile-de-France,11.0,4
6592,2023-02-04,Ile-de-France,11.0,4
6593,2023-02-05,Ile-de-France,11.0,1
6594,2023-02-06,Ile-de-France,11.0,2
6595,2023-02-07,Ile-de-France,11.0,1
6596,2023-02-08,Ile-de-France,11.0,53
6597,2023-02-09,Ile-de-France,11.0,2
6598,2023-02-10,Ile-de-France,11.0,5
6599,2023-02-11,Ile-de-France,11.0,2
6600,2023-02-12,Ile-de-France,11.0,0
6601,2023-02-13,Ile-de-France,11.0,5
6602,2023-02-14,Ile-de-France,11.0,13
6603,2023-02-15,Ile-de-France,11.0,5
6604,2023-02-16,Ile-de-France,11.0,9
6605,2023-02-17,Ile-de-France,11.0,12
6606,2023-02-18,Ile-de-France,11.0,3
6607,2023-02-19,Ile-de-France,11.0,1
6608,2023-02-20,Ile-de-France,11.0,6
6609,2023-02-21,Ile-de-France,11.0,8
6610,2023-02-22,Ile-de-France,11.0,15
6611,2023-02-23,Ile-de-France,11.0,5
6612,2023-02-24,Ile-de-France,11.0,7
6613,2023-02-25,Ile-de-France,11.0,4
6614,2023-02-26,Ile-de-France,11.0,2
6615,2023-02-27,Ile-de-France,11.0,4
6616,2023-02-28,Ile-de-France,11.0,28
6617,2023-03-01,Ile-de-France,11.0,19
6618,2023-03-02,Ile-de-France,11.0,13
6619,2023-03-03,Ile-de-France,11.0,9
6620,2023-03-04,Ile-de-France,11.0,9
6621,2023-03-05,Ile-de-France,11.0,0
6622,2023-03-06,Ile-de-France,11.0,12
6623,2023-03-07,Ile-de-France,11.0,14
6624,2023-03-08,Ile-de-France,11.0,6
6625,2023-03-09,Ile-de-France,11.0,5
6626,2023-03-10,Ile-de-France,11.0,10
6627,2023-03-11,Ile-de-France,11.0,3
6628,2023-03-12,Ile-de-France,11.0,0
6629,2023-03-13,Ile-de-France,11.0,10
6630,2023-03-14,Ile-de-France,11.0,9
6631,2023-03-15,Ile-de-France,11.0,10
6632,2023-03-16,Ile-de-France,11.0,15
6633,2023-03-17,Ile-de-France,11.0,8
6634,2023-03-18,Ile-de-France,11.0,10
6635,2023-03-19,Ile-de-France,11.0,0
6636,2023-03-20,Ile-de-France,11.0,18
6637,2023-03-21,Ile-de-France,11.0,23
6638,2023-03-22,Ile-de-France,11.0,12
6639,2023-03-23,Ile-de-France,11.0,2
6640,2023-03-24,Ile-de-France,11.0,9
6641,2023-03-25,Ile-de-France,11.0,5
6642,2023-03-26,Ile-de-France,11.0,0
6643,2023-03-27,Ile-de-France,11.0,9
6644,2023-03-28,Ile-de-France,11.0,9
6645,2023-03-29,Ile-de-France,11.0,16
6646,2023-03-30,Ile-de-France,11.0,11
6647,2023-03-31,Ile-de-France,11.0,7
6648,2020-03-19,Centre-Val de Loire,24.0,6
6649,2020-03-20,Centre-Val de Loire,24.0,4
6650,2020-03-21,Centre-Val de Loire,24.0,3
6651,2020-03-22,Centre-Val de Loire,24.0,7
6652,2020-03-23,Centre-Val de Loire,24.0,17
6653,2020-03-24,Centre-Val de Loire,24.0,7
6654,2020-03-25,Centre-Val de Loire,24.0,19
6655,2020-03-26,Centre-Val de Loire,24.0,15
6656,2020-03-27,Centre-Val de Loire,24.0,18
6657,2020-03-28,Centre-Val de Loire,24.0,13
6658,2020-03-29,Centre-Val de Loire,24.0,17
6659,2020-03-30,Centre-Val de Loire,24.0,13
6660,2020-03-31,Centre-Val de Loire,24.0,19
6661,2020-04-01,Centre-Val de Loire,24.0,24
6662,2020-04-02,Centre-Val de Loire,24.0,22
6663,2020-04-03,Centre-Val de Loire,24.0,24
6664,2020-04-04,Centre-Val de Loire,24.0,16
6665,2020-04-05,Centre-Val de Loire,24.0,6
6666,2020-04-06,Centre-Val de Loire,24.0,19
6667,2020-04-07,Centre-Val de Loire,24.0,8
6668,2020-04-08,Centre-Val de Loire,24.0,19
6669,2020-04-09,Centre-Val de Loire,24.0,13
6670,2020-04-10,Centre-Val de Loire,24.0,12
6671,2020-04-11,Centre-Val de Loire,24.0,9
6672,2020-04-12,Centre-Val de Loire,24.0,1
6673,2020-04-13,Centre-Val de Loire,24.0,8
6674,2020-04-14,Centre-Val de Loire,24.0,8
6675,2020-04-15,Centre-Val de Loire,24.0,8
6676,2020-04-16,Centre-Val de Loire,24.0,2
6677,2020-04-17,Centre-Val de Loire,24.0,15
6678,2020-04-18,Centre-Val de Loire,24.0,5
6679,2020-04-19,Centre-Val de Loire,24.0,5
6680,2020-04-20,Centre-Val de Loire,24.0,5
6681,2020-04-21,Centre-Val de Loire,24.0,3
6682,2020-04-22,Centre-Val de Loire,24.0,5
6683,2020-04-23,Centre-Val de Loire,24.0,5
6684,2020-04-24,Centre-Val de Loire,24.0,7
6685,2020-04-25,Centre-Val de Loire,24.0,9
6686,2020-04-26,Centre-Val de Loire,24.0,1
6687,2020-04-27,Centre-Val de Loire,24.0,5
6688,2020-04-28,Centre-Val de Loire,24.0,6
6689,2020-04-29,Centre-Val de Loire,24.0,3
6690,2020-04-30,Centre-Val de Loire,24.0,6
6691,2020-05-01,Centre-Val de Loire,24.0,6
6692,2020-05-02,Centre-Val de Loire,24.0,1
6693,2020-05-03,Centre-Val de Loire,24.0,3
6694,2020-05-04,Centre-Val de Loire,24.0,2
6695,2020-05-05,Centre-Val de Loire,24.0,6
6696,2020-05-06,Centre-Val de Loire,24.0,0
6697,2020-05-07,Centre-Val de Loire,24.0,2
6698,2020-05-08,Centre-Val de Loire,24.0,0
6699,2020-05-09,Centre-Val de Loire,24.0,0
6700,2020-05-10,Centre-Val de Loire,24.0,0
6701,2020-05-11,Centre-Val de Loire,24.0,2
6702,2020-05-12,Centre-Val de Loire,24.0,3
6703,2020-05-13,Centre-Val de Loire,24.0,2
6704,2020-05-14,Centre-Val de Loire,24.0,4
6705,2020-05-15,Centre-Val de Loire,24.0,3
6706,2020-05-16,Centre-Val de Loire,24.0,0
6707,2020-05-17,Centre-Val de Loire,24.0,0
6708,2020-05-18,Centre-Val de Loire,24.0,1
6709,2020-05-19,Centre-Val de Loire,24.0,1
6710,2020-05-20,Centre-Val de Loire,24.0,1
6711,2020-05-21,Centre-Val de Loire,24.0,0
6712,2020-05-22,Centre-Val de Loire,24.0,0
6713,2020-05-23,Centre-Val de Loire,24.0,1
6714,2020-05-24,Centre-Val de Loire,24.0,0
6715,2020-05-25,Centre-Val de Loire,24.0,0
6716,2020-05-26,Centre-Val de Loire,24.0,1
6717,2020-05-27,Centre-Val de Loire,24.0,0
6718,2020-05-28,Centre-Val de Loire,24.0,0
6719,2020-05-29,Centre-Val de Loire,24.0,0
6720,2020-05-30,Centre-Val de Loire,24.0,1
6721,2020-05-31,Centre-Val de Loire,24.0,0
6722,2020-06-01,Centre-Val de Loire,24.0,0
6723,2020-06-02,Centre-Val de Loire,24.0,0
6724,2020-06-03,Centre-Val de Loire,24.0,2
6725,2020-06-04,Centre-Val de Loire,24.0,0
6726,2020-06-05,Centre-Val de Loire,24.0,0
6727,2020-06-06,Centre-Val de Loire,24.0,0
6728,2020-06-07,Centre-Val de Loire,24.0,0
6729,2020-06-08,Centre-Val de Loire,24.0,0
6730,2020-06-09,Centre-Val de Loire,24.0,0
6731,2020-06-10,Centre-Val de Loire,24.0,1
6732,2020-06-11,Centre-Val de Loire,24.0,1
6733,2020-06-12,Centre-Val de Loire,24.0,0
6734,2020-06-13,Centre-Val de Loire,24.0,0
6735,2020-06-14,Centre-Val de Loire,24.0,0
6736,2020-06-15,Centre-Val de Loire,24.0,0
6737,2020-06-16,Centre-Val de Loire,24.0,1
6738,2020-06-17,Centre-Val de Loire,24.0,0
6739,2020-06-18,Centre-Val de Loire,24.0,0
6740,2020-06-19,Centre-Val de Loire,24.0,0
6741,2020-06-20,Centre-Val de Loire,24.0,0
6742,2020-06-21,Centre-Val de Loire,24.0,0
6743,2020-06-22,Centre-Val de Loire,24.0,3
6744,2020-06-23,Centre-Val de Loire,24.0,0
6745,2020-06-24,Centre-Val de Loire,24.0,0
6746,2020-06-25,Centre-Val de Loire,24.0,0
6747,2020-06-26,Centre-Val de Loire,24.0,0
6748,2020-06-27,Centre-Val de Loire,24.0,0
6749,2020-06-28,Centre-Val de Loire,24.0,0
6750,2020-06-29,Centre-Val de Loire,24.0,0
6751,2020-06-30,Centre-Val de Loire,24.0,0
6752,2020-07-01,Centre-Val de Loire,24.0,0
6753,2020-07-02,Centre-Val de Loire,24.0,0
6754,2020-07-03,Centre-Val de Loire,24.0,0
6755,2020-07-04,Centre-Val de Loire,24.0,0
6756,2020-07-05,Centre-Val de Loire,24.0,0
6757,2020-07-06,Centre-Val de Loire,24.0,0
6758,2020-07-07,Centre-Val de Loire,24.0,0
6759,2020-07-08,Centre-Val de Loire,24.0,0
6760,2020-07-09,Centre-Val de Loire,24.0,0
6761,2020-07-10,Centre-Val de Loire,24.0,1
6762,2020-07-11,Centre-Val de Loire,24.0,0
6763,2020-07-12,Centre-Val de Loire,24.0,0
6764,2020-07-13,Centre-Val de Loire,24.0,0
6765,2020-07-14,Centre-Val de Loire,24.0,0
6766,2020-07-15,Centre-Val de Loire,24.0,0
6767,2020-07-16,Centre-Val de Loire,24.0,0
6768,2020-07-17,Centre-Val de Loire,24.0,0
6769,2020-07-18,Centre-Val de Loire,24.0,0
6770,2020-07-19,Centre-Val de Loire,24.0,0
6771,2020-07-20,Centre-Val de Loire,24.0,0
6772,2020-07-21,Centre-Val de Loire,24.0,0
6773,2020-07-22,Centre-Val de Loire,24.0,1
6774,2020-07-23,Centre-Val de Loire,24.0,0
6775,2020-07-24,Centre-Val de Loire,24.0,0
6776,2020-07-25,Centre-Val de Loire,24.0,0
6777,2020-07-26,Centre-Val de Loire,24.0,0
6778,2020-07-27,Centre-Val de Loire,24.0,0
6779,2020-07-28,Centre-Val de Loire,24.0,0
6780,2020-07-29,Centre-Val de Loire,24.0,0
6781,2020-07-30,Centre-Val de Loire,24.0,0
6782,2020-07-31,Centre-Val de Loire,24.0,1
6783,2020-08-01,Centre-Val de Loire,24.0,2
6784,2020-08-02,Centre-Val de Loire,24.0,0
6785,2020-08-03,Centre-Val de Loire,24.0,0
6786,2020-08-04,Centre-Val de Loire,24.0,1
6787,2020-08-05,Centre-Val de Loire,24.0,0
6788,2020-08-06,Centre-Val de Loire,24.0,0
6789,2020-08-07,Centre-Val de Loire,24.0,0
6790,2020-08-08,Centre-Val de Loire,24.0,0
6791,2020-08-09,Centre-Val de Loire,24.0,0
6792,2020-08-10,Centre-Val de Loire,24.0,0
6793,2020-08-11,Centre-Val de Loire,24.0,1
6794,2020-08-12,Centre-Val de Loire,24.0,0
6795,2020-08-13,Centre-Val de Loire,24.0,3
6796,2020-08-14,Centre-Val de Loire,24.0,1
6797,2020-08-15,Centre-Val de Loire,24.0,0
6798,2020-08-16,Centre-Val de Loire,24.0,0
6799,2020-08-17,Centre-Val de Loire,24.0,0
6800,2020-08-18,Centre-Val de Loire,24.0,1
6801,2020-08-19,Centre-Val de Loire,24.0,3
6802,2020-08-20,Centre-Val de Loire,24.0,0
6803,2020-08-21,Centre-Val de Loire,24.0,4
6804,2020-08-22,Centre-Val de Loire,24.0,0
6805,2020-08-23,Centre-Val de Loire,24.0,0
6806,2020-08-24,Centre-Val de Loire,24.0,0
6807,2020-08-25,Centre-Val de Loire,24.0,3
6808,2020-08-26,Centre-Val de Loire,24.0,0
6809,2020-08-27,Centre-Val de Loire,24.0,1
6810,2020-08-28,Centre-Val de Loire,24.0,0
6811,2020-08-29,Centre-Val de Loire,24.0,0
6812,2020-08-30,Centre-Val de Loire,24.0,0
6813,2020-08-31,Centre-Val de Loire,24.0,0
6814,2020-09-01,Centre-Val de Loire,24.0,1
6815,2020-09-02,Centre-Val de Loire,24.0,2
6816,2020-09-03,Centre-Val de Loire,24.0,0
6817,2020-09-04,Centre-Val de Loire,24.0,1
6818,2020-09-05,Centre-Val de Loire,24.0,0
6819,2020-09-06,Centre-Val de Loire,24.0,0
6820,2020-09-07,Centre-Val de Loire,24.0,6
6821,2020-09-08,Centre-Val de Loire,24.0,2
6822,2020-09-09,Centre-Val de Loire,24.0,0
6823,2020-09-10,Centre-Val de Loire,24.0,0
6824,2020-09-11,Centre-Val de Loire,24.0,1
6825,2020-09-12,Centre-Val de Loire,24.0,2
6826,2020-09-13,Centre-Val de Loire,24.0,0
6827,2020-09-14,Centre-Val de Loire,24.0,5
6828,2020-09-15,Centre-Val de Loire,24.0,0
6829,2020-09-16,Centre-Val de Loire,24.0,2
6830,2020-09-17,Centre-Val de Loire,24.0,2
6831,2020-09-18,Centre-Val de Loire,24.0,1
6832,2020-09-19,Centre-Val de Loire,24.0,1
6833,2020-09-20,Centre-Val de Loire,24.0,0
6834,2020-09-21,Centre-Val de Loire,24.0,5
6835,2020-09-22,Centre-Val de Loire,24.0,2
6836,2020-09-23,Centre-Val de Loire,24.0,4
6837,2020-09-24,Centre-Val de Loire,24.0,1
6838,2020-09-25,Centre-Val de Loire,24.0,1
6839,2020-09-26,Centre-Val de Loire,24.0,0
6840,2020-09-27,Centre-Val de Loire,24.0,0
6841,2020-09-28,Centre-Val de Loire,24.0,1
6842,2020-09-29,Centre-Val de Loire,24.0,0
6843,2020-09-30,Centre-Val de Loire,24.0,2
6844,2020-10-01,Centre-Val de Loire,24.0,5
6845,2020-10-02,Centre-Val de Loire,24.0,5
6846,2020-10-03,Centre-Val de Loire,24.0,3
6847,2020-10-04,Centre-Val de Loire,24.0,0
6848,2020-10-05,Centre-Val de Loire,24.0,3
6849,2020-10-06,Centre-Val de Loire,24.0,5
6850,2020-10-07,Centre-Val de Loire,24.0,5
6851,2020-10-08,Centre-Val de Loire,24.0,0
6852,2020-10-09,Centre-Val de Loire,24.0,8
6853,2020-10-10,Centre-Val de Loire,24.0,4
6854,2020-10-11,Centre-Val de Loire,24.0,2
6855,2020-10-12,Centre-Val de Loire,24.0,5
6856,2020-10-13,Centre-Val de Loire,24.0,5
6857,2020-10-14,Centre-Val de Loire,24.0,5
6858,2020-10-15,Centre-Val de Loire,24.0,8
6859,2020-10-16,Centre-Val de Loire,24.0,10
6860,2020-10-17,Centre-Val de Loire,24.0,3
6861,2020-10-18,Centre-Val de Loire,24.0,3
6862,2020-10-19,Centre-Val de Loire,24.0,6
6863,2020-10-20,Centre-Val de Loire,24.0,14
6864,2020-10-21,Centre-Val de Loire,24.0,5
6865,2020-10-22,Centre-Val de Loire,24.0,5
6866,2020-10-23,Centre-Val de Loire,24.0,13
6867,2020-10-24,Centre-Val de Loire,24.0,3
6868,2020-10-25,Centre-Val de Loire,24.0,4
6869,2020-10-26,Centre-Val de Loire,24.0,10
6870,2020-10-27,Centre-Val de Loire,24.0,9
6871,2020-10-28,Centre-Val de Loire,24.0,11
6872,2020-10-29,Centre-Val de Loire,24.0,11
6873,2020-10-30,Centre-Val de Loire,24.0,8
6874,2020-10-31,Centre-Val de Loire,24.0,8
6875,2020-11-01,Centre-Val de Loire,24.0,6
6876,2020-11-02,Centre-Val de Loire,24.0,16
6877,2020-11-03,Centre-Val de Loire,24.0,22
6878,2020-11-04,Centre-Val de Loire,24.0,12
6879,2020-11-05,Centre-Val de Loire,24.0,23
6880,2020-11-06,Centre-Val de Loire,24.0,15
6881,2020-11-07,Centre-Val de Loire,24.0,14
6882,2020-11-08,Centre-Val de Loire,24.0,3
6883,2020-11-09,Centre-Val de Loire,24.0,18
6884,2020-11-10,Centre-Val de Loire,24.0,15
6885,2020-11-11,Centre-Val de Loire,24.0,5
6886,2020-11-12,Centre-Val de Loire,24.0,20
6887,2020-11-13,Centre-Val de Loire,24.0,15
6888,2020-11-14,Centre-Val de Loire,24.0,13
6889,2020-11-15,Centre-Val de Loire,24.0,10
6890,2020-11-16,Centre-Val de Loire,24.0,19
6891,2020-11-17,Centre-Val de Loire,24.0,19
6892,2020-11-18,Centre-Val de Loire,24.0,6
6893,2020-11-19,Centre-Val de Loire,24.0,12
6894,2020-11-20,Centre-Val de Loire,24.0,8
6895,2020-11-21,Centre-Val de Loire,24.0,4
6896,2020-11-22,Centre-Val de Loire,24.0,2
6897,2020-11-23,Centre-Val de Loire,24.0,7
6898,2020-11-24,Centre-Val de Loire,24.0,8
6899,2020-11-25,Centre-Val de Loire,24.0,13
6900,2020-11-26,Centre-Val de Loire,24.0,10
6901,2020-11-27,Centre-Val de Loire,24.0,13
6902,2020-11-28,Centre-Val de Loire,24.0,3
6903,2020-11-29,Centre-Val de Loire,24.0,3
6904,2020-11-30,Centre-Val de Loire,24.0,4
6905,2020-12-01,Centre-Val de Loire,24.0,10
6906,2020-12-02,Centre-Val de Loire,24.0,5
6907,2020-12-03,Centre-Val de Loire,24.0,6
6908,2020-12-04,Centre-Val de Loire,24.0,3
6909,2020-12-05,Centre-Val de Loire,24.0,0
6910,2020-12-06,Centre-Val de Loire,24.0,3
6911,2020-12-07,Centre-Val de Loire,24.0,8
6912,2020-12-08,Centre-Val de Loire,24.0,8
6913,2020-12-09,Centre-Val de Loire,24.0,5
6914,2020-12-10,Centre-Val de Loire,24.0,11
6915,2020-12-11,Centre-Val de Loire,24.0,5
6916,2020-12-12,Centre-Val de Loire,24.0,3
6917,2020-12-13,Centre-Val de Loire,24.0,3
6918,2020-12-14,Centre-Val de Loire,24.0,6
6919,2020-12-15,Centre-Val de Loire,24.0,4
6920,2020-12-16,Centre-Val de Loire,24.0,9
6921,2020-12-17,Centre-Val de Loire,24.0,3
6922,2020-12-18,Centre-Val de Loire,24.0,9
6923,2020-12-19,Centre-Val de Loire,24.0,3
6924,2020-12-20,Centre-Val de Loire,24.0,3
6925,2020-12-21,Centre-Val de Loire,24.0,10
6926,2020-12-22,Centre-Val de Loire,24.0,5
6927,2020-12-23,Centre-Val de Loire,24.0,5
6928,2020-12-24,Centre-Val de Loire,24.0,10
6929,2020-12-25,Centre-Val de Loire,24.0,2
6930,2020-12-26,Centre-Val de Loire,24.0,2
6931,2020-12-27,Centre-Val de Loire,24.0,1
6932,2020-12-28,Centre-Val de Loire,24.0,13
6933,2020-12-29,Centre-Val de Loire,24.0,6
6934,2020-12-30,Centre-Val de Loire,24.0,11
6935,2020-12-31,Centre-Val de Loire,24.0,8
6936,2021-01-01,Centre-Val de Loire,24.0,6
6937,2021-01-02,Centre-Val de Loire,24.0,4
6938,2021-01-03,Centre-Val de Loire,24.0,1
6939,2021-01-04,Centre-Val de Loire,24.0,10
6940,2021-01-05,Centre-Val de Loire,24.0,4
6941,2021-01-06,Centre-Val de Loire,24.0,9
6942,2021-01-07,Centre-Val de Loire,24.0,8
6943,2021-01-08,Centre-Val de Loire,24.0,8
6944,2021-01-09,Centre-Val de Loire,24.0,0
6945,2021-01-10,Centre-Val de Loire,24.0,9
6946,2021-01-11,Centre-Val de Loire,24.0,8
6947,2021-01-12,Centre-Val de Loire,24.0,6
6948,2021-01-13,Centre-Val de Loire,24.0,3
6949,2021-01-14,Centre-Val de Loire,24.0,7
6950,2021-01-15,Centre-Val de Loire,24.0,14
6951,2021-01-16,Centre-Val de Loire,24.0,2
6952,2021-01-17,Centre-Val de Loire,24.0,6
6953,2021-01-18,Centre-Val de Loire,24.0,8
6954,2021-01-19,Centre-Val de Loire,24.0,7
6955,2021-01-20,Centre-Val de Loire,24.0,14
6956,2021-01-21,Centre-Val de Loire,24.0,9
6957,2021-01-22,Centre-Val de Loire,24.0,11
6958,2021-01-23,Centre-Val de Loire,24.0,4
6959,2021-01-24,Centre-Val de Loire,24.0,6
6960,2021-01-25,Centre-Val de Loire,24.0,24
6961,2021-01-26,Centre-Val de Loire,24.0,16
6962,2021-01-27,Centre-Val de Loire,24.0,11
6963,2021-01-28,Centre-Val de Loire,24.0,19
6964,2021-01-29,Centre-Val de Loire,24.0,8
6965,2021-01-30,Centre-Val de Loire,24.0,5
6966,2021-01-31,Centre-Val de Loire,24.0,8
6967,2021-02-01,Centre-Val de Loire,24.0,7
6968,2021-02-02,Centre-Val de Loire,24.0,15
6969,2021-02-03,Centre-Val de Loire,24.0,5
6970,2021-02-04,Centre-Val de Loire,24.0,10
6971,2021-02-05,Centre-Val de Loire,24.0,8
6972,2021-02-06,Centre-Val de Loire,24.0,8
6973,2021-02-07,Centre-Val de Loire,24.0,4
6974,2021-02-08,Centre-Val de Loire,24.0,10
6975,2021-02-09,Centre-Val de Loire,24.0,15
6976,2021-02-10,Centre-Val de Loire,24.0,7
6977,2021-02-11,Centre-Val de Loire,24.0,18
6978,2021-02-12,Centre-Val de Loire,24.0,6
6979,2021-02-13,Centre-Val de Loire,24.0,5
6980,2021-02-14,Centre-Val de Loire,24.0,4
6981,2021-02-15,Centre-Val de Loire,24.0,14
6982,2021-02-16,Centre-Val de Loire,24.0,8
6983,2021-02-17,Centre-Val de Loire,24.0,9
6984,2021-02-18,Centre-Val de Loire,24.0,5
6985,2021-02-19,Centre-Val de Loire,24.0,5
6986,2021-02-20,Centre-Val de Loire,24.0,6
6987,2021-02-21,Centre-Val de Loire,24.0,2
6988,2021-02-22,Centre-Val de Loire,24.0,18
6989,2021-02-23,Centre-Val de Loire,24.0,21
6990,2021-02-24,Centre-Val de Loire,24.0,16
6991,2021-02-25,Centre-Val de Loire,24.0,10
6992,2021-02-26,Centre-Val de Loire,24.0,16
6993,2021-02-27,Centre-Val de Loire,24.0,7
6994,2021-02-28,Centre-Val de Loire,24.0,7
6995,2021-03-01,Centre-Val de Loire,24.0,16
6996,2021-03-02,Centre-Val de Loire,24.0,17
6997,2021-03-03,Centre-Val de Loire,24.0,10
6998,2021-03-04,Centre-Val de Loire,24.0,10
6999,2021-03-05,Centre-Val de Loire,24.0,9
7000,2021-03-06,Centre-Val de Loire,24.0,6
7001,2021-03-07,Centre-Val de Loire,24.0,2
7002,2021-03-08,Centre-Val de Loire,24.0,18
7003,2021-03-09,Centre-Val de Loire,24.0,8
7004,2021-03-10,Centre-Val de Loire,24.0,14
7005,2021-03-11,Centre-Val de Loire,24.0,15
7006,2021-03-12,Centre-Val de Loire,24.0,9
7007,2021-03-13,Centre-Val de Loire,24.0,9
7008,2021-03-14,Centre-Val de Loire,24.0,6
7009,2021-03-15,Centre-Val de Loire,24.0,8
7010,2021-03-16,Centre-Val de Loire,24.0,12
7011,2021-03-17,Centre-Val de Loire,24.0,11
7012,2021-03-18,Centre-Val de Loire,24.0,12
7013,2021-03-19,Centre-Val de Loire,24.0,12
7014,2021-03-20,Centre-Val de Loire,24.0,13
7015,2021-03-21,Centre-Val de Loire,24.0,5
7016,2021-03-22,Centre-Val de Loire,24.0,26
7017,2021-03-23,Centre-Val de Loire,24.0,11
7018,2021-03-24,Centre-Val de Loire,24.0,11
7019,2021-03-25,Centre-Val de Loire,24.0,10
7020,2021-03-26,Centre-Val de Loire,24.0,17
7021,2021-03-27,Centre-Val de Loire,24.0,5
7022,2021-03-28,Centre-Val de Loire,24.0,9
7023,2021-03-29,Centre-Val de Loire,24.0,33
7024,2021-03-30,Centre-Val de Loire,24.0,11
7025,2021-03-31,Centre-Val de Loire,24.0,21
7026,2021-04-01,Centre-Val de Loire,24.0,10
7027,2021-04-02,Centre-Val de Loire,24.0,19
7028,2021-04-03,Centre-Val de Loire,24.0,11
7029,2021-04-04,Centre-Val de Loire,24.0,12
7030,2021-04-05,Centre-Val de Loire,24.0,13
7031,2021-04-06,Centre-Val de Loire,24.0,22
7032,2021-04-07,Centre-Val de Loire,24.0,22
7033,2021-04-08,Centre-Val de Loire,24.0,17
7034,2021-04-09,Centre-Val de Loire,24.0,17
7035,2021-04-10,Centre-Val de Loire,24.0,11
7036,2021-04-11,Centre-Val de Loire,24.0,13
7037,2021-04-12,Centre-Val de Loire,24.0,19
7038,2021-04-13,Centre-Val de Loire,24.0,21
7039,2021-04-14,Centre-Val de Loire,24.0,19
7040,2021-04-15,Centre-Val de Loire,24.0,28
7041,2021-04-16,Centre-Val de Loire,24.0,18
7042,2021-04-17,Centre-Val de Loire,24.0,11
7043,2021-04-18,Centre-Val de Loire,24.0,7
7044,2021-04-19,Centre-Val de Loire,24.0,18
7045,2021-04-20,Centre-Val de Loire,24.0,17
7046,2021-04-21,Centre-Val de Loire,24.0,22
7047,2021-04-22,Centre-Val de Loire,24.0,29
7048,2021-04-23,Centre-Val de Loire,24.0,23
7049,2021-04-24,Centre-Val de Loire,24.0,8
7050,2021-04-25,Centre-Val de Loire,24.0,6
7051,2021-04-26,Centre-Val de Loire,24.0,14
7052,2021-04-27,Centre-Val de Loire,24.0,21
7053,2021-04-28,Centre-Val de Loire,24.0,21
7054,2021-04-29,Centre-Val de Loire,24.0,13
7055,2021-04-30,Centre-Val de Loire,24.0,16
7056,2021-05-01,Centre-Val de Loire,24.0,7
7057,2021-05-02,Centre-Val de Loire,24.0,3
7058,2021-05-03,Centre-Val de Loire,24.0,18
7059,2021-05-04,Centre-Val de Loire,24.0,19
7060,2021-05-05,Centre-Val de Loire,24.0,10
7061,2021-05-06,Centre-Val de Loire,24.0,18
7062,2021-05-07,Centre-Val de Loire,24.0,15
7063,2021-05-08,Centre-Val de Loire,24.0,2
7064,2021-05-09,Centre-Val de Loire,24.0,5
7065,2021-05-10,Centre-Val de Loire,24.0,27
7066,2021-05-11,Centre-Val de Loire,24.0,13
7067,2021-05-12,Centre-Val de Loire,24.0,12
7068,2021-05-13,Centre-Val de Loire,24.0,3
7069,2021-05-14,Centre-Val de Loire,24.0,5
7070,2021-05-15,Centre-Val de Loire,24.0,15
7071,2021-05-16,Centre-Val de Loire,24.0,2
7072,2021-05-17,Centre-Val de Loire,24.0,6
7073,2021-05-18,Centre-Val de Loire,24.0,14
7074,2021-05-19,Centre-Val de Loire,24.0,5
7075,2021-05-20,Centre-Val de Loire,24.0,14
7076,2021-05-21,Centre-Val de Loire,24.0,3
7077,2021-05-22,Centre-Val de Loire,24.0,1
7078,2021-05-23,Centre-Val de Loire,24.0,3
7079,2021-05-24,Centre-Val de Loire,24.0,1
7080,2021-05-25,Centre-Val de Loire,24.0,10
7081,2021-05-26,Centre-Val de Loire,24.0,5
7082,2021-05-27,Centre-Val de Loire,24.0,9
7083,2021-05-28,Centre-Val de Loire,24.0,8
7084,2021-05-29,Centre-Val de Loire,24.0,2
7085,2021-05-30,Centre-Val de Loire,24.0,0
7086,2021-05-31,Centre-Val de Loire,24.0,4
7087,2021-06-01,Centre-Val de Loire,24.0,4
7088,2021-06-02,Centre-Val de Loire,24.0,6
7089,2021-06-03,Centre-Val de Loire,24.0,5
7090,2021-06-04,Centre-Val de Loire,24.0,7
7091,2021-06-05,Centre-Val de Loire,24.0,2
7092,2021-06-06,Centre-Val de Loire,24.0,3
7093,2021-06-07,Centre-Val de Loire,24.0,8
7094,2021-06-08,Centre-Val de Loire,24.0,3
7095,2021-06-09,Centre-Val de Loire,24.0,4
7096,2021-06-10,Centre-Val de Loire,24.0,6
7097,2021-06-11,Centre-Val de Loire,24.0,2
7098,2021-06-12,Centre-Val de Loire,24.0,2
7099,2021-06-13,Centre-Val de Loire,24.0,3
7100,2021-06-14,Centre-Val de Loire,24.0,0
7101,2021-06-15,Centre-Val de Loire,24.0,4
7102,2021-06-16,Centre-Val de Loire,24.0,0
7103,2021-06-17,Centre-Val de Loire,24.0,1
7104,2021-06-18,Centre-Val de Loire,24.0,0
7105,2021-06-19,Centre-Val de Loire,24.0,1
7106,2021-06-20,Centre-Val de Loire,24.0,0
7107,2021-06-21,Centre-Val de Loire,24.0,0
7108,2021-06-22,Centre-Val de Loire,24.0,1
7109,2021-06-23,Centre-Val de Loire,24.0,1
7110,2021-06-24,Centre-Val de Loire,24.0,0
7111,2021-06-25,Centre-Val de Loire,24.0,1
7112,2021-06-26,Centre-Val de Loire,24.0,0
7113,2021-06-27,Centre-Val de Loire,24.0,0
7114,2021-06-28,Centre-Val de Loire,24.0,1
7115,2021-06-29,Centre-Val de Loire,24.0,1
7116,2021-06-30,Centre-Val de Loire,24.0,1
7117,2021-07-01,Centre-Val de Loire,24.0,0
7118,2021-07-02,Centre-Val de Loire,24.0,0
7119,2021-07-03,Centre-Val de Loire,24.0,0
7120,2021-07-04,Centre-Val de Loire,24.0,0
7121,2021-07-05,Centre-Val de Loire,24.0,2
7122,2021-07-06,Centre-Val de Loire,24.0,0
7123,2021-07-07,Centre-Val de Loire,24.0,1
7124,2021-07-08,Centre-Val de Loire,24.0,1
7125,2021-07-09,Centre-Val de Loire,24.0,0
7126,2021-07-10,Centre-Val de Loire,24.0,0
7127,2021-07-11,Centre-Val de Loire,24.0,0
7128,2021-07-12,Centre-Val de Loire,24.0,2
7129,2021-07-13,Centre-Val de Loire,24.0,1
7130,2021-07-14,Centre-Val de Loire,24.0,0
7131,2021-07-15,Centre-Val de Loire,24.0,1
7132,2021-07-16,Centre-Val de Loire,24.0,1
7133,2021-07-17,Centre-Val de Loire,24.0,0
7134,2021-07-18,Centre-Val de Loire,24.0,0
7135,2021-07-19,Centre-Val de Loire,24.0,3
7136,2021-07-20,Centre-Val de Loire,24.0,1
7137,2021-07-21,Centre-Val de Loire,24.0,2
7138,2021-07-22,Centre-Val de Loire,24.0,0
7139,2021-07-23,Centre-Val de Loire,24.0,1
7140,2021-07-24,Centre-Val de Loire,24.0,1
7141,2021-07-25,Centre-Val de Loire,24.0,0
7142,2021-07-26,Centre-Val de Loire,24.0,2
7143,2021-07-27,Centre-Val de Loire,24.0,0
7144,2021-07-28,Centre-Val de Loire,24.0,2
7145,2021-07-29,Centre-Val de Loire,24.0,3
7146,2021-07-30,Centre-Val de Loire,24.0,2
7147,2021-07-31,Centre-Val de Loire,24.0,2
7148,2021-08-01,Centre-Val de Loire,24.0,1
7149,2021-08-02,Centre-Val de Loire,24.0,2
7150,2021-08-03,Centre-Val de Loire,24.0,4
7151,2021-08-04,Centre-Val de Loire,24.0,2
7152,2021-08-05,Centre-Val de Loire,24.0,4
7153,2021-08-06,Centre-Val de Loire,24.0,0
7154,2021-08-07,Centre-Val de Loire,24.0,2
7155,2021-08-08,Centre-Val de Loire,24.0,1
7156,2021-08-09,Centre-Val de Loire,24.0,3
7157,2021-08-10,Centre-Val de Loire,24.0,3
7158,2021-08-11,Centre-Val de Loire,24.0,0
7159,2021-08-12,Centre-Val de Loire,24.0,3
7160,2021-08-13,Centre-Val de Loire,24.0,7
7161,2021-08-14,Centre-Val de Loire,24.0,1
7162,2021-08-15,Centre-Val de Loire,24.0,2
7163,2021-08-16,Centre-Val de Loire,24.0,6
7164,2021-08-17,Centre-Val de Loire,24.0,2
7165,2021-08-18,Centre-Val de Loire,24.0,3
7166,2021-08-19,Centre-Val de Loire,24.0,2
7167,2021-08-20,Centre-Val de Loire,24.0,6
7168,2021-08-21,Centre-Val de Loire,24.0,2
7169,2021-08-22,Centre-Val de Loire,24.0,0
7170,2021-08-23,Centre-Val de Loire,24.0,8
7171,2021-08-24,Centre-Val de Loire,24.0,6
7172,2021-08-25,Centre-Val de Loire,24.0,2
7173,2021-08-26,Centre-Val de Loire,24.0,5
7174,2021-08-27,Centre-Val de Loire,24.0,5
7175,2021-08-28,Centre-Val de Loire,24.0,3
7176,2021-08-29,Centre-Val de Loire,24.0,1
7177,2021-08-30,Centre-Val de Loire,24.0,6
7178,2021-08-31,Centre-Val de Loire,24.0,0
7179,2021-09-01,Centre-Val de Loire,24.0,3
7180,2021-09-02,Centre-Val de Loire,24.0,1
7181,2021-09-03,Centre-Val de Loire,24.0,5
7182,2021-09-04,Centre-Val de Loire,24.0,1
7183,2021-09-05,Centre-Val de Loire,24.0,0
7184,2021-09-06,Centre-Val de Loire,24.0,8
7185,2021-09-07,Centre-Val de Loire,24.0,6
7186,2021-09-08,Centre-Val de Loire,24.0,2
7187,2021-09-09,Centre-Val de Loire,24.0,5
7188,2021-09-10,Centre-Val de Loire,24.0,3
7189,2021-09-11,Centre-Val de Loire,24.0,0
7190,2021-09-12,Centre-Val de Loire,24.0,0
7191,2021-09-13,Centre-Val de Loire,24.0,2
7192,2021-09-14,Centre-Val de Loire,24.0,1
7193,2021-09-15,Centre-Val de Loire,24.0,1
7194,2021-09-16,Centre-Val de Loire,24.0,2
7195,2021-09-17,Centre-Val de Loire,24.0,4
7196,2021-09-18,Centre-Val de Loire,24.0,1
7197,2021-09-19,Centre-Val de Loire,24.0,1
7198,2021-09-20,Centre-Val de Loire,24.0,4
7199,2021-09-21,Centre-Val de Loire,24.0,4
7200,2021-09-22,Centre-Val de Loire,24.0,0
7201,2021-09-23,Centre-Val de Loire,24.0,4
7202,2021-09-24,Centre-Val de Loire,24.0,3
7203,2021-09-25,Centre-Val de Loire,24.0,1
7204,2021-09-26,Centre-Val de Loire,24.0,0
7205,2021-09-27,Centre-Val de Loire,24.0,3
7206,2021-09-28,Centre-Val de Loire,24.0,6
7207,2021-09-29,Centre-Val de Loire,24.0,2
7208,2021-09-30,Centre-Val de Loire,24.0,0
7209,2021-10-01,Centre-Val de Loire,24.0,0
7210,2021-10-02,Centre-Val de Loire,24.0,1
7211,2021-10-03,Centre-Val de Loire,24.0,0
7212,2021-10-04,Centre-Val de Loire,24.0,3
7213,2021-10-05,Centre-Val de Loire,24.0,0
7214,2021-10-06,Centre-Val de Loire,24.0,0
7215,2021-10-07,Centre-Val de Loire,24.0,1
7216,2021-10-08,Centre-Val de Loire,24.0,3
7217,2021-10-09,Centre-Val de Loire,24.0,1
7218,2021-10-10,Centre-Val de Loire,24.0,0
7219,2021-10-11,Centre-Val de Loire,24.0,0
7220,2021-10-12,Centre-Val de Loire,24.0,1
7221,2021-10-13,Centre-Val de Loire,24.0,2
7222,2021-10-14,Centre-Val de Loire,24.0,0
7223,2021-10-15,Centre-Val de Loire,24.0,1
7224,2021-10-16,Centre-Val de Loire,24.0,0
7225,2021-10-17,Centre-Val de Loire,24.0,0
7226,2021-10-18,Centre-Val de Loire,24.0,4
7227,2021-10-19,Centre-Val de Loire,24.0,1
7228,2021-10-20,Centre-Val de Loire,24.0,0
7229,2021-10-21,Centre-Val de Loire,24.0,7
7230,2021-10-22,Centre-Val de Loire,24.0,2
7231,2021-10-23,Centre-Val de Loire,24.0,1
7232,2021-10-24,Centre-Val de Loire,24.0,0
7233,2021-10-25,Centre-Val de Loire,24.0,0
7234,2021-10-26,Centre-Val de Loire,24.0,2
7235,2021-10-27,Centre-Val de Loire,24.0,3
7236,2021-10-28,Centre-Val de Loire,24.0,1
7237,2021-10-29,Centre-Val de Loire,24.0,3
7238,2021-10-30,Centre-Val de Loire,24.0,1
7239,2021-10-31,Centre-Val de Loire,24.0,1
7240,2021-11-01,Centre-Val de Loire,24.0,0
7241,2021-11-02,Centre-Val de Loire,24.0,5
7242,2021-11-03,Centre-Val de Loire,24.0,7
7243,2021-11-04,Centre-Val de Loire,24.0,4
7244,2021-11-05,Centre-Val de Loire,24.0,3
7245,2021-11-06,Centre-Val de Loire,24.0,3
7246,2021-11-07,Centre-Val de Loire,24.0,0
7247,2021-11-08,Centre-Val de Loire,24.0,7
7248,2021-11-09,Centre-Val de Loire,24.0,2
7249,2021-11-10,Centre-Val de Loire,24.0,1
7250,2021-11-11,Centre-Val de Loire,24.0,2
7251,2021-11-12,Centre-Val de Loire,24.0,7
7252,2021-11-13,Centre-Val de Loire,24.0,0
7253,2021-11-14,Centre-Val de Loire,24.0,1
7254,2021-11-15,Centre-Val de Loire,24.0,12
7255,2021-11-16,Centre-Val de Loire,24.0,6
7256,2021-11-17,Centre-Val de Loire,24.0,8
7257,2021-11-18,Centre-Val de Loire,24.0,5
7258,2021-11-19,Centre-Val de Loire,24.0,6
7259,2021-11-20,Centre-Val de Loire,24.0,1
7260,2021-11-21,Centre-Val de Loire,24.0,1
7261,2021-11-22,Centre-Val de Loire,24.0,4
7262,2021-11-23,Centre-Val de Loire,24.0,7
7263,2021-11-24,Centre-Val de Loire,24.0,5
7264,2021-11-25,Centre-Val de Loire,24.0,3
7265,2021-11-26,Centre-Val de Loire,24.0,5
7266,2021-11-27,Centre-Val de Loire,24.0,2
7267,2021-11-28,Centre-Val de Loire,24.0,1
7268,2021-11-29,Centre-Val de Loire,24.0,7
7269,2021-11-30,Centre-Val de Loire,24.0,7
7270,2021-12-01,Centre-Val de Loire,24.0,5
7271,2021-12-02,Centre-Val de Loire,24.0,2
7272,2021-12-03,Centre-Val de Loire,24.0,10
7273,2021-12-04,Centre-Val de Loire,24.0,0
7274,2021-12-05,Centre-Val de Loire,24.0,1
7275,2021-12-06,Centre-Val de Loire,24.0,11
7276,2021-12-07,Centre-Val de Loire,24.0,13
7277,2021-12-08,Centre-Val de Loire,24.0,9
7278,2021-12-09,Centre-Val de Loire,24.0,8
7279,2021-12-10,Centre-Val de Loire,24.0,6
7280,2021-12-11,Centre-Val de Loire,24.0,4
7281,2021-12-12,Centre-Val de Loire,24.0,1
7282,2021-12-13,Centre-Val de Loire,24.0,19
7283,2021-12-14,Centre-Val de Loire,24.0,9
7284,2021-12-15,Centre-Val de Loire,24.0,6
7285,2021-12-16,Centre-Val de Loire,24.0,11
7286,2021-12-17,Centre-Val de Loire,24.0,6
7287,2021-12-18,Centre-Val de Loire,24.0,2
7288,2021-12-19,Centre-Val de Loire,24.0,1
7289,2021-12-20,Centre-Val de Loire,24.0,11
7290,2021-12-21,Centre-Val de Loire,24.0,7
7291,2021-12-22,Centre-Val de Loire,24.0,12
7292,2021-12-23,Centre-Val de Loire,24.0,3
7293,2021-12-24,Centre-Val de Loire,24.0,7
7294,2021-12-25,Centre-Val de Loire,24.0,2
7295,2021-12-26,Centre-Val de Loire,24.0,3
7296,2021-12-27,Centre-Val de Loire,24.0,7
7297,2021-12-28,Centre-Val de Loire,24.0,7
7298,2021-12-29,Centre-Val de Loire,24.0,10
7299,2021-12-30,Centre-Val de Loire,24.0,7
7300,2021-12-31,Centre-Val de Loire,24.0,9
7301,2022-01-01,Centre-Val de Loire,24.0,3
7302,2022-01-02,Centre-Val de Loire,24.0,1
7303,2022-01-03,Centre-Val de Loire,24.0,9
7304,2022-01-04,Centre-Val de Loire,24.0,16
7305,2022-01-05,Centre-Val de Loire,24.0,14
7306,2022-01-06,Centre-Val de Loire,24.0,11
7307,2022-01-07,Centre-Val de Loire,24.0,13
7308,2022-01-08,Centre-Val de Loire,24.0,4
7309,2022-01-09,Centre-Val de Loire,24.0,2
7310,2022-01-10,Centre-Val de Loire,24.0,9
7311,2022-01-11,Centre-Val de Loire,24.0,19
7312,2022-01-12,Centre-Val de Loire,24.0,7
7313,2022-01-13,Centre-Val de Loire,24.0,15
7314,2022-01-14,Centre-Val de Loire,24.0,8
7315,2022-01-15,Centre-Val de Loire,24.0,4
7316,2022-01-16,Centre-Val de Loire,24.0,3
7317,2022-01-17,Centre-Val de Loire,24.0,9
7318,2022-01-18,Centre-Val de Loire,24.0,10
7319,2022-01-19,Centre-Val de Loire,24.0,5
7320,2022-01-20,Centre-Val de Loire,24.0,12
7321,2022-01-21,Centre-Val de Loire,24.0,7
7322,2022-01-22,Centre-Val de Loire,24.0,4
7323,2022-01-23,Centre-Val de Loire,24.0,0
7324,2022-01-24,Centre-Val de Loire,24.0,4
7325,2022-01-25,Centre-Val de Loire,24.0,8
7326,2022-01-26,Centre-Val de Loire,24.0,8
7327,2022-01-27,Centre-Val de Loire,24.0,10
7328,2022-01-28,Centre-Val de Loire,24.0,7
7329,2022-01-29,Centre-Val de Loire,24.0,3
7330,2022-01-30,Centre-Val de Loire,24.0,3
7331,2022-01-31,Centre-Val de Loire,24.0,7
7332,2022-02-01,Centre-Val de Loire,24.0,24
7333,2022-02-02,Centre-Val de Loire,24.0,15
7334,2022-02-03,Centre-Val de Loire,24.0,9
7335,2022-02-04,Centre-Val de Loire,24.0,23
7336,2022-02-05,Centre-Val de Loire,24.0,6
7337,2022-02-06,Centre-Val de Loire,24.0,2
7338,2022-02-07,Centre-Val de Loire,24.0,6
7339,2022-02-08,Centre-Val de Loire,24.0,14
7340,2022-02-09,Centre-Val de Loire,24.0,8
7341,2022-02-10,Centre-Val de Loire,24.0,8
7342,2022-02-11,Centre-Val de Loire,24.0,10
7343,2022-02-12,Centre-Val de Loire,24.0,2
7344,2022-02-13,Centre-Val de Loire,24.0,0
7345,2022-02-14,Centre-Val de Loire,24.0,10
7346,2022-02-15,Centre-Val de Loire,24.0,9
7347,2022-02-16,Centre-Val de Loire,24.0,9
7348,2022-02-17,Centre-Val de Loire,24.0,7
7349,2022-02-18,Centre-Val de Loire,24.0,7
7350,2022-02-19,Centre-Val de Loire,24.0,4
7351,2022-02-20,Centre-Val de Loire,24.0,1
7352,2022-02-21,Centre-Val de Loire,24.0,13
7353,2022-02-22,Centre-Val de Loire,24.0,4
7354,2022-02-23,Centre-Val de Loire,24.0,4
7355,2022-02-24,Centre-Val de Loire,24.0,4
7356,2022-02-25,Centre-Val de Loire,24.0,2
7357,2022-02-26,Centre-Val de Loire,24.0,1
7358,2022-02-27,Centre-Val de Loire,24.0,3
7359,2022-02-28,Centre-Val de Loire,24.0,5
7360,2022-03-01,Centre-Val de Loire,24.0,11
7361,2022-03-02,Centre-Val de Loire,24.0,5
7362,2022-03-03,Centre-Val de Loire,24.0,3
7363,2022-03-04,Centre-Val de Loire,24.0,3
7364,2022-03-05,Centre-Val de Loire,24.0,2
7365,2022-03-06,Centre-Val de Loire,24.0,2
7366,2022-03-07,Centre-Val de Loire,24.0,4
7367,2022-03-08,Centre-Val de Loire,24.0,7
7368,2022-03-09,Centre-Val de Loire,24.0,1
7369,2022-03-10,Centre-Val de Loire,24.0,1
7370,2022-03-11,Centre-Val de Loire,24.0,6
7371,2022-03-12,Centre-Val de Loire,24.0,2
7372,2022-03-13,Centre-Val de Loire,24.0,1
7373,2022-03-14,Centre-Val de Loire,24.0,6
7374,2022-03-15,Centre-Val de Loire,24.0,7
7375,2022-03-16,Centre-Val de Loire,24.0,2
7376,2022-03-17,Centre-Val de Loire,24.0,2
7377,2022-03-18,Centre-Val de Loire,24.0,3
7378,2022-03-19,Centre-Val de Loire,24.0,1
7379,2022-03-20,Centre-Val de Loire,24.0,0
7380,2022-03-21,Centre-Val de Loire,24.0,6
7381,2022-03-22,Centre-Val de Loire,24.0,3
7382,2022-03-23,Centre-Val de Loire,24.0,2
7383,2022-03-24,Centre-Val de Loire,24.0,2
7384,2022-03-25,Centre-Val de Loire,24.0,4
7385,2022-03-26,Centre-Val de Loire,24.0,1
7386,2022-03-27,Centre-Val de Loire,24.0,2
7387,2022-03-28,Centre-Val de Loire,24.0,7
7388,2022-03-29,Centre-Val de Loire,24.0,8
7389,2022-03-30,Centre-Val de Loire,24.0,3
7390,2022-03-31,Centre-Val de Loire,24.0,9
7391,2022-04-01,Centre-Val de Loire,24.0,7
7392,2022-04-02,Centre-Val de Loire,24.0,3
7393,2022-04-03,Centre-Val de Loire,24.0,0
7394,2022-04-04,Centre-Val de Loire,24.0,12
7395,2022-04-05,Centre-Val de Loire,24.0,11
7396,2022-04-06,Centre-Val de Loire,24.0,6
7397,2022-04-07,Centre-Val de Loire,24.0,4
7398,2022-04-08,Centre-Val de Loire,24.0,6
7399,2022-04-09,Centre-Val de Loire,24.0,6
7400,2022-04-10,Centre-Val de Loire,24.0,2
7401,2022-04-11,Centre-Val de Loire,24.0,4
7402,2022-04-12,Centre-Val de Loire,24.0,9
7403,2022-04-13,Centre-Val de Loire,24.0,6
7404,2022-04-14,Centre-Val de Loire,24.0,7
7405,2022-04-15,Centre-Val de Loire,24.0,9
7406,2022-04-16,Centre-Val de Loire,24.0,6
7407,2022-04-17,Centre-Val de Loire,24.0,1
7408,2022-04-18,Centre-Val de Loire,24.0,0
7409,2022-04-19,Centre-Val de Loire,24.0,8
7410,2022-04-20,Centre-Val de Loire,24.0,18
7411,2022-04-21,Centre-Val de Loire,24.0,9
7412,2022-04-22,Centre-Val de Loire,24.0,5
7413,2022-04-23,Centre-Val de Loire,24.0,3
7414,2022-04-24,Centre-Val de Loire,24.0,0
7415,2022-04-25,Centre-Val de Loire,24.0,7
7416,2022-04-26,Centre-Val de Loire,24.0,5
7417,2022-04-27,Centre-Val de Loire,24.0,6
7418,2022-04-28,Centre-Val de Loire,24.0,10
7419,2022-04-29,Centre-Val de Loire,24.0,4
7420,2022-04-30,Centre-Val de Loire,24.0,5
7421,2022-05-01,Centre-Val de Loire,24.0,0
7422,2022-05-02,Centre-Val de Loire,24.0,6
7423,2022-05-03,Centre-Val de Loire,24.0,4
7424,2022-05-04,Centre-Val de Loire,24.0,1
7425,2022-05-05,Centre-Val de Loire,24.0,2
7426,2022-05-06,Centre-Val de Loire,24.0,4
7427,2022-05-07,Centre-Val de Loire,24.0,20
7428,2022-05-08,Centre-Val de Loire,24.0,0
7429,2022-05-09,Centre-Val de Loire,24.0,2
7430,2022-05-10,Centre-Val de Loire,24.0,8
7431,2022-05-11,Centre-Val de Loire,24.0,6
7432,2022-05-12,Centre-Val de Loire,24.0,11
7433,2022-05-13,Centre-Val de Loire,24.0,3
7434,2022-05-14,Centre-Val de Loire,24.0,2
7435,2022-05-15,Centre-Val de Loire,24.0,0
7436,2022-05-16,Centre-Val de Loire,24.0,4
7437,2022-05-17,Centre-Val de Loire,24.0,4
7438,2022-05-18,Centre-Val de Loire,24.0,2
7439,2022-05-19,Centre-Val de Loire,24.0,5
7440,2022-05-20,Centre-Val de Loire,24.0,1
7441,2022-05-21,Centre-Val de Loire,24.0,1
7442,2022-05-22,Centre-Val de Loire,24.0,0
7443,2022-05-23,Centre-Val de Loire,24.0,2
7444,2022-05-24,Centre-Val de Loire,24.0,8
7445,2022-05-25,Centre-Val de Loire,24.0,2
7446,2022-05-26,Centre-Val de Loire,24.0,2
7447,2022-05-27,Centre-Val de Loire,24.0,3
7448,2022-05-28,Centre-Val de Loire,24.0,1
7449,2022-05-29,Centre-Val de Loire,24.0,0
7450,2022-05-30,Centre-Val de Loire,24.0,2
7451,2022-05-31,Centre-Val de Loire,24.0,4
7452,2022-06-01,Centre-Val de Loire,24.0,2
7453,2022-06-02,Centre-Val de Loire,24.0,4
7454,2022-06-03,Centre-Val de Loire,24.0,1
7455,2022-06-04,Centre-Val de Loire,24.0,3
7456,2022-06-05,Centre-Val de Loire,24.0,1
7457,2022-06-06,Centre-Val de Loire,24.0,2
7458,2022-06-07,Centre-Val de Loire,24.0,2
7459,2022-06-08,Centre-Val de Loire,24.0,3
7460,2022-06-09,Centre-Val de Loire,24.0,1
7461,2022-06-10,Centre-Val de Loire,24.0,4
7462,2022-06-11,Centre-Val de Loire,24.0,5
7463,2022-06-12,Centre-Val de Loire,24.0,0
7464,2022-06-13,Centre-Val de Loire,24.0,3
7465,2022-06-14,Centre-Val de Loire,24.0,1
7466,2022-06-15,Centre-Val de Loire,24.0,1
7467,2022-06-16,Centre-Val de Loire,24.0,5
7468,2022-06-17,Centre-Val de Loire,24.0,5
7469,2022-06-18,Centre-Val de Loire,24.0,1
7470,2022-06-19,Centre-Val de Loire,24.0,0
7471,2022-06-20,Centre-Val de Loire,24.0,3
7472,2022-06-21,Centre-Val de Loire,24.0,1
7473,2022-06-22,Centre-Val de Loire,24.0,5
7474,2022-06-23,Centre-Val de Loire,24.0,1
7475,2022-06-24,Centre-Val de Loire,24.0,5
7476,2022-06-25,Centre-Val de Loire,24.0,2
7477,2022-06-26,Centre-Val de Loire,24.0,0
7478,2022-06-27,Centre-Val de Loire,24.0,3
7479,2022-06-28,Centre-Val de Loire,24.0,0
7480,2022-06-29,Centre-Val de Loire,24.0,3
7481,2022-06-30,Centre-Val de Loire,24.0,3
7482,2022-07-01,Centre-Val de Loire,24.0,3
7483,2022-07-02,Centre-Val de Loire,24.0,3
7484,2022-07-03,Centre-Val de Loire,24.0,0
7485,2022-07-04,Centre-Val de Loire,24.0,5
7486,2022-07-05,Centre-Val de Loire,24.0,6
7487,2022-07-06,Centre-Val de Loire,24.0,7
7488,2022-07-07,Centre-Val de Loire,24.0,4
7489,2022-07-08,Centre-Val de Loire,24.0,8
7490,2022-07-09,Centre-Val de Loire,24.0,3
7491,2022-07-10,Centre-Val de Loire,24.0,0
7492,2022-07-11,Centre-Val de Loire,24.0,9
7493,2022-07-12,Centre-Val de Loire,24.0,6
7494,2022-07-13,Centre-Val de Loire,24.0,4
7495,2022-07-14,Centre-Val de Loire,24.0,5
7496,2022-07-15,Centre-Val de Loire,24.0,5
7497,2022-07-16,Centre-Val de Loire,24.0,6
7498,2022-07-17,Centre-Val de Loire,24.0,0
7499,2022-07-18,Centre-Val de Loire,24.0,4
7500,2022-07-19,Centre-Val de Loire,24.0,11
7501,2022-07-20,Centre-Val de Loire,24.0,5
7502,2022-07-21,Centre-Val de Loire,24.0,6
7503,2022-07-22,Centre-Val de Loire,24.0,7
7504,2022-07-23,Centre-Val de Loire,24.0,6
7505,2022-07-24,Centre-Val de Loire,24.0,0
7506,2022-07-25,Centre-Val de Loire,24.0,8
7507,2022-07-26,Centre-Val de Loire,24.0,12
7508,2022-07-27,Centre-Val de Loire,24.0,2
7509,2022-07-28,Centre-Val de Loire,24.0,4
7510,2022-07-29,Centre-Val de Loire,24.0,3
7511,2022-07-30,Centre-Val de Loire,24.0,1
7512,2022-07-31,Centre-Val de Loire,24.0,0
7513,2022-08-01,Centre-Val de Loire,24.0,5
7514,2022-08-02,Centre-Val de Loire,24.0,8
7515,2022-08-03,Centre-Val de Loire,24.0,3
7516,2022-08-04,Centre-Val de Loire,24.0,4
7517,2022-08-05,Centre-Val de Loire,24.0,5
7518,2022-08-06,Centre-Val de Loire,24.0,3
7519,2022-08-07,Centre-Val de Loire,24.0,0
7520,2022-08-08,Centre-Val de Loire,24.0,3
7521,2022-08-09,Centre-Val de Loire,24.0,3
7522,2022-08-10,Centre-Val de Loire,24.0,2
7523,2022-08-11,Centre-Val de Loire,24.0,0
7524,2022-08-12,Centre-Val de Loire,24.0,6
7525,2022-08-13,Centre-Val de Loire,24.0,2
7526,2022-08-14,Centre-Val de Loire,24.0,0
7527,2022-08-15,Centre-Val de Loire,24.0,0
7528,2022-08-16,Centre-Val de Loire,24.0,3
7529,2022-08-17,Centre-Val de Loire,24.0,3
7530,2022-08-18,Centre-Val de Loire,24.0,2
7531,2022-08-19,Centre-Val de Loire,24.0,4
7532,2022-08-20,Centre-Val de Loire,24.0,0
7533,2022-08-21,Centre-Val de Loire,24.0,0
7534,2022-08-22,Centre-Val de Loire,24.0,0
7535,2022-08-23,Centre-Val de Loire,24.0,2
7536,2022-08-24,Centre-Val de Loire,24.0,9
7537,2022-08-25,Centre-Val de Loire,24.0,1
7538,2022-08-26,Centre-Val de Loire,24.0,2
7539,2022-08-27,Centre-Val de Loire,24.0,0
7540,2022-08-28,Centre-Val de Loire,24.0,0
7541,2022-08-29,Centre-Val de Loire,24.0,5
7542,2022-08-30,Centre-Val de Loire,24.0,4
7543,2022-08-31,Centre-Val de Loire,24.0,3
7544,2022-09-01,Centre-Val de Loire,24.0,2
7545,2022-09-02,Centre-Val de Loire,24.0,3
7546,2022-09-03,Centre-Val de Loire,24.0,0
7547,2022-09-04,Centre-Val de Loire,24.0,0
7548,2022-09-05,Centre-Val de Loire,24.0,2
7549,2022-09-06,Centre-Val de Loire,24.0,1
7550,2022-09-07,Centre-Val de Loire,24.0,2
7551,2022-09-08,Centre-Val de Loire,24.0,4
7552,2022-09-09,Centre-Val de Loire,24.0,1
7553,2022-09-10,Centre-Val de Loire,24.0,0
7554,2022-09-11,Centre-Val de Loire,24.0,0
7555,2022-09-12,Centre-Val de Loire,24.0,2
7556,2022-09-13,Centre-Val de Loire,24.0,0
7557,2022-09-14,Centre-Val de Loire,24.0,5
7558,2022-09-15,Centre-Val de Loire,24.0,2
7559,2022-09-16,Centre-Val de Loire,24.0,1
7560,2022-09-17,Centre-Val de Loire,24.0,1
7561,2022-09-18,Centre-Val de Loire,24.0,0
7562,2022-09-19,Centre-Val de Loire,24.0,1
7563,2022-09-20,Centre-Val de Loire,24.0,4
7564,2022-09-21,Centre-Val de Loire,24.0,3
7565,2022-09-22,Centre-Val de Loire,24.0,2
7566,2022-09-23,Centre-Val de Loire,24.0,5
7567,2022-09-24,Centre-Val de Loire,24.0,0
7568,2022-09-25,Centre-Val de Loire,24.0,0
7569,2022-09-26,Centre-Val de Loire,24.0,3
7570,2022-09-27,Centre-Val de Loire,24.0,4
7571,2022-09-28,Centre-Val de Loire,24.0,5
7572,2022-09-29,Centre-Val de Loire,24.0,0
7573,2022-09-30,Centre-Val de Loire,24.0,4
7574,2022-10-01,Centre-Val de Loire,24.0,2
7575,2022-10-02,Centre-Val de Loire,24.0,0
7576,2022-10-03,Centre-Val de Loire,24.0,6
7577,2022-10-04,Centre-Val de Loire,24.0,6
7578,2022-10-05,Centre-Val de Loire,24.0,2
7579,2022-10-06,Centre-Val de Loire,24.0,6
7580,2022-10-07,Centre-Val de Loire,24.0,6
7581,2022-10-08,Centre-Val de Loire,24.0,0
7582,2022-10-09,Centre-Val de Loire,24.0,1
7583,2022-10-10,Centre-Val de Loire,24.0,3
7584,2022-10-11,Centre-Val de Loire,24.0,9
7585,2022-10-12,Centre-Val de Loire,24.0,6
7586,2022-10-13,Centre-Val de Loire,24.0,5
7587,2022-10-14,Centre-Val de Loire,24.0,3
7588,2022-10-15,Centre-Val de Loire,24.0,6
7589,2022-10-16,Centre-Val de Loire,24.0,0
7590,2022-10-17,Centre-Val de Loire,24.0,7
7591,2022-10-18,Centre-Val de Loire,24.0,9
7592,2022-10-19,Centre-Val de Loire,24.0,11
7593,2022-10-20,Centre-Val de Loire,24.0,2
7594,2022-10-21,Centre-Val de Loire,24.0,6
7595,2022-10-22,Centre-Val de Loire,24.0,2
7596,2022-10-23,Centre-Val de Loire,24.0,1
7597,2022-10-24,Centre-Val de Loire,24.0,2
7598,2022-10-25,Centre-Val de Loire,24.0,12
7599,2022-10-26,Centre-Val de Loire,24.0,2
7600,2022-10-27,Centre-Val de Loire,24.0,3
7601,2022-10-28,Centre-Val de Loire,24.0,4
7602,2022-10-29,Centre-Val de Loire,24.0,2
7603,2022-10-30,Centre-Val de Loire,24.0,0
7604,2022-10-31,Centre-Val de Loire,24.0,6
7605,2022-11-01,Centre-Val de Loire,24.0,8
7606,2022-11-02,Centre-Val de Loire,24.0,3
7607,2022-11-03,Centre-Val de Loire,24.0,6
7608,2022-11-04,Centre-Val de Loire,24.0,2
7609,2022-11-05,Centre-Val de Loire,24.0,0
7610,2022-11-06,Centre-Val de Loire,24.0,0
7611,2022-11-07,Centre-Val de Loire,24.0,3
7612,2022-11-08,Centre-Val de Loire,24.0,4
7613,2022-11-09,Centre-Val de Loire,24.0,3
7614,2022-11-10,Centre-Val de Loire,24.0,1
7615,2022-11-11,Centre-Val de Loire,24.0,1
7616,2022-11-12,Centre-Val de Loire,24.0,0
7617,2022-11-13,Centre-Val de Loire,24.0,0
7618,2022-11-14,Centre-Val de Loire,24.0,5
7619,2022-11-15,Centre-Val de Loire,24.0,5
7620,2022-11-16,Centre-Val de Loire,24.0,6
7621,2022-11-17,Centre-Val de Loire,24.0,2
7622,2022-11-18,Centre-Val de Loire,24.0,2
7623,2022-11-19,Centre-Val de Loire,24.0,2
7624,2022-11-20,Centre-Val de Loire,24.0,1
7625,2022-11-21,Centre-Val de Loire,24.0,2
7626,2022-11-22,Centre-Val de Loire,24.0,4
7627,2022-11-23,Centre-Val de Loire,24.0,2
7628,2022-11-24,Centre-Val de Loire,24.0,3
7629,2022-11-25,Centre-Val de Loire,24.0,2
7630,2022-11-26,Centre-Val de Loire,24.0,1
7631,2022-11-27,Centre-Val de Loire,24.0,0
7632,2022-11-28,Centre-Val de Loire,24.0,3
7633,2022-11-29,Centre-Val de Loire,24.0,7
7634,2022-11-30,Centre-Val de Loire,24.0,1
7635,2022-12-01,Centre-Val de Loire,24.0,5
7636,2022-12-02,Centre-Val de Loire,24.0,9
7637,2022-12-03,Centre-Val de Loire,24.0,11
7638,2022-12-04,Centre-Val de Loire,24.0,0
7639,2022-12-05,Centre-Val de Loire,24.0,5
7640,2022-12-06,Centre-Val de Loire,24.0,2
7641,2022-12-07,Centre-Val de Loire,24.0,2
7642,2022-12-08,Centre-Val de Loire,24.0,0
7643,2022-12-09,Centre-Val de Loire,24.0,1
7644,2022-12-10,Centre-Val de Loire,24.0,1
7645,2022-12-11,Centre-Val de Loire,24.0,0
7646,2022-12-12,Centre-Val de Loire,24.0,7
7647,2022-12-13,Centre-Val de Loire,24.0,5
7648,2022-12-14,Centre-Val de Loire,24.0,9
7649,2022-12-15,Centre-Val de Loire,24.0,8
7650,2022-12-16,Centre-Val de Loire,24.0,6
7651,2022-12-17,Centre-Val de Loire,24.0,2
7652,2022-12-18,Centre-Val de Loire,24.0,2
7653,2022-12-19,Centre-Val de Loire,24.0,3
7654,2022-12-20,Centre-Val de Loire,24.0,5
7655,2022-12-21,Centre-Val de Loire,24.0,10
7656,2022-12-22,Centre-Val de Loire,24.0,4
7657,2022-12-23,Centre-Val de Loire,24.0,13
7658,2022-12-24,Centre-Val de Loire,24.0,6
7659,2022-12-25,Centre-Val de Loire,24.0,1
7660,2022-12-26,Centre-Val de Loire,24.0,5
7661,2022-12-27,Centre-Val de Loire,24.0,5
7662,2022-12-28,Centre-Val de Loire,24.0,5
7663,2022-12-29,Centre-Val de Loire,24.0,3
7664,2022-12-30,Centre-Val de Loire,24.0,4
7665,2022-12-31,Centre-Val de Loire,24.0,1
7666,2023-01-01,Centre-Val de Loire,24.0,0
7667,2023-01-02,Centre-Val de Loire,24.0,12
7668,2023-01-03,Centre-Val de Loire,24.0,4
7669,2023-01-04,Centre-Val de Loire,24.0,4
7670,2023-01-05,Centre-Val de Loire,24.0,5
7671,2023-01-06,Centre-Val de Loire,24.0,3
7672,2023-01-07,Centre-Val de Loire,24.0,4
7673,2023-01-08,Centre-Val de Loire,24.0,0
7674,2023-01-09,Centre-Val de Loire,24.0,3
7675,2023-01-10,Centre-Val de Loire,24.0,5
7676,2023-01-11,Centre-Val de Loire,24.0,1
7677,2023-01-12,Centre-Val de Loire,24.0,2
7678,2023-01-13,Centre-Val de Loire,24.0,5
7679,2023-01-14,Centre-Val de Loire,24.0,0
7680,2023-01-15,Centre-Val de Loire,24.0,0
7681,2023-01-16,Centre-Val de Loire,24.0,3
7682,2023-01-17,Centre-Val de Loire,24.0,3
7683,2023-01-18,Centre-Val de Loire,24.0,6
7684,2023-01-19,Centre-Val de Loire,24.0,1
7685,2023-01-20,Centre-Val de Loire,24.0,2
7686,2023-01-21,Centre-Val de Loire,24.0,0
7687,2023-01-22,Centre-Val de Loire,24.0,0
7688,2023-01-23,Centre-Val de Loire,24.0,2
7689,2023-01-24,Centre-Val de Loire,24.0,4
7690,2023-01-25,Centre-Val de Loire,24.0,1
7691,2023-01-26,Centre-Val de Loire,24.0,1
7692,2023-01-27,Centre-Val de Loire,24.0,0
7693,2023-01-28,Centre-Val de Loire,24.0,2
7694,2023-01-29,Centre-Val de Loire,24.0,0
7695,2023-01-30,Centre-Val de Loire,24.0,1
7696,2023-01-31,Centre-Val de Loire,24.0,2
7697,2023-02-01,Centre-Val de Loire,24.0,3
7698,2023-02-02,Centre-Val de Loire,24.0,3
7699,2023-02-03,Centre-Val de Loire,24.0,0
7700,2023-02-04,Centre-Val de Loire,24.0,0
7701,2023-02-05,Centre-Val de Loire,24.0,0
7702,2023-02-06,Centre-Val de Loire,24.0,3
7703,2023-02-07,Centre-Val de Loire,24.0,1
7704,2023-02-08,Centre-Val de Loire,24.0,8
7705,2023-02-09,Centre-Val de Loire,24.0,6
7706,2023-02-10,Centre-Val de Loire,24.0,2
7707,2023-02-11,Centre-Val de Loire,24.0,2
7708,2023-02-12,Centre-Val de Loire,24.0,0
7709,2023-02-13,Centre-Val de Loire,24.0,0
7710,2023-02-14,Centre-Val de Loire,24.0,0
7711,2023-02-15,Centre-Val de Loire,24.0,4
7712,2023-02-16,Centre-Val de Loire,24.0,0
7713,2023-02-17,Centre-Val de Loire,24.0,1
7714,2023-02-18,Centre-Val de Loire,24.0,0
7715,2023-02-19,Centre-Val de Loire,24.0,0
7716,2023-02-20,Centre-Val de Loire,24.0,5
7717,2023-02-21,Centre-Val de Loire,24.0,1
7718,2023-02-22,Centre-Val de Loire,24.0,1
7719,2023-02-23,Centre-Val de Loire,24.0,1
7720,2023-02-24,Centre-Val de Loire,24.0,3
7721,2023-02-25,Centre-Val de Loire,24.0,1
7722,2023-02-26,Centre-Val de Loire,24.0,0
7723,2023-02-27,Centre-Val de Loire,24.0,1
7724,2023-02-28,Centre-Val de Loire,24.0,2
7725,2023-03-01,Centre-Val de Loire,24.0,1
7726,2023-03-02,Centre-Val de Loire,24.0,3
7727,2023-03-03,Centre-Val de Loire,24.0,2
7728,2023-03-04,Centre-Val de Loire,24.0,0
7729,2023-03-05,Centre-Val de Loire,24.0,0
7730,2023-03-06,Centre-Val de Loire,24.0,1
7731,2023-03-07,Centre-Val de Loire,24.0,1
7732,2023-03-08,Centre-Val de Loire,24.0,3
7733,2023-03-09,Centre-Val de Loire,24.0,0
7734,2023-03-10,Centre-Val de Loire,24.0,0
7735,2023-03-11,Centre-Val de Loire,24.0,0
7736,2023-03-12,Centre-Val de Loire,24.0,0
7737,2023-03-13,Centre-Val de Loire,24.0,2
7738,2023-03-14,Centre-Val de Loire,24.0,2
7739,2023-03-15,Centre-Val de Loire,24.0,2
7740,2023-03-16,Centre-Val de Loire,24.0,3
7741,2023-03-17,Centre-Val de Loire,24.0,3
7742,2023-03-18,Centre-Val de Loire,24.0,0
7743,2023-03-19,Centre-Val de Loire,24.0,0
7744,2023-03-20,Centre-Val de Loire,24.0,2
7745,2023-03-21,Centre-Val de Loire,24.0,1
7746,2023-03-22,Centre-Val de Loire,24.0,1
7747,2023-03-23,Centre-Val de Loire,24.0,1
7748,2023-03-24,Centre-Val de Loire,24.0,4
7749,2023-03-25,Centre-Val de Loire,24.0,0
7750,2023-03-26,Centre-Val de Loire,24.0,0
7751,2023-03-27,Centre-Val de Loire,24.0,1
7752,2023-03-28,Centre-Val de Loire,24.0,1
7753,2023-03-29,Centre-Val de Loire,24.0,1
7754,2023-03-30,Centre-Val de Loire,24.0,3
7755,2023-03-31,Centre-Val de Loire,24.0,2
7756,2020-03-19,Bourgogne-Franche-Comté,27.0,33
7757,2020-03-20,Bourgogne-Franche-Comté,27.0,9
7758,2020-03-21,Bourgogne-Franche-Comté,27.0,11
7759,2020-03-22,Bourgogne-Franche-Comté,27.0,14
7760,2020-03-23,Bourgogne-Franche-Comté,27.0,12
7761,2020-03-24,Bourgogne-Franche-Comté,27.0,19
7762,2020-03-25,Bourgogne-Franche-Comté,27.0,30
7763,2020-03-26,Bourgogne-Franche-Comté,27.0,19
7764,2020-03-27,Bourgogne-Franche-Comté,27.0,24
7765,2020-03-28,Bourgogne-Franche-Comté,27.0,21
7766,2020-03-29,Bourgogne-Franche-Comté,27.0,33
7767,2020-03-30,Bourgogne-Franche-Comté,27.0,20
7768,2020-03-31,Bourgogne-Franche-Comté,27.0,30
7769,2020-04-01,Bourgogne-Franche-Comté,27.0,33
7770,2020-04-02,Bourgogne-Franche-Comté,27.0,33
7771,2020-04-03,Bourgogne-Franche-Comté,27.0,28
7772,2020-04-04,Bourgogne-Franche-Comté,27.0,22
7773,2020-04-05,Bourgogne-Franche-Comté,27.0,12
7774,2020-04-06,Bourgogne-Franche-Comté,27.0,24
7775,2020-04-07,Bourgogne-Franche-Comté,27.0,29
7776,2020-04-08,Bourgogne-Franche-Comté,27.0,14
7777,2020-04-09,Bourgogne-Franche-Comté,27.0,10
7778,2020-04-10,Bourgogne-Franche-Comté,27.0,20
7779,2020-04-11,Bourgogne-Franche-Comté,27.0,3
7780,2020-04-12,Bourgogne-Franche-Comté,27.0,9
7781,2020-04-13,Bourgogne-Franche-Comté,27.0,13
7782,2020-04-14,Bourgogne-Franche-Comté,27.0,5
7783,2020-04-15,Bourgogne-Franche-Comté,27.0,10
7784,2020-04-16,Bourgogne-Franche-Comté,27.0,16
7785,2020-04-17,Bourgogne-Franche-Comté,27.0,5
7786,2020-04-18,Bourgogne-Franche-Comté,27.0,12
7787,2020-04-19,Bourgogne-Franche-Comté,27.0,12
7788,2020-04-20,Bourgogne-Franche-Comté,27.0,6
7789,2020-04-21,Bourgogne-Franche-Comté,27.0,13
7790,2020-04-22,Bourgogne-Franche-Comté,27.0,17
7791,2020-04-23,Bourgogne-Franche-Comté,27.0,6
7792,2020-04-24,Bourgogne-Franche-Comté,27.0,4
7793,2020-04-25,Bourgogne-Franche-Comté,27.0,7
7794,2020-04-26,Bourgogne-Franche-Comté,27.0,4
7795,2020-04-27,Bourgogne-Franche-Comté,27.0,6
7796,2020-04-28,Bourgogne-Franche-Comté,27.0,10
7797,2020-04-29,Bourgogne-Franche-Comté,27.0,7
7798,2020-04-30,Bourgogne-Franche-Comté,27.0,9
7799,2020-05-01,Bourgogne-Franche-Comté,27.0,1
7800,2020-05-02,Bourgogne-Franche-Comté,27.0,4
7801,2020-05-03,Bourgogne-Franche-Comté,27.0,3
7802,2020-05-04,Bourgogne-Franche-Comté,27.0,2
7803,2020-05-05,Bourgogne-Franche-Comté,27.0,8
7804,2020-05-06,Bourgogne-Franche-Comté,27.0,2
7805,2020-05-07,Bourgogne-Franche-Comté,27.0,3
7806,2020-05-08,Bourgogne-Franche-Comté,27.0,7
7807,2020-05-09,Bourgogne-Franche-Comté,27.0,2
7808,2020-05-10,Bourgogne-Franche-Comté,27.0,0
7809,2020-05-11,Bourgogne-Franche-Comté,27.0,6
7810,2020-05-12,Bourgogne-Franche-Comté,27.0,7
7811,2020-05-13,Bourgogne-Franche-Comté,27.0,2
7812,2020-05-14,Bourgogne-Franche-Comté,27.0,1
7813,2020-05-15,Bourgogne-Franche-Comté,27.0,4
7814,2020-05-16,Bourgogne-Franche-Comté,27.0,2
7815,2020-05-17,Bourgogne-Franche-Comté,27.0,0
7816,2020-05-18,Bourgogne-Franche-Comté,27.0,0
7817,2020-05-19,Bourgogne-Franche-Comté,27.0,2
7818,2020-05-20,Bourgogne-Franche-Comté,27.0,3
7819,2020-05-21,Bourgogne-Franche-Comté,27.0,0
7820,2020-05-22,Bourgogne-Franche-Comté,27.0,2
7821,2020-05-23,Bourgogne-Franche-Comté,27.0,2
7822,2020-05-24,Bourgogne-Franche-Comté,27.0,1
7823,2020-05-25,Bourgogne-Franche-Comté,27.0,2
7824,2020-05-26,Bourgogne-Franche-Comté,27.0,2
7825,2020-05-27,Bourgogne-Franche-Comté,27.0,1
7826,2020-05-28,Bourgogne-Franche-Comté,27.0,1
7827,2020-05-29,Bourgogne-Franche-Comté,27.0,0
7828,2020-05-30,Bourgogne-Franche-Comté,27.0,0
7829,2020-05-31,Bourgogne-Franche-Comté,27.0,0
7830,2020-06-01,Bourgogne-Franche-Comté,27.0,0
7831,2020-06-02,Bourgogne-Franche-Comté,27.0,1
7832,2020-06-03,Bourgogne-Franche-Comté,27.0,1
7833,2020-06-04,Bourgogne-Franche-Comté,27.0,0
7834,2020-06-05,Bourgogne-Franche-Comté,27.0,1
7835,2020-06-06,Bourgogne-Franche-Comté,27.0,0
7836,2020-06-07,Bourgogne-Franche-Comté,27.0,0
7837,2020-06-08,Bourgogne-Franche-Comté,27.0,1
7838,2020-06-09,Bourgogne-Franche-Comté,27.0,1
7839,2020-06-10,Bourgogne-Franche-Comté,27.0,0
7840,2020-06-11,Bourgogne-Franche-Comté,27.0,2
7841,2020-06-12,Bourgogne-Franche-Comté,27.0,0
7842,2020-06-13,Bourgogne-Franche-Comté,27.0,0
7843,2020-06-14,Bourgogne-Franche-Comté,27.0,0
7844,2020-06-15,Bourgogne-Franche-Comté,27.0,0
7845,2020-06-16,Bourgogne-Franche-Comté,27.0,0
7846,2020-06-17,Bourgogne-Franche-Comté,27.0,0
7847,2020-06-18,Bourgogne-Franche-Comté,27.0,1
7848,2020-06-19,Bourgogne-Franche-Comté,27.0,0
7849,2020-06-20,Bourgogne-Franche-Comté,27.0,0
7850,2020-06-21,Bourgogne-Franche-Comté,27.0,0
7851,2020-06-22,Bourgogne-Franche-Comté,27.0,1
7852,2020-06-23,Bourgogne-Franche-Comté,27.0,1
7853,2020-06-24,Bourgogne-Franche-Comté,27.0,0
7854,2020-06-25,Bourgogne-Franche-Comté,27.0,0
7855,2020-06-26,Bourgogne-Franche-Comté,27.0,0
7856,2020-06-27,Bourgogne-Franche-Comté,27.0,1
7857,2020-06-28,Bourgogne-Franche-Comté,27.0,0
7858,2020-06-29,Bourgogne-Franche-Comté,27.0,0
7859,2020-06-30,Bourgogne-Franche-Comté,27.0,0
7860,2020-07-01,Bourgogne-Franche-Comté,27.0,0
7861,2020-07-02,Bourgogne-Franche-Comté,27.0,1
7862,2020-07-03,Bourgogne-Franche-Comté,27.0,0
7863,2020-07-04,Bourgogne-Franche-Comté,27.0,0
7864,2020-07-05,Bourgogne-Franche-Comté,27.0,0
7865,2020-07-06,Bourgogne-Franche-Comté,27.0,0
7866,2020-07-07,Bourgogne-Franche-Comté,27.0,1
7867,2020-07-08,Bourgogne-Franche-Comté,27.0,1
7868,2020-07-09,Bourgogne-Franche-Comté,27.0,0
7869,2020-07-10,Bourgogne-Franche-Comté,27.0,0
7870,2020-07-11,Bourgogne-Franche-Comté,27.0,2
7871,2020-07-12,Bourgogne-Franche-Comté,27.0,0
7872,2020-07-13,Bourgogne-Franche-Comté,27.0,1
7873,2020-07-14,Bourgogne-Franche-Comté,27.0,0
7874,2020-07-15,Bourgogne-Franche-Comté,27.0,2
7875,2020-07-16,Bourgogne-Franche-Comté,27.0,1
7876,2020-07-17,Bourgogne-Franche-Comté,27.0,0
7877,2020-07-18,Bourgogne-Franche-Comté,27.0,0
7878,2020-07-19,Bourgogne-Franche-Comté,27.0,0
7879,2020-07-20,Bourgogne-Franche-Comté,27.0,0
7880,2020-07-21,Bourgogne-Franche-Comté,27.0,0
7881,2020-07-22,Bourgogne-Franche-Comté,27.0,0
7882,2020-07-23,Bourgogne-Franche-Comté,27.0,0
7883,2020-07-24,Bourgogne-Franche-Comté,27.0,0
7884,2020-07-25,Bourgogne-Franche-Comté,27.0,0
7885,2020-07-26,Bourgogne-Franche-Comté,27.0,0
7886,2020-07-27,Bourgogne-Franche-Comté,27.0,0
7887,2020-07-28,Bourgogne-Franche-Comté,27.0,0
7888,2020-07-29,Bourgogne-Franche-Comté,27.0,0
7889,2020-07-30,Bourgogne-Franche-Comté,27.0,0
7890,2020-07-31,Bourgogne-Franche-Comté,27.0,1
7891,2020-08-01,Bourgogne-Franche-Comté,27.0,0
7892,2020-08-02,Bourgogne-Franche-Comté,27.0,0
7893,2020-08-03,Bourgogne-Franche-Comté,27.0,0
7894,2020-08-04,Bourgogne-Franche-Comté,27.0,0
7895,2020-08-05,Bourgogne-Franche-Comté,27.0,0
7896,2020-08-06,Bourgogne-Franche-Comté,27.0,0
7897,2020-08-07,Bourgogne-Franche-Comté,27.0,0
7898,2020-08-08,Bourgogne-Franche-Comté,27.0,0
7899,2020-08-09,Bourgogne-Franche-Comté,27.0,0
7900,2020-08-10,Bourgogne-Franche-Comté,27.0,0
7901,2020-08-11,Bourgogne-Franche-Comté,27.0,0
7902,2020-08-12,Bourgogne-Franche-Comté,27.0,1
7903,2020-08-13,Bourgogne-Franche-Comté,27.0,0
7904,2020-08-14,Bourgogne-Franche-Comté,27.0,0
7905,2020-08-15,Bourgogne-Franche-Comté,27.0,0
7906,2020-08-16,Bourgogne-Franche-Comté,27.0,0
7907,2020-08-17,Bourgogne-Franche-Comté,27.0,0
7908,2020-08-18,Bourgogne-Franche-Comté,27.0,0
7909,2020-08-19,Bourgogne-Franche-Comté,27.0,0
7910,2020-08-20,Bourgogne-Franche-Comté,27.0,2
7911,2020-08-21,Bourgogne-Franche-Comté,27.0,0
7912,2020-08-22,Bourgogne-Franche-Comté,27.0,1
7913,2020-08-23,Bourgogne-Franche-Comté,27.0,0
7914,2020-08-24,Bourgogne-Franche-Comté,27.0,0
7915,2020-08-25,Bourgogne-Franche-Comté,27.0,0
7916,2020-08-26,Bourgogne-Franche-Comté,27.0,0
7917,2020-08-27,Bourgogne-Franche-Comté,27.0,0
7918,2020-08-28,Bourgogne-Franche-Comté,27.0,0
7919,2020-08-29,Bourgogne-Franche-Comté,27.0,0
7920,2020-08-30,Bourgogne-Franche-Comté,27.0,0
7921,2020-08-31,Bourgogne-Franche-Comté,27.0,1
7922,2020-09-01,Bourgogne-Franche-Comté,27.0,1
7923,2020-09-02,Bourgogne-Franche-Comté,27.0,1
7924,2020-09-03,Bourgogne-Franche-Comté,27.0,1
7925,2020-09-04,Bourgogne-Franche-Comté,27.0,0
7926,2020-09-05,Bourgogne-Franche-Comté,27.0,0
7927,2020-09-06,Bourgogne-Franche-Comté,27.0,0
7928,2020-09-07,Bourgogne-Franche-Comté,27.0,1
7929,2020-09-08,Bourgogne-Franche-Comté,27.0,0
7930,2020-09-09,Bourgogne-Franche-Comté,27.0,0
7931,2020-09-10,Bourgogne-Franche-Comté,27.0,2
7932,2020-09-11,Bourgogne-Franche-Comté,27.0,1
7933,2020-09-12,Bourgogne-Franche-Comté,27.0,0
7934,2020-09-13,Bourgogne-Franche-Comté,27.0,0
7935,2020-09-14,Bourgogne-Franche-Comté,27.0,0
7936,2020-09-15,Bourgogne-Franche-Comté,27.0,1
7937,2020-09-16,Bourgogne-Franche-Comté,27.0,2
7938,2020-09-17,Bourgogne-Franche-Comté,27.0,1
7939,2020-09-18,Bourgogne-Franche-Comté,27.0,0
7940,2020-09-19,Bourgogne-Franche-Comté,27.0,1
7941,2020-09-20,Bourgogne-Franche-Comté,27.0,0
7942,2020-09-21,Bourgogne-Franche-Comté,27.0,0
7943,2020-09-22,Bourgogne-Franche-Comté,27.0,4
7944,2020-09-23,Bourgogne-Franche-Comté,27.0,3
7945,2020-09-24,Bourgogne-Franche-Comté,27.0,2
7946,2020-09-25,Bourgogne-Franche-Comté,27.0,2
7947,2020-09-26,Bourgogne-Franche-Comté,27.0,4
7948,2020-09-27,Bourgogne-Franche-Comté,27.0,1
7949,2020-09-28,Bourgogne-Franche-Comté,27.0,3
7950,2020-09-29,Bourgogne-Franche-Comté,27.0,5
7951,2020-09-30,Bourgogne-Franche-Comté,27.0,7
7952,2020-10-01,Bourgogne-Franche-Comté,27.0,3
7953,2020-10-02,Bourgogne-Franche-Comté,27.0,3
7954,2020-10-03,Bourgogne-Franche-Comté,27.0,2
7955,2020-10-04,Bourgogne-Franche-Comté,27.0,1
7956,2020-10-05,Bourgogne-Franche-Comté,27.0,2
7957,2020-10-06,Bourgogne-Franche-Comté,27.0,3
7958,2020-10-07,Bourgogne-Franche-Comté,27.0,3
7959,2020-10-08,Bourgogne-Franche-Comté,27.0,5
7960,2020-10-09,Bourgogne-Franche-Comté,27.0,5
7961,2020-10-10,Bourgogne-Franche-Comté,27.0,1
7962,2020-10-11,Bourgogne-Franche-Comté,27.0,1
7963,2020-10-12,Bourgogne-Franche-Comté,27.0,1
7964,2020-10-13,Bourgogne-Franche-Comté,27.0,13
7965,2020-10-14,Bourgogne-Franche-Comté,27.0,4
7966,2020-10-15,Bourgogne-Franche-Comté,27.0,8
7967,2020-10-16,Bourgogne-Franche-Comté,27.0,3
7968,2020-10-17,Bourgogne-Franche-Comté,27.0,4
7969,2020-10-18,Bourgogne-Franche-Comté,27.0,3
7970,2020-10-19,Bourgogne-Franche-Comté,27.0,9
7971,2020-10-20,Bourgogne-Franche-Comté,27.0,7
7972,2020-10-21,Bourgogne-Franche-Comté,27.0,8
7973,2020-10-22,Bourgogne-Franche-Comté,27.0,8
7974,2020-10-23,Bourgogne-Franche-Comté,27.0,9
7975,2020-10-24,Bourgogne-Franche-Comté,27.0,14
7976,2020-10-25,Bourgogne-Franche-Comté,27.0,9
7977,2020-10-26,Bourgogne-Franche-Comté,27.0,16
7978,2020-10-27,Bourgogne-Franche-Comté,27.0,17
7979,2020-10-28,Bourgogne-Franche-Comté,27.0,13
7980,2020-10-29,Bourgogne-Franche-Comté,27.0,18
7981,2020-10-30,Bourgogne-Franche-Comté,27.0,26
7982,2020-10-31,Bourgogne-Franche-Comté,27.0,13
7983,2020-11-01,Bourgogne-Franche-Comté,27.0,13
7984,2020-11-02,Bourgogne-Franche-Comté,27.0,27
7985,2020-11-03,Bourgogne-Franche-Comté,27.0,14
7986,2020-11-04,Bourgogne-Franche-Comté,27.0,24
7987,2020-11-05,Bourgogne-Franche-Comté,27.0,25
7988,2020-11-06,Bourgogne-Franche-Comté,27.0,31
7989,2020-11-07,Bourgogne-Franche-Comté,27.0,15
7990,2020-11-08,Bourgogne-Franche-Comté,27.0,26
7991,2020-11-09,Bourgogne-Franche-Comté,27.0,31
7992,2020-11-10,Bourgogne-Franche-Comté,27.0,22
7993,2020-11-11,Bourgogne-Franche-Comté,27.0,25
7994,2020-11-12,Bourgogne-Franche-Comté,27.0,12
7995,2020-11-13,Bourgogne-Franche-Comté,27.0,22
7996,2020-11-14,Bourgogne-Franche-Comté,27.0,14
7997,2020-11-15,Bourgogne-Franche-Comté,27.0,21
7998,2020-11-16,Bourgogne-Franche-Comté,27.0,23
7999,2020-11-17,Bourgogne-Franche-Comté,27.0,24
8000,2020-11-18,Bourgogne-Franche-Comté,27.0,27
8001,2020-11-19,Bourgogne-Franche-Comté,27.0,12
8002,2020-11-20,Bourgogne-Franche-Comté,27.0,14
8003,2020-11-21,Bourgogne-Franche-Comté,27.0,17
8004,2020-11-22,Bourgogne-Franche-Comté,27.0,18
8005,2020-11-23,Bourgogne-Franche-Comté,27.0,27
8006,2020-11-24,Bourgogne-Franche-Comté,27.0,16
8007,2020-11-25,Bourgogne-Franche-Comté,27.0,16
8008,2020-11-26,Bourgogne-Franche-Comté,27.0,8
8009,2020-11-27,Bourgogne-Franche-Comté,27.0,22
8010,2020-11-28,Bourgogne-Franche-Comté,27.0,13
8011,2020-11-29,Bourgogne-Franche-Comté,27.0,6
8012,2020-11-30,Bourgogne-Franche-Comté,27.0,15
8013,2020-12-01,Bourgogne-Franche-Comté,27.0,21
8014,2020-12-02,Bourgogne-Franche-Comté,27.0,10
8015,2020-12-03,Bourgogne-Franche-Comté,27.0,7
8016,2020-12-04,Bourgogne-Franche-Comté,27.0,12
8017,2020-12-05,Bourgogne-Franche-Comté,27.0,10
8018,2020-12-06,Bourgogne-Franche-Comté,27.0,12
8019,2020-12-07,Bourgogne-Franche-Comté,27.0,20
8020,2020-12-08,Bourgogne-Franche-Comté,27.0,10
8021,2020-12-09,Bourgogne-Franche-Comté,27.0,19
8022,2020-12-10,Bourgogne-Franche-Comté,27.0,9
8023,2020-12-11,Bourgogne-Franche-Comté,27.0,10
8024,2020-12-12,Bourgogne-Franche-Comté,27.0,12
8025,2020-12-13,Bourgogne-Franche-Comté,27.0,6
8026,2020-12-14,Bourgogne-Franche-Comté,27.0,14
8027,2020-12-15,Bourgogne-Franche-Comté,27.0,15
8028,2020-12-16,Bourgogne-Franche-Comté,27.0,17
8029,2020-12-17,Bourgogne-Franche-Comté,27.0,9
8030,2020-12-18,Bourgogne-Franche-Comté,27.0,11
8031,2020-12-19,Bourgogne-Franche-Comté,27.0,10
8032,2020-12-20,Bourgogne-Franche-Comté,27.0,10
8033,2020-12-21,Bourgogne-Franche-Comté,27.0,18
8034,2020-12-22,Bourgogne-Franche-Comté,27.0,16
8035,2020-12-23,Bourgogne-Franche-Comté,27.0,13
8036,2020-12-24,Bourgogne-Franche-Comté,27.0,16
8037,2020-12-25,Bourgogne-Franche-Comté,27.0,6
8038,2020-12-26,Bourgogne-Franche-Comté,27.0,17
8039,2020-12-27,Bourgogne-Franche-Comté,27.0,5
8040,2020-12-28,Bourgogne-Franche-Comté,27.0,13
8041,2020-12-29,Bourgogne-Franche-Comté,27.0,17
8042,2020-12-30,Bourgogne-Franche-Comté,27.0,17
8043,2020-12-31,Bourgogne-Franche-Comté,27.0,12
8044,2021-01-01,Bourgogne-Franche-Comté,27.0,11
8045,2021-01-02,Bourgogne-Franche-Comté,27.0,10
8046,2021-01-03,Bourgogne-Franche-Comté,27.0,9
8047,2021-01-04,Bourgogne-Franche-Comté,27.0,12
8048,2021-01-05,Bourgogne-Franche-Comté,27.0,17
8049,2021-01-06,Bourgogne-Franche-Comté,27.0,11
8050,2021-01-07,Bourgogne-Franche-Comté,27.0,13
8051,2021-01-08,Bourgogne-Franche-Comté,27.0,17
8052,2021-01-09,Bourgogne-Franche-Comté,27.0,2
8053,2021-01-10,Bourgogne-Franche-Comté,27.0,7
8054,2021-01-11,Bourgogne-Franche-Comté,27.0,11
8055,2021-01-12,Bourgogne-Franche-Comté,27.0,20
8056,2021-01-13,Bourgogne-Franche-Comté,27.0,15
8057,2021-01-14,Bourgogne-Franche-Comté,27.0,7
8058,2021-01-15,Bourgogne-Franche-Comté,27.0,13
8059,2021-01-16,Bourgogne-Franche-Comté,27.0,13
8060,2021-01-17,Bourgogne-Franche-Comté,27.0,6
8061,2021-01-18,Bourgogne-Franche-Comté,27.0,21
8062,2021-01-19,Bourgogne-Franche-Comté,27.0,11
8063,2021-01-20,Bourgogne-Franche-Comté,27.0,17
8064,2021-01-21,Bourgogne-Franche-Comté,27.0,9
8065,2021-01-22,Bourgogne-Franche-Comté,27.0,17
8066,2021-01-23,Bourgogne-Franche-Comté,27.0,7
8067,2021-01-24,Bourgogne-Franche-Comté,27.0,16
8068,2021-01-25,Bourgogne-Franche-Comté,27.0,17
8069,2021-01-26,Bourgogne-Franche-Comté,27.0,16
8070,2021-01-27,Bourgogne-Franche-Comté,27.0,10
8071,2021-01-28,Bourgogne-Franche-Comté,27.0,14
8072,2021-01-29,Bourgogne-Franche-Comté,27.0,13
8073,2021-01-30,Bourgogne-Franche-Comté,27.0,7
8074,2021-01-31,Bourgogne-Franche-Comté,27.0,5
8075,2021-02-01,Bourgogne-Franche-Comté,27.0,18
8076,2021-02-02,Bourgogne-Franche-Comté,27.0,13
8077,2021-02-03,Bourgogne-Franche-Comté,27.0,13
8078,2021-02-04,Bourgogne-Franche-Comté,27.0,10
8079,2021-02-05,Bourgogne-Franche-Comté,27.0,9
8080,2021-02-06,Bourgogne-Franche-Comté,27.0,11
8081,2021-02-07,Bourgogne-Franche-Comté,27.0,19
8082,2021-02-08,Bourgogne-Franche-Comté,27.0,22
8083,2021-02-09,Bourgogne-Franche-Comté,27.0,19
8084,2021-02-10,Bourgogne-Franche-Comté,27.0,11
8085,2021-02-11,Bourgogne-Franche-Comté,27.0,13
8086,2021-02-12,Bourgogne-Franche-Comté,27.0,10
8087,2021-02-13,Bourgogne-Franche-Comté,27.0,9
8088,2021-02-14,Bourgogne-Franche-Comté,27.0,8
8089,2021-02-15,Bourgogne-Franche-Comté,27.0,11
8090,2021-02-16,Bourgogne-Franche-Comté,27.0,10
8091,2021-02-17,Bourgogne-Franche-Comté,27.0,12
8092,2021-02-18,Bourgogne-Franche-Comté,27.0,10
8093,2021-02-19,Bourgogne-Franche-Comté,27.0,18
8094,2021-02-20,Bourgogne-Franche-Comté,27.0,8
8095,2021-02-21,Bourgogne-Franche-Comté,27.0,3
8096,2021-02-22,Bourgogne-Franche-Comté,27.0,8
8097,2021-02-23,Bourgogne-Franche-Comté,27.0,14
8098,2021-02-24,Bourgogne-Franche-Comté,27.0,14
8099,2021-02-25,Bourgogne-Franche-Comté,27.0,4
8100,2021-02-26,Bourgogne-Franche-Comté,27.0,13
8101,2021-02-27,Bourgogne-Franche-Comté,27.0,7
8102,2021-02-28,Bourgogne-Franche-Comté,27.0,7
8103,2021-03-01,Bourgogne-Franche-Comté,27.0,14
8104,2021-03-02,Bourgogne-Franche-Comté,27.0,15
8105,2021-03-03,Bourgogne-Franche-Comté,27.0,13
8106,2021-03-04,Bourgogne-Franche-Comté,27.0,12
8107,2021-03-05,Bourgogne-Franche-Comté,27.0,11
8108,2021-03-06,Bourgogne-Franche-Comté,27.0,5
8109,2021-03-07,Bourgogne-Franche-Comté,27.0,2
8110,2021-03-08,Bourgogne-Franche-Comté,27.0,18
8111,2021-03-09,Bourgogne-Franche-Comté,27.0,10
8112,2021-03-10,Bourgogne-Franche-Comté,27.0,11
8113,2021-03-11,Bourgogne-Franche-Comté,27.0,12
8114,2021-03-12,Bourgogne-Franche-Comté,27.0,8
8115,2021-03-13,Bourgogne-Franche-Comté,27.0,7
8116,2021-03-14,Bourgogne-Franche-Comté,27.0,3
8117,2021-03-15,Bourgogne-Franche-Comté,27.0,17
8118,2021-03-16,Bourgogne-Franche-Comté,27.0,16
8119,2021-03-17,Bourgogne-Franche-Comté,27.0,13
8120,2021-03-18,Bourgogne-Franche-Comté,27.0,8
8121,2021-03-19,Bourgogne-Franche-Comté,27.0,11
8122,2021-03-20,Bourgogne-Franche-Comté,27.0,12
8123,2021-03-21,Bourgogne-Franche-Comté,27.0,5
8124,2021-03-22,Bourgogne-Franche-Comté,27.0,11
8125,2021-03-23,Bourgogne-Franche-Comté,27.0,13
8126,2021-03-24,Bourgogne-Franche-Comté,27.0,13
8127,2021-03-25,Bourgogne-Franche-Comté,27.0,10
8128,2021-03-26,Bourgogne-Franche-Comté,27.0,11
8129,2021-03-27,Bourgogne-Franche-Comté,27.0,9
8130,2021-03-28,Bourgogne-Franche-Comté,27.0,1
8131,2021-03-29,Bourgogne-Franche-Comté,27.0,15
8132,2021-03-30,Bourgogne-Franche-Comté,27.0,16
8133,2021-03-31,Bourgogne-Franche-Comté,27.0,20
8134,2021-04-01,Bourgogne-Franche-Comté,27.0,13
8135,2021-04-02,Bourgogne-Franche-Comté,27.0,18
8136,2021-04-03,Bourgogne-Franche-Comté,27.0,8
8137,2021-04-04,Bourgogne-Franche-Comté,27.0,10
8138,2021-04-05,Bourgogne-Franche-Comté,27.0,12
8139,2021-04-06,Bourgogne-Franche-Comté,27.0,27
8140,2021-04-07,Bourgogne-Franche-Comté,27.0,25
8141,2021-04-08,Bourgogne-Franche-Comté,27.0,21
8142,2021-04-09,Bourgogne-Franche-Comté,27.0,17
8143,2021-04-10,Bourgogne-Franche-Comté,27.0,15
8144,2021-04-11,Bourgogne-Franche-Comté,27.0,11
8145,2021-04-12,Bourgogne-Franche-Comté,27.0,10
8146,2021-04-13,Bourgogne-Franche-Comté,27.0,11
8147,2021-04-14,Bourgogne-Franche-Comté,27.0,14
8148,2021-04-15,Bourgogne-Franche-Comté,27.0,14
8149,2021-04-16,Bourgogne-Franche-Comté,27.0,18
8150,2021-04-17,Bourgogne-Franche-Comté,27.0,13
8151,2021-04-18,Bourgogne-Franche-Comté,27.0,7
8152,2021-04-19,Bourgogne-Franche-Comté,27.0,25
8153,2021-04-20,Bourgogne-Franche-Comté,27.0,28
8154,2021-04-21,Bourgogne-Franche-Comté,27.0,14
8155,2021-04-22,Bourgogne-Franche-Comté,27.0,19
8156,2021-04-23,Bourgogne-Franche-Comté,27.0,17
8157,2021-04-24,Bourgogne-Franche-Comté,27.0,9
8158,2021-04-25,Bourgogne-Franche-Comté,27.0,12
8159,2021-04-26,Bourgogne-Franche-Comté,27.0,11
8160,2021-04-27,Bourgogne-Franche-Comté,27.0,17
8161,2021-04-28,Bourgogne-Franche-Comté,27.0,10
8162,2021-04-29,Bourgogne-Franche-Comté,27.0,17
8163,2021-04-30,Bourgogne-Franche-Comté,27.0,8
8164,2021-05-01,Bourgogne-Franche-Comté,27.0,11
8165,2021-05-02,Bourgogne-Franche-Comté,27.0,7
8166,2021-05-03,Bourgogne-Franche-Comté,27.0,15
8167,2021-05-04,Bourgogne-Franche-Comté,27.0,13
8168,2021-05-05,Bourgogne-Franche-Comté,27.0,10
8169,2021-05-06,Bourgogne-Franche-Comté,27.0,13
8170,2021-05-07,Bourgogne-Franche-Comté,27.0,9
8171,2021-05-08,Bourgogne-Franche-Comté,27.0,10
8172,2021-05-09,Bourgogne-Franche-Comté,27.0,5
8173,2021-05-10,Bourgogne-Franche-Comté,27.0,9
8174,2021-05-11,Bourgogne-Franche-Comté,27.0,10
8175,2021-05-12,Bourgogne-Franche-Comté,27.0,10
8176,2021-05-13,Bourgogne-Franche-Comté,27.0,8
8177,2021-05-14,Bourgogne-Franche-Comté,27.0,8
8178,2021-05-15,Bourgogne-Franche-Comté,27.0,6
8179,2021-05-16,Bourgogne-Franche-Comté,27.0,3
8180,2021-05-17,Bourgogne-Franche-Comté,27.0,11
8181,2021-05-18,Bourgogne-Franche-Comté,27.0,4
8182,2021-05-19,Bourgogne-Franche-Comté,27.0,4
8183,2021-05-20,Bourgogne-Franche-Comté,27.0,3
8184,2021-05-21,Bourgogne-Franche-Comté,27.0,5
8185,2021-05-22,Bourgogne-Franche-Comté,27.0,2
8186,2021-05-23,Bourgogne-Franche-Comté,27.0,5
8187,2021-05-24,Bourgogne-Franche-Comté,27.0,1
8188,2021-05-25,Bourgogne-Franche-Comté,27.0,9
8189,2021-05-26,Bourgogne-Franche-Comté,27.0,6
8190,2021-05-27,Bourgogne-Franche-Comté,27.0,5
8191,2021-05-28,Bourgogne-Franche-Comté,27.0,7
8192,2021-05-29,Bourgogne-Franche-Comté,27.0,5
8193,2021-05-30,Bourgogne-Franche-Comté,27.0,2
8194,2021-05-31,Bourgogne-Franche-Comté,27.0,9
8195,2021-06-01,Bourgogne-Franche-Comté,27.0,4
8196,2021-06-02,Bourgogne-Franche-Comté,27.0,9
8197,2021-06-03,Bourgogne-Franche-Comté,27.0,2
8198,2021-06-04,Bourgogne-Franche-Comté,27.0,5
8199,2021-06-05,Bourgogne-Franche-Comté,27.0,1
8200,2021-06-06,Bourgogne-Franche-Comté,27.0,0
8201,2021-06-07,Bourgogne-Franche-Comté,27.0,4
8202,2021-06-08,Bourgogne-Franche-Comté,27.0,3
8203,2021-06-09,Bourgogne-Franche-Comté,27.0,3
8204,2021-06-10,Bourgogne-Franche-Comté,27.0,4
8205,2021-06-11,Bourgogne-Franche-Comté,27.0,3
8206,2021-06-12,Bourgogne-Franche-Comté,27.0,0
8207,2021-06-13,Bourgogne-Franche-Comté,27.0,0
8208,2021-06-14,Bourgogne-Franche-Comté,27.0,8
8209,2021-06-15,Bourgogne-Franche-Comté,27.0,4
8210,2021-06-16,Bourgogne-Franche-Comté,27.0,3
8211,2021-06-17,Bourgogne-Franche-Comté,27.0,1
8212,2021-06-18,Bourgogne-Franche-Comté,27.0,2
8213,2021-06-19,Bourgogne-Franche-Comté,27.0,3
8214,2021-06-20,Bourgogne-Franche-Comté,27.0,0
8215,2021-06-21,Bourgogne-Franche-Comté,27.0,4
8216,2021-06-22,Bourgogne-Franche-Comté,27.0,2
8217,2021-06-23,Bourgogne-Franche-Comté,27.0,0
8218,2021-06-24,Bourgogne-Franche-Comté,27.0,1
8219,2021-06-25,Bourgogne-Franche-Comté,27.0,1
8220,2021-06-26,Bourgogne-Franche-Comté,27.0,0
8221,2021-06-27,Bourgogne-Franche-Comté,27.0,3
8222,2021-06-28,Bourgogne-Franche-Comté,27.0,3
8223,2021-06-29,Bourgogne-Franche-Comté,27.0,1
8224,2021-06-30,Bourgogne-Franche-Comté,27.0,0
8225,2021-07-01,Bourgogne-Franche-Comté,27.0,1
8226,2021-07-02,Bourgogne-Franche-Comté,27.0,0
8227,2021-07-03,Bourgogne-Franche-Comté,27.0,1
8228,2021-07-04,Bourgogne-Franche-Comté,27.0,0
8229,2021-07-05,Bourgogne-Franche-Comté,27.0,2
8230,2021-07-06,Bourgogne-Franche-Comté,27.0,4
8231,2021-07-07,Bourgogne-Franche-Comté,27.0,0
8232,2021-07-08,Bourgogne-Franche-Comté,27.0,1
8233,2021-07-09,Bourgogne-Franche-Comté,27.0,0
8234,2021-07-10,Bourgogne-Franche-Comté,27.0,0
8235,2021-07-11,Bourgogne-Franche-Comté,27.0,0
8236,2021-07-12,Bourgogne-Franche-Comté,27.0,3
8237,2021-07-13,Bourgogne-Franche-Comté,27.0,1
8238,2021-07-14,Bourgogne-Franche-Comté,27.0,0
8239,2021-07-15,Bourgogne-Franche-Comté,27.0,3
8240,2021-07-16,Bourgogne-Franche-Comté,27.0,1
8241,2021-07-17,Bourgogne-Franche-Comté,27.0,0
8242,2021-07-18,Bourgogne-Franche-Comté,27.0,0
8243,2021-07-19,Bourgogne-Franche-Comté,27.0,3
8244,2021-07-20,Bourgogne-Franche-Comté,27.0,2
8245,2021-07-21,Bourgogne-Franche-Comté,27.0,2
8246,2021-07-22,Bourgogne-Franche-Comté,27.0,3
8247,2021-07-23,Bourgogne-Franche-Comté,27.0,0
8248,2021-07-24,Bourgogne-Franche-Comté,27.0,0
8249,2021-07-25,Bourgogne-Franche-Comté,27.0,0
8250,2021-07-26,Bourgogne-Franche-Comté,27.0,0
8251,2021-07-27,Bourgogne-Franche-Comté,27.0,1
8252,2021-07-28,Bourgogne-Franche-Comté,27.0,2
8253,2021-07-29,Bourgogne-Franche-Comté,27.0,2
8254,2021-07-30,Bourgogne-Franche-Comté,27.0,2
8255,2021-07-31,Bourgogne-Franche-Comté,27.0,2
8256,2021-08-01,Bourgogne-Franche-Comté,27.0,1
8257,2021-08-02,Bourgogne-Franche-Comté,27.0,3
8258,2021-08-03,Bourgogne-Franche-Comté,27.0,5
8259,2021-08-04,Bourgogne-Franche-Comté,27.0,4
8260,2021-08-05,Bourgogne-Franche-Comté,27.0,3
8261,2021-08-06,Bourgogne-Franche-Comté,27.0,6
8262,2021-08-07,Bourgogne-Franche-Comté,27.0,1
8263,2021-08-08,Bourgogne-Franche-Comté,27.0,1
8264,2021-08-09,Bourgogne-Franche-Comté,27.0,5
8265,2021-08-10,Bourgogne-Franche-Comté,27.0,8
8266,2021-08-11,Bourgogne-Franche-Comté,27.0,13
8267,2021-08-12,Bourgogne-Franche-Comté,27.0,1
8268,2021-08-13,Bourgogne-Franche-Comté,27.0,8
8269,2021-08-14,Bourgogne-Franche-Comté,27.0,4
8270,2021-08-15,Bourgogne-Franche-Comté,27.0,0
8271,2021-08-16,Bourgogne-Franche-Comté,27.0,3
8272,2021-08-17,Bourgogne-Franche-Comté,27.0,3
8273,2021-08-18,Bourgogne-Franche-Comté,27.0,4
8274,2021-08-19,Bourgogne-Franche-Comté,27.0,2
8275,2021-08-20,Bourgogne-Franche-Comté,27.0,6
8276,2021-08-21,Bourgogne-Franche-Comté,27.0,3
8277,2021-08-22,Bourgogne-Franche-Comté,27.0,1
8278,2021-08-23,Bourgogne-Franche-Comté,27.0,8
8279,2021-08-24,Bourgogne-Franche-Comté,27.0,0
8280,2021-08-25,Bourgogne-Franche-Comté,27.0,3
8281,2021-08-26,Bourgogne-Franche-Comté,27.0,4
8282,2021-08-27,Bourgogne-Franche-Comté,27.0,2
8283,2021-08-28,Bourgogne-Franche-Comté,27.0,1
8284,2021-08-29,Bourgogne-Franche-Comté,27.0,2
8285,2021-08-30,Bourgogne-Franche-Comté,27.0,4
8286,2021-08-31,Bourgogne-Franche-Comté,27.0,2
8287,2021-09-01,Bourgogne-Franche-Comté,27.0,1
8288,2021-09-02,Bourgogne-Franche-Comté,27.0,3
8289,2021-09-03,Bourgogne-Franche-Comté,27.0,10
8290,2021-09-04,Bourgogne-Franche-Comté,27.0,0
8291,2021-09-05,Bourgogne-Franche-Comté,27.0,3
8292,2021-09-06,Bourgogne-Franche-Comté,27.0,7
8293,2021-09-07,Bourgogne-Franche-Comté,27.0,2
8294,2021-09-08,Bourgogne-Franche-Comté,27.0,3
8295,2021-09-09,Bourgogne-Franche-Comté,27.0,5
8296,2021-09-10,Bourgogne-Franche-Comté,27.0,1
8297,2021-09-11,Bourgogne-Franche-Comté,27.0,1
8298,2021-09-12,Bourgogne-Franche-Comté,27.0,0
8299,2021-09-13,Bourgogne-Franche-Comté,27.0,2
8300,2021-09-14,Bourgogne-Franche-Comté,27.0,2
8301,2021-09-15,Bourgogne-Franche-Comté,27.0,0
8302,2021-09-16,Bourgogne-Franche-Comté,27.0,2
8303,2021-09-17,Bourgogne-Franche-Comté,27.0,0
8304,2021-09-18,Bourgogne-Franche-Comté,27.0,0
8305,2021-09-19,Bourgogne-Franche-Comté,27.0,0
8306,2021-09-20,Bourgogne-Franche-Comté,27.0,11
8307,2021-09-21,Bourgogne-Franche-Comté,27.0,4
8308,2021-09-22,Bourgogne-Franche-Comté,27.0,0
8309,2021-09-23,Bourgogne-Franche-Comté,27.0,0
8310,2021-09-24,Bourgogne-Franche-Comté,27.0,0
8311,2021-09-25,Bourgogne-Franche-Comté,27.0,2
8312,2021-09-26,Bourgogne-Franche-Comté,27.0,0
8313,2021-09-27,Bourgogne-Franche-Comté,27.0,3
8314,2021-09-28,Bourgogne-Franche-Comté,27.0,0
8315,2021-09-29,Bourgogne-Franche-Comté,27.0,1
8316,2021-09-30,Bourgogne-Franche-Comté,27.0,3
8317,2021-10-01,Bourgogne-Franche-Comté,27.0,2
8318,2021-10-02,Bourgogne-Franche-Comté,27.0,0
8319,2021-10-03,Bourgogne-Franche-Comté,27.0,0
8320,2021-10-04,Bourgogne-Franche-Comté,27.0,3
8321,2021-10-05,Bourgogne-Franche-Comté,27.0,1
8322,2021-10-06,Bourgogne-Franche-Comté,27.0,0
8323,2021-10-07,Bourgogne-Franche-Comté,27.0,2
8324,2021-10-08,Bourgogne-Franche-Comté,27.0,1
8325,2021-10-09,Bourgogne-Franche-Comté,27.0,0
8326,2021-10-10,Bourgogne-Franche-Comté,27.0,0
8327,2021-10-11,Bourgogne-Franche-Comté,27.0,2
8328,2021-10-12,Bourgogne-Franche-Comté,27.0,1
8329,2021-10-13,Bourgogne-Franche-Comté,27.0,4
8330,2021-10-14,Bourgogne-Franche-Comté,27.0,4
8331,2021-10-15,Bourgogne-Franche-Comté,27.0,2
8332,2021-10-16,Bourgogne-Franche-Comté,27.0,0
8333,2021-10-17,Bourgogne-Franche-Comté,27.0,0
8334,2021-10-18,Bourgogne-Franche-Comté,27.0,4
8335,2021-10-19,Bourgogne-Franche-Comté,27.0,1
8336,2021-10-20,Bourgogne-Franche-Comté,27.0,4
8337,2021-10-21,Bourgogne-Franche-Comté,27.0,0
8338,2021-10-22,Bourgogne-Franche-Comté,27.0,2
8339,2021-10-23,Bourgogne-Franche-Comté,27.0,3
8340,2021-10-24,Bourgogne-Franche-Comté,27.0,0
8341,2021-10-25,Bourgogne-Franche-Comté,27.0,4
8342,2021-10-26,Bourgogne-Franche-Comté,27.0,4
8343,2021-10-27,Bourgogne-Franche-Comté,27.0,4
8344,2021-10-28,Bourgogne-Franche-Comté,27.0,1
8345,2021-10-29,Bourgogne-Franche-Comté,27.0,4
8346,2021-10-30,Bourgogne-Franche-Comté,27.0,0
8347,2021-10-31,Bourgogne-Franche-Comté,27.0,0
8348,2021-11-01,Bourgogne-Franche-Comté,27.0,1
8349,2021-11-02,Bourgogne-Franche-Comté,27.0,9
8350,2021-11-03,Bourgogne-Franche-Comté,27.0,2
8351,2021-11-04,Bourgogne-Franche-Comté,27.0,1
8352,2021-11-05,Bourgogne-Franche-Comté,27.0,2
8353,2021-11-06,Bourgogne-Franche-Comté,27.0,1
8354,2021-11-07,Bourgogne-Franche-Comté,27.0,0
8355,2021-11-08,Bourgogne-Franche-Comté,27.0,5
8356,2021-11-09,Bourgogne-Franche-Comté,27.0,5
8357,2021-11-10,Bourgogne-Franche-Comté,27.0,3
8358,2021-11-11,Bourgogne-Franche-Comté,27.0,2
8359,2021-11-12,Bourgogne-Franche-Comté,27.0,5
8360,2021-11-13,Bourgogne-Franche-Comté,27.0,0
8361,2021-11-14,Bourgogne-Franche-Comté,27.0,0
8362,2021-11-15,Bourgogne-Franche-Comté,27.0,3
8363,2021-11-16,Bourgogne-Franche-Comté,27.0,7
8364,2021-11-17,Bourgogne-Franche-Comté,27.0,3
8365,2021-11-18,Bourgogne-Franche-Comté,27.0,2
8366,2021-11-19,Bourgogne-Franche-Comté,27.0,6
8367,2021-11-20,Bourgogne-Franche-Comté,27.0,0
8368,2021-11-21,Bourgogne-Franche-Comté,27.0,0
8369,2021-11-22,Bourgogne-Franche-Comté,27.0,5
8370,2021-11-23,Bourgogne-Franche-Comté,27.0,6
8371,2021-11-24,Bourgogne-Franche-Comté,27.0,6
8372,2021-11-25,Bourgogne-Franche-Comté,27.0,2
8373,2021-11-26,Bourgogne-Franche-Comté,27.0,8
8374,2021-11-27,Bourgogne-Franche-Comté,27.0,2
8375,2021-11-28,Bourgogne-Franche-Comté,27.0,1
8376,2021-11-29,Bourgogne-Franche-Comté,27.0,16
8377,2021-11-30,Bourgogne-Franche-Comté,27.0,9
8378,2021-12-01,Bourgogne-Franche-Comté,27.0,15
8379,2021-12-02,Bourgogne-Franche-Comté,27.0,5
8380,2021-12-03,Bourgogne-Franche-Comté,27.0,11
8381,2021-12-04,Bourgogne-Franche-Comté,27.0,0
8382,2021-12-05,Bourgogne-Franche-Comté,27.0,1
8383,2021-12-06,Bourgogne-Franche-Comté,27.0,21
8384,2021-12-07,Bourgogne-Franche-Comté,27.0,24
8385,2021-12-08,Bourgogne-Franche-Comté,27.0,12
8386,2021-12-09,Bourgogne-Franche-Comté,27.0,14
8387,2021-12-10,Bourgogne-Franche-Comté,27.0,11
8388,2021-12-11,Bourgogne-Franche-Comté,27.0,1
8389,2021-12-12,Bourgogne-Franche-Comté,27.0,3
8390,2021-12-13,Bourgogne-Franche-Comté,27.0,21
8391,2021-12-14,Bourgogne-Franche-Comté,27.0,17
8392,2021-12-15,Bourgogne-Franche-Comté,27.0,15
8393,2021-12-16,Bourgogne-Franche-Comté,27.0,4
8394,2021-12-17,Bourgogne-Franche-Comté,27.0,11
8395,2021-12-18,Bourgogne-Franche-Comté,27.0,7
8396,2021-12-19,Bourgogne-Franche-Comté,27.0,4
8397,2021-12-20,Bourgogne-Franche-Comté,27.0,29
8398,2021-12-21,Bourgogne-Franche-Comté,27.0,7
8399,2021-12-22,Bourgogne-Franche-Comté,27.0,17
8400,2021-12-23,Bourgogne-Franche-Comté,27.0,9
8401,2021-12-24,Bourgogne-Franche-Comté,27.0,10
8402,2021-12-25,Bourgogne-Franche-Comté,27.0,4
8403,2021-12-26,Bourgogne-Franche-Comté,27.0,1
8404,2021-12-27,Bourgogne-Franche-Comté,27.0,28
8405,2021-12-28,Bourgogne-Franche-Comté,27.0,18
8406,2021-12-29,Bourgogne-Franche-Comté,27.0,12
8407,2021-12-30,Bourgogne-Franche-Comté,27.0,5
8408,2021-12-31,Bourgogne-Franche-Comté,27.0,11
8409,2022-01-01,Bourgogne-Franche-Comté,27.0,2
8410,2022-01-02,Bourgogne-Franche-Comté,27.0,6
8411,2022-01-03,Bourgogne-Franche-Comté,27.0,19
8412,2022-01-04,Bourgogne-Franche-Comté,27.0,17
8413,2022-01-05,Bourgogne-Franche-Comté,27.0,19
8414,2022-01-06,Bourgogne-Franche-Comté,27.0,17
8415,2022-01-07,Bourgogne-Franche-Comté,27.0,13
8416,2022-01-08,Bourgogne-Franche-Comté,27.0,2
8417,2022-01-09,Bourgogne-Franche-Comté,27.0,10
8418,2022-01-10,Bourgogne-Franche-Comté,27.0,13
8419,2022-01-11,Bourgogne-Franche-Comté,27.0,26
8420,2022-01-12,Bourgogne-Franche-Comté,27.0,13
8421,2022-01-13,Bourgogne-Franche-Comté,27.0,14
8422,2022-01-14,Bourgogne-Franche-Comté,27.0,16
8423,2022-01-15,Bourgogne-Franche-Comté,27.0,1
8424,2022-01-16,Bourgogne-Franche-Comté,27.0,4
8425,2022-01-17,Bourgogne-Franche-Comté,27.0,17
8426,2022-01-18,Bourgogne-Franche-Comté,27.0,23
8427,2022-01-19,Bourgogne-Franche-Comté,27.0,15
8428,2022-01-20,Bourgogne-Franche-Comté,27.0,7
8429,2022-01-21,Bourgogne-Franche-Comté,27.0,6
8430,2022-01-22,Bourgogne-Franche-Comté,27.0,1
8431,2022-01-23,Bourgogne-Franche-Comté,27.0,4
8432,2022-01-24,Bourgogne-Franche-Comté,27.0,15
8433,2022-01-25,Bourgogne-Franche-Comté,27.0,14
8434,2022-01-26,Bourgogne-Franche-Comté,27.0,15
8435,2022-01-27,Bourgogne-Franche-Comté,27.0,12
8436,2022-01-28,Bourgogne-Franche-Comté,27.0,18
8437,2022-01-29,Bourgogne-Franche-Comté,27.0,3
8438,2022-01-30,Bourgogne-Franche-Comté,27.0,4
8439,2022-01-31,Bourgogne-Franche-Comté,27.0,23
8440,2022-02-01,Bourgogne-Franche-Comté,27.0,21
8441,2022-02-02,Bourgogne-Franche-Comté,27.0,24
8442,2022-02-03,Bourgogne-Franche-Comté,27.0,17
8443,2022-02-04,Bourgogne-Franche-Comté,27.0,21
8444,2022-02-05,Bourgogne-Franche-Comté,27.0,3
8445,2022-02-06,Bourgogne-Franche-Comté,27.0,4
8446,2022-02-07,Bourgogne-Franche-Comté,27.0,17
8447,2022-02-08,Bourgogne-Franche-Comté,27.0,14
8448,2022-02-09,Bourgogne-Franche-Comté,27.0,7
8449,2022-02-10,Bourgogne-Franche-Comté,27.0,6
8450,2022-02-11,Bourgogne-Franche-Comté,27.0,20
8451,2022-02-12,Bourgogne-Franche-Comté,27.0,3
8452,2022-02-13,Bourgogne-Franche-Comté,27.0,5
8453,2022-02-14,Bourgogne-Franche-Comté,27.0,13
8454,2022-02-15,Bourgogne-Franche-Comté,27.0,13
8455,2022-02-16,Bourgogne-Franche-Comté,27.0,16
8456,2022-02-17,Bourgogne-Franche-Comté,27.0,10
8457,2022-02-18,Bourgogne-Franche-Comté,27.0,15
8458,2022-02-19,Bourgogne-Franche-Comté,27.0,2
8459,2022-02-20,Bourgogne-Franche-Comté,27.0,9
8460,2022-02-21,Bourgogne-Franche-Comté,27.0,5
8461,2022-02-22,Bourgogne-Franche-Comté,27.0,13
8462,2022-02-23,Bourgogne-Franche-Comté,27.0,5
8463,2022-02-24,Bourgogne-Franche-Comté,27.0,8
8464,2022-02-25,Bourgogne-Franche-Comté,27.0,4
8465,2022-02-26,Bourgogne-Franche-Comté,27.0,2
8466,2022-02-27,Bourgogne-Franche-Comté,27.0,4
8467,2022-02-28,Bourgogne-Franche-Comté,27.0,12
8468,2022-03-01,Bourgogne-Franche-Comté,27.0,6
8469,2022-03-02,Bourgogne-Franche-Comté,27.0,5
8470,2022-03-03,Bourgogne-Franche-Comté,27.0,3
8471,2022-03-04,Bourgogne-Franche-Comté,27.0,4
8472,2022-03-05,Bourgogne-Franche-Comté,27.0,1
8473,2022-03-06,Bourgogne-Franche-Comté,27.0,0
8474,2022-03-07,Bourgogne-Franche-Comté,27.0,9
8475,2022-03-08,Bourgogne-Franche-Comté,27.0,4
8476,2022-03-09,Bourgogne-Franche-Comté,27.0,4
8477,2022-03-10,Bourgogne-Franche-Comté,27.0,5
8478,2022-03-11,Bourgogne-Franche-Comté,27.0,2
8479,2022-03-12,Bourgogne-Franche-Comté,27.0,1
8480,2022-03-13,Bourgogne-Franche-Comté,27.0,4
8481,2022-03-14,Bourgogne-Franche-Comté,27.0,5
8482,2022-03-15,Bourgogne-Franche-Comté,27.0,6
8483,2022-03-16,Bourgogne-Franche-Comté,27.0,2
8484,2022-03-17,Bourgogne-Franche-Comté,27.0,1
8485,2022-03-18,Bourgogne-Franche-Comté,27.0,9
8486,2022-03-19,Bourgogne-Franche-Comté,27.0,2
8487,2022-03-20,Bourgogne-Franche-Comté,27.0,0
8488,2022-03-21,Bourgogne-Franche-Comté,27.0,16
8489,2022-03-22,Bourgogne-Franche-Comté,27.0,3
8490,2022-03-23,Bourgogne-Franche-Comté,27.0,6
8491,2022-03-24,Bourgogne-Franche-Comté,27.0,1
8492,2022-03-25,Bourgogne-Franche-Comté,27.0,11
8493,2022-03-26,Bourgogne-Franche-Comté,27.0,1
8494,2022-03-27,Bourgogne-Franche-Comté,27.0,1
8495,2022-03-28,Bourgogne-Franche-Comté,27.0,9
8496,2022-03-29,Bourgogne-Franche-Comté,27.0,2
8497,2022-03-30,Bourgogne-Franche-Comté,27.0,9
8498,2022-03-31,Bourgogne-Franche-Comté,27.0,9
8499,2022-04-01,Bourgogne-Franche-Comté,27.0,6
8500,2022-04-02,Bourgogne-Franche-Comté,27.0,5
8501,2022-04-03,Bourgogne-Franche-Comté,27.0,2
8502,2022-04-04,Bourgogne-Franche-Comté,27.0,17
8503,2022-04-05,Bourgogne-Franche-Comté,27.0,9
8504,2022-04-06,Bourgogne-Franche-Comté,27.0,10
8505,2022-04-07,Bourgogne-Franche-Comté,27.0,11
8506,2022-04-08,Bourgogne-Franche-Comté,27.0,8
8507,2022-04-09,Bourgogne-Franche-Comté,27.0,2
8508,2022-04-10,Bourgogne-Franche-Comté,27.0,1
8509,2022-04-11,Bourgogne-Franche-Comté,27.0,13
8510,2022-04-12,Bourgogne-Franche-Comté,27.0,16
8511,2022-04-13,Bourgogne-Franche-Comté,27.0,10
8512,2022-04-14,Bourgogne-Franche-Comté,27.0,7
8513,2022-04-15,Bourgogne-Franche-Comté,27.0,3
8514,2022-04-16,Bourgogne-Franche-Comté,27.0,1
8515,2022-04-17,Bourgogne-Franche-Comté,27.0,1
8516,2022-04-18,Bourgogne-Franche-Comté,27.0,8
8517,2022-04-19,Bourgogne-Franche-Comté,27.0,9
8518,2022-04-20,Bourgogne-Franche-Comté,27.0,10
8519,2022-04-21,Bourgogne-Franche-Comté,27.0,5
8520,2022-04-22,Bourgogne-Franche-Comté,27.0,8
8521,2022-04-23,Bourgogne-Franche-Comté,27.0,3
8522,2022-04-24,Bourgogne-Franche-Comté,27.0,4
8523,2022-04-25,Bourgogne-Franche-Comté,27.0,10
8524,2022-04-26,Bourgogne-Franche-Comté,27.0,7
8525,2022-04-27,Bourgogne-Franche-Comté,27.0,15
8526,2022-04-28,Bourgogne-Franche-Comté,27.0,5
8527,2022-04-29,Bourgogne-Franche-Comté,27.0,11
8528,2022-04-30,Bourgogne-Franche-Comté,27.0,1
8529,2022-05-01,Bourgogne-Franche-Comté,27.0,1
8530,2022-05-02,Bourgogne-Franche-Comté,27.0,6
8531,2022-05-03,Bourgogne-Franche-Comté,27.0,3
8532,2022-05-04,Bourgogne-Franche-Comté,27.0,6
8533,2022-05-05,Bourgogne-Franche-Comté,27.0,4
8534,2022-05-06,Bourgogne-Franche-Comté,27.0,8
8535,2022-05-07,Bourgogne-Franche-Comté,27.0,0
8536,2022-05-08,Bourgogne-Franche-Comté,27.0,0
8537,2022-05-09,Bourgogne-Franche-Comté,27.0,6
8538,2022-05-10,Bourgogne-Franche-Comté,27.0,5
8539,2022-05-11,Bourgogne-Franche-Comté,27.0,4
8540,2022-05-12,Bourgogne-Franche-Comté,27.0,1
8541,2022-05-13,Bourgogne-Franche-Comté,27.0,2
8542,2022-05-14,Bourgogne-Franche-Comté,27.0,0
8543,2022-05-15,Bourgogne-Franche-Comté,27.0,0
8544,2022-05-16,Bourgogne-Franche-Comté,27.0,3
8545,2022-05-17,Bourgogne-Franche-Comté,27.0,4
8546,2022-05-18,Bourgogne-Franche-Comté,27.0,12
8547,2022-05-19,Bourgogne-Franche-Comté,27.0,1
8548,2022-05-20,Bourgogne-Franche-Comté,27.0,5
8549,2022-05-21,Bourgogne-Franche-Comté,27.0,0
8550,2022-05-22,Bourgogne-Franche-Comté,27.0,0
8551,2022-05-23,Bourgogne-Franche-Comté,27.0,3
8552,2022-05-24,Bourgogne-Franche-Comté,27.0,0
8553,2022-05-25,Bourgogne-Franche-Comté,27.0,3
8554,2022-05-26,Bourgogne-Franche-Comté,27.0,1
8555,2022-05-27,Bourgogne-Franche-Comté,27.0,1
8556,2022-05-28,Bourgogne-Franche-Comté,27.0,1
8557,2022-05-29,Bourgogne-Franche-Comté,27.0,0
8558,2022-05-30,Bourgogne-Franche-Comté,27.0,7
8559,2022-05-31,Bourgogne-Franche-Comté,27.0,2
8560,2022-06-01,Bourgogne-Franche-Comté,27.0,5
8561,2022-06-02,Bourgogne-Franche-Comté,27.0,1
8562,2022-06-03,Bourgogne-Franche-Comté,27.0,4
8563,2022-06-04,Bourgogne-Franche-Comté,27.0,2
8564,2022-06-05,Bourgogne-Franche-Comté,27.0,0
8565,2022-06-06,Bourgogne-Franche-Comté,27.0,0
8566,2022-06-07,Bourgogne-Franche-Comté,27.0,7
8567,2022-06-08,Bourgogne-Franche-Comté,27.0,7
8568,2022-06-09,Bourgogne-Franche-Comté,27.0,2
8569,2022-06-10,Bourgogne-Franche-Comté,27.0,5
8570,2022-06-11,Bourgogne-Franche-Comté,27.0,0
8571,2022-06-12,Bourgogne-Franche-Comté,27.0,0
8572,2022-06-13,Bourgogne-Franche-Comté,27.0,2
8573,2022-06-14,Bourgogne-Franche-Comté,27.0,4
8574,2022-06-15,Bourgogne-Franche-Comté,27.0,4
8575,2022-06-16,Bourgogne-Franche-Comté,27.0,1
8576,2022-06-17,Bourgogne-Franche-Comté,27.0,2
8577,2022-06-18,Bourgogne-Franche-Comté,27.0,1
8578,2022-06-19,Bourgogne-Franche-Comté,27.0,0
8579,2022-06-20,Bourgogne-Franche-Comté,27.0,10
8580,2022-06-21,Bourgogne-Franche-Comté,27.0,3
8581,2022-06-22,Bourgogne-Franche-Comté,27.0,4
8582,2022-06-23,Bourgogne-Franche-Comté,27.0,0
8583,2022-06-24,Bourgogne-Franche-Comté,27.0,2
8584,2022-06-25,Bourgogne-Franche-Comté,27.0,0
8585,2022-06-26,Bourgogne-Franche-Comté,27.0,0
8586,2022-06-27,Bourgogne-Franche-Comté,27.0,7
8587,2022-06-28,Bourgogne-Franche-Comté,27.0,0
8588,2022-06-29,Bourgogne-Franche-Comté,27.0,2
8589,2022-06-30,Bourgogne-Franche-Comté,27.0,2
8590,2022-07-01,Bourgogne-Franche-Comté,27.0,9
8591,2022-07-02,Bourgogne-Franche-Comté,27.0,3
8592,2022-07-03,Bourgogne-Franche-Comté,27.0,0
8593,2022-07-04,Bourgogne-Franche-Comté,27.0,12
8594,2022-07-05,Bourgogne-Franche-Comté,27.0,3
8595,2022-07-06,Bourgogne-Franche-Comté,27.0,6
8596,2022-07-07,Bourgogne-Franche-Comté,27.0,4
8597,2022-07-08,Bourgogne-Franche-Comté,27.0,4
8598,2022-07-09,Bourgogne-Franche-Comté,27.0,0
8599,2022-07-10,Bourgogne-Franche-Comté,27.0,0
8600,2022-07-11,Bourgogne-Franche-Comté,27.0,10
8601,2022-07-12,Bourgogne-Franche-Comté,27.0,11
8602,2022-07-13,Bourgogne-Franche-Comté,27.0,4
8603,2022-07-14,Bourgogne-Franche-Comté,27.0,0
8604,2022-07-15,Bourgogne-Franche-Comté,27.0,6
8605,2022-07-16,Bourgogne-Franche-Comté,27.0,1
8606,2022-07-17,Bourgogne-Franche-Comté,27.0,1
8607,2022-07-18,Bourgogne-Franche-Comté,27.0,13
8608,2022-07-19,Bourgogne-Franche-Comté,27.0,4
8609,2022-07-20,Bourgogne-Franche-Comté,27.0,7
8610,2022-07-21,Bourgogne-Franche-Comté,27.0,11
8611,2022-07-22,Bourgogne-Franche-Comté,27.0,3
8612,2022-07-23,Bourgogne-Franche-Comté,27.0,1
8613,2022-07-24,Bourgogne-Franche-Comté,27.0,0
8614,2022-07-25,Bourgogne-Franche-Comté,27.0,13
8615,2022-07-26,Bourgogne-Franche-Comté,27.0,7
8616,2022-07-27,Bourgogne-Franche-Comté,27.0,6
8617,2022-07-28,Bourgogne-Franche-Comté,27.0,6
8618,2022-07-29,Bourgogne-Franche-Comté,27.0,3
8619,2022-07-30,Bourgogne-Franche-Comté,27.0,4
8620,2022-07-31,Bourgogne-Franche-Comté,27.0,0
8621,2022-08-01,Bourgogne-Franche-Comté,27.0,16
8622,2022-08-02,Bourgogne-Franche-Comté,27.0,4
8623,2022-08-03,Bourgogne-Franche-Comté,27.0,2
8624,2022-08-04,Bourgogne-Franche-Comté,27.0,3
8625,2022-08-05,Bourgogne-Franche-Comté,27.0,3
8626,2022-08-06,Bourgogne-Franche-Comté,27.0,5
8627,2022-08-07,Bourgogne-Franche-Comté,27.0,0
8628,2022-08-08,Bourgogne-Franche-Comté,27.0,9
8629,2022-08-09,Bourgogne-Franche-Comté,27.0,4
8630,2022-08-10,Bourgogne-Franche-Comté,27.0,1
8631,2022-08-11,Bourgogne-Franche-Comté,27.0,5
8632,2022-08-12,Bourgogne-Franche-Comté,27.0,6
8633,2022-08-13,Bourgogne-Franche-Comté,27.0,0
8634,2022-08-14,Bourgogne-Franche-Comté,27.0,0
8635,2022-08-15,Bourgogne-Franche-Comté,27.0,0
8636,2022-08-16,Bourgogne-Franche-Comté,27.0,3
8637,2022-08-17,Bourgogne-Franche-Comté,27.0,0
8638,2022-08-18,Bourgogne-Franche-Comté,27.0,8
8639,2022-08-19,Bourgogne-Franche-Comté,27.0,1
8640,2022-08-20,Bourgogne-Franche-Comté,27.0,0
8641,2022-08-21,Bourgogne-Franche-Comté,27.0,0
8642,2022-08-22,Bourgogne-Franche-Comté,27.0,1
8643,2022-08-23,Bourgogne-Franche-Comté,27.0,1
8644,2022-08-24,Bourgogne-Franche-Comté,27.0,1
8645,2022-08-25,Bourgogne-Franche-Comté,27.0,3
8646,2022-08-26,Bourgogne-Franche-Comté,27.0,3
8647,2022-08-27,Bourgogne-Franche-Comté,27.0,0
8648,2022-08-28,Bourgogne-Franche-Comté,27.0,0
8649,2022-08-29,Bourgogne-Franche-Comté,27.0,9
8650,2022-08-30,Bourgogne-Franche-Comté,27.0,1
8651,2022-08-31,Bourgogne-Franche-Comté,27.0,2
8652,2022-09-01,Bourgogne-Franche-Comté,27.0,2
8653,2022-09-02,Bourgogne-Franche-Comté,27.0,5
8654,2022-09-03,Bourgogne-Franche-Comté,27.0,0
8655,2022-09-04,Bourgogne-Franche-Comté,27.0,0
8656,2022-09-05,Bourgogne-Franche-Comté,27.0,1
8657,2022-09-06,Bourgogne-Franche-Comté,27.0,0
8658,2022-09-07,Bourgogne-Franche-Comté,27.0,1
8659,2022-09-08,Bourgogne-Franche-Comté,27.0,7
8660,2022-09-09,Bourgogne-Franche-Comté,27.0,1
8661,2022-09-10,Bourgogne-Franche-Comté,27.0,0
8662,2022-09-11,Bourgogne-Franche-Comté,27.0,0
8663,2022-09-12,Bourgogne-Franche-Comté,27.0,3
8664,2022-09-13,Bourgogne-Franche-Comté,27.0,1
8665,2022-09-14,Bourgogne-Franche-Comté,27.0,1
8666,2022-09-15,Bourgogne-Franche-Comté,27.0,1
8667,2022-09-16,Bourgogne-Franche-Comté,27.0,0
8668,2022-09-17,Bourgogne-Franche-Comté,27.0,0
8669,2022-09-18,Bourgogne-Franche-Comté,27.0,0
8670,2022-09-19,Bourgogne-Franche-Comté,27.0,3
8671,2022-09-20,Bourgogne-Franche-Comté,27.0,0
8672,2022-09-21,Bourgogne-Franche-Comté,27.0,2
8673,2022-09-22,Bourgogne-Franche-Comté,27.0,5
8674,2022-09-23,Bourgogne-Franche-Comté,27.0,0
8675,2022-09-24,Bourgogne-Franche-Comté,27.0,2
8676,2022-09-25,Bourgogne-Franche-Comté,27.0,0
8677,2022-09-26,Bourgogne-Franche-Comté,27.0,4
8678,2022-09-27,Bourgogne-Franche-Comté,27.0,1
8679,2022-09-28,Bourgogne-Franche-Comté,27.0,3
8680,2022-09-29,Bourgogne-Franche-Comté,27.0,3
8681,2022-09-30,Bourgogne-Franche-Comté,27.0,3
8682,2022-10-01,Bourgogne-Franche-Comté,27.0,2
8683,2022-10-02,Bourgogne-Franche-Comté,27.0,0
8684,2022-10-03,Bourgogne-Franche-Comté,27.0,9
8685,2022-10-04,Bourgogne-Franche-Comté,27.0,2
8686,2022-10-05,Bourgogne-Franche-Comté,27.0,5
8687,2022-10-06,Bourgogne-Franche-Comté,27.0,10
8688,2022-10-07,Bourgogne-Franche-Comté,27.0,2
8689,2022-10-08,Bourgogne-Franche-Comté,27.0,2
8690,2022-10-09,Bourgogne-Franche-Comté,27.0,0
8691,2022-10-10,Bourgogne-Franche-Comté,27.0,11
8692,2022-10-11,Bourgogne-Franche-Comté,27.0,8
8693,2022-10-12,Bourgogne-Franche-Comté,27.0,4
8694,2022-10-13,Bourgogne-Franche-Comté,27.0,7
8695,2022-10-14,Bourgogne-Franche-Comté,27.0,5
8696,2022-10-15,Bourgogne-Franche-Comté,27.0,0
8697,2022-10-16,Bourgogne-Franche-Comté,27.0,0
8698,2022-10-17,Bourgogne-Franche-Comté,27.0,10
8699,2022-10-18,Bourgogne-Franche-Comté,27.0,6
8700,2022-10-19,Bourgogne-Franche-Comté,27.0,6
8701,2022-10-20,Bourgogne-Franche-Comté,27.0,9
8702,2022-10-21,Bourgogne-Franche-Comté,27.0,7
8703,2022-10-22,Bourgogne-Franche-Comté,27.0,1
8704,2022-10-23,Bourgogne-Franche-Comté,27.0,0
8705,2022-10-24,Bourgogne-Franche-Comté,27.0,16
8706,2022-10-25,Bourgogne-Franche-Comté,27.0,6
8707,2022-10-26,Bourgogne-Franche-Comté,27.0,6
8708,2022-10-27,Bourgogne-Franche-Comté,27.0,9
8709,2022-10-28,Bourgogne-Franche-Comté,27.0,3
8710,2022-10-29,Bourgogne-Franche-Comté,27.0,0
8711,2022-10-30,Bourgogne-Franche-Comté,27.0,0
8712,2022-10-31,Bourgogne-Franche-Comté,27.0,10
8713,2022-11-01,Bourgogne-Franche-Comté,27.0,0
8714,2022-11-02,Bourgogne-Franche-Comté,27.0,9
8715,2022-11-03,Bourgogne-Franche-Comté,27.0,7
8716,2022-11-04,Bourgogne-Franche-Comté,27.0,1
8717,2022-11-05,Bourgogne-Franche-Comté,27.0,3
8718,2022-11-06,Bourgogne-Franche-Comté,27.0,0
8719,2022-11-07,Bourgogne-Franche-Comté,27.0,6
8720,2022-11-08,Bourgogne-Franche-Comté,27.0,4
8721,2022-11-09,Bourgogne-Franche-Comté,27.0,2
8722,2022-11-10,Bourgogne-Franche-Comté,27.0,7
8723,2022-11-11,Bourgogne-Franche-Comté,27.0,0
8724,2022-11-12,Bourgogne-Franche-Comté,27.0,0
8725,2022-11-13,Bourgogne-Franche-Comté,27.0,0
8726,2022-11-14,Bourgogne-Franche-Comté,27.0,7
8727,2022-11-15,Bourgogne-Franche-Comté,27.0,9
8728,2022-11-16,Bourgogne-Franche-Comté,27.0,6
8729,2022-11-17,Bourgogne-Franche-Comté,27.0,4
8730,2022-11-18,Bourgogne-Franche-Comté,27.0,4
8731,2022-11-19,Bourgogne-Franche-Comté,27.0,0
8732,2022-11-20,Bourgogne-Franche-Comté,27.0,1
8733,2022-11-21,Bourgogne-Franche-Comté,27.0,7
8734,2022-11-22,Bourgogne-Franche-Comté,27.0,9
8735,2022-11-23,Bourgogne-Franche-Comté,27.0,10
8736,2022-11-24,Bourgogne-Franche-Comté,27.0,8
8737,2022-11-25,Bourgogne-Franche-Comté,27.0,6
8738,2022-11-26,Bourgogne-Franche-Comté,27.0,3
8739,2022-11-27,Bourgogne-Franche-Comté,27.0,0
8740,2022-11-28,Bourgogne-Franche-Comté,27.0,9
8741,2022-11-29,Bourgogne-Franche-Comté,27.0,9
8742,2022-11-30,Bourgogne-Franche-Comté,27.0,7
8743,2022-12-01,Bourgogne-Franche-Comté,27.0,7
8744,2022-12-02,Bourgogne-Franche-Comté,27.0,5
8745,2022-12-03,Bourgogne-Franche-Comté,27.0,1
8746,2022-12-04,Bourgogne-Franche-Comté,27.0,0
8747,2022-12-05,Bourgogne-Franche-Comté,27.0,13
8748,2022-12-06,Bourgogne-Franche-Comté,27.0,12
8749,2022-12-07,Bourgogne-Franche-Comté,27.0,6
8750,2022-12-08,Bourgogne-Franche-Comté,27.0,3
8751,2022-12-09,Bourgogne-Franche-Comté,27.0,11
8752,2022-12-10,Bourgogne-Franche-Comté,27.0,0
8753,2022-12-11,Bourgogne-Franche-Comté,27.0,0
8754,2022-12-12,Bourgogne-Franche-Comté,27.0,14
8755,2022-12-13,Bourgogne-Franche-Comté,27.0,3
8756,2022-12-14,Bourgogne-Franche-Comté,27.0,5
8757,2022-12-15,Bourgogne-Franche-Comté,27.0,7
8758,2022-12-16,Bourgogne-Franche-Comté,27.0,1
8759,2022-12-17,Bourgogne-Franche-Comté,27.0,1
8760,2022-12-18,Bourgogne-Franche-Comté,27.0,0
8761,2022-12-19,Bourgogne-Franche-Comté,27.0,9
8762,2022-12-20,Bourgogne-Franche-Comté,27.0,5
8763,2022-12-21,Bourgogne-Franche-Comté,27.0,9
8764,2022-12-22,Bourgogne-Franche-Comté,27.0,5
8765,2022-12-23,Bourgogne-Franche-Comté,27.0,5
8766,2022-12-24,Bourgogne-Franche-Comté,27.0,2
8767,2022-12-25,Bourgogne-Franche-Comté,27.0,0
8768,2022-12-26,Bourgogne-Franche-Comté,27.0,9
8769,2022-12-27,Bourgogne-Franche-Comté,27.0,4
8770,2022-12-28,Bourgogne-Franche-Comté,27.0,2
8771,2022-12-29,Bourgogne-Franche-Comté,27.0,5
8772,2022-12-30,Bourgogne-Franche-Comté,27.0,7
8773,2022-12-31,Bourgogne-Franche-Comté,27.0,0
8774,2023-01-01,Bourgogne-Franche-Comté,27.0,0
8775,2023-01-02,Bourgogne-Franche-Comté,27.0,6
8776,2023-01-03,Bourgogne-Franche-Comté,27.0,8
8777,2023-01-04,Bourgogne-Franche-Comté,27.0,4
8778,2023-01-05,Bourgogne-Franche-Comté,27.0,5
8779,2023-01-06,Bourgogne-Franche-Comté,27.0,7
8780,2023-01-07,Bourgogne-Franche-Comté,27.0,0
8781,2023-01-08,Bourgogne-Franche-Comté,27.0,0
8782,2023-01-09,Bourgogne-Franche-Comté,27.0,5
8783,2023-01-10,Bourgogne-Franche-Comté,27.0,4
8784,2023-01-11,Bourgogne-Franche-Comté,27.0,3
8785,2023-01-12,Bourgogne-Franche-Comté,27.0,7
8786,2023-01-13,Bourgogne-Franche-Comté,27.0,2
8787,2023-01-14,Bourgogne-Franche-Comté,27.0,2
8788,2023-01-15,Bourgogne-Franche-Comté,27.0,1
8789,2023-01-16,Bourgogne-Franche-Comté,27.0,7
8790,2023-01-17,Bourgogne-Franche-Comté,27.0,1
8791,2023-01-18,Bourgogne-Franche-Comté,27.0,3
8792,2023-01-19,Bourgogne-Franche-Comté,27.0,2
8793,2023-01-20,Bourgogne-Franche-Comté,27.0,1
8794,2023-01-21,Bourgogne-Franche-Comté,27.0,1
8795,2023-01-22,Bourgogne-Franche-Comté,27.0,0
8796,2023-01-23,Bourgogne-Franche-Comté,27.0,4
8797,2023-01-24,Bourgogne-Franche-Comté,27.0,2
8798,2023-01-25,Bourgogne-Franche-Comté,27.0,1
8799,2023-01-26,Bourgogne-Franche-Comté,27.0,1
8800,2023-01-27,Bourgogne-Franche-Comté,27.0,2
8801,2023-01-28,Bourgogne-Franche-Comté,27.0,0
8802,2023-01-29,Bourgogne-Franche-Comté,27.0,0
8803,2023-01-30,Bourgogne-Franche-Comté,27.0,1
8804,2023-01-31,Bourgogne-Franche-Comté,27.0,3
8805,2023-02-01,Bourgogne-Franche-Comté,27.0,3
8806,2023-02-02,Bourgogne-Franche-Comté,27.0,1
8807,2023-02-03,Bourgogne-Franche-Comté,27.0,0
8808,2023-02-04,Bourgogne-Franche-Comté,27.0,0
8809,2023-02-05,Bourgogne-Franche-Comté,27.0,0
8810,2023-02-06,Bourgogne-Franche-Comté,27.0,3
8811,2023-02-07,Bourgogne-Franche-Comté,27.0,0
8812,2023-02-08,Bourgogne-Franche-Comté,27.0,36
8813,2023-02-09,Bourgogne-Franche-Comté,27.0,0
8814,2023-02-10,Bourgogne-Franche-Comté,27.0,0
8815,2023-02-11,Bourgogne-Franche-Comté,27.0,0
8816,2023-02-12,Bourgogne-Franche-Comté,27.0,0
8817,2023-02-13,Bourgogne-Franche-Comté,27.0,1
8818,2023-02-14,Bourgogne-Franche-Comté,27.0,1
8819,2023-02-15,Bourgogne-Franche-Comté,27.0,1
8820,2023-02-16,Bourgogne-Franche-Comté,27.0,0
8821,2023-02-17,Bourgogne-Franche-Comté,27.0,1
8822,2023-02-18,Bourgogne-Franche-Comté,27.0,0
8823,2023-02-19,Bourgogne-Franche-Comté,27.0,0
8824,2023-02-20,Bourgogne-Franche-Comté,27.0,2
8825,2023-02-21,Bourgogne-Franche-Comté,27.0,3
8826,2023-02-22,Bourgogne-Franche-Comté,27.0,0
8827,2023-02-23,Bourgogne-Franche-Comté,27.0,1
8828,2023-02-24,Bourgogne-Franche-Comté,27.0,1
8829,2023-02-25,Bourgogne-Franche-Comté,27.0,0
8830,2023-02-26,Bourgogne-Franche-Comté,27.0,0
8831,2023-02-27,Bourgogne-Franche-Comté,27.0,1
8832,2023-02-28,Bourgogne-Franche-Comté,27.0,0
8833,2023-03-01,Bourgogne-Franche-Comté,27.0,1
8834,2023-03-02,Bourgogne-Franche-Comté,27.0,1
8835,2023-03-03,Bourgogne-Franche-Comté,27.0,1
8836,2023-03-04,Bourgogne-Franche-Comté,27.0,1
8837,2023-03-05,Bourgogne-Franche-Comté,27.0,0
8838,2023-03-06,Bourgogne-Franche-Comté,27.0,2
8839,2023-03-07,Bourgogne-Franche-Comté,27.0,2
8840,2023-03-08,Bourgogne-Franche-Comté,27.0,0
8841,2023-03-09,Bourgogne-Franche-Comté,27.0,1
8842,2023-03-10,Bourgogne-Franche-Comté,27.0,3
8843,2023-03-11,Bourgogne-Franche-Comté,27.0,0
8844,2023-03-12,Bourgogne-Franche-Comté,27.0,0
8845,2023-03-13,Bourgogne-Franche-Comté,27.0,7
8846,2023-03-14,Bourgogne-Franche-Comté,27.0,1
8847,2023-03-15,Bourgogne-Franche-Comté,27.0,2
8848,2023-03-16,Bourgogne-Franche-Comté,27.0,1
8849,2023-03-17,Bourgogne-Franche-Comté,27.0,4
8850,2023-03-18,Bourgogne-Franche-Comté,27.0,1
8851,2023-03-19,Bourgogne-Franche-Comté,27.0,0
8852,2023-03-20,Bourgogne-Franche-Comté,27.0,3
8853,2023-03-21,Bourgogne-Franche-Comté,27.0,1
8854,2023-03-22,Bourgogne-Franche-Comté,27.0,2
8855,2023-03-23,Bourgogne-Franche-Comté,27.0,0
8856,2023-03-24,Bourgogne-Franche-Comté,27.0,4
8857,2023-03-25,Bourgogne-Franche-Comté,27.0,0
8858,2023-03-26,Bourgogne-Franche-Comté,27.0,0
8859,2023-03-27,Bourgogne-Franche-Comté,27.0,1
8860,2023-03-28,Bourgogne-Franche-Comté,27.0,2
8861,2023-03-29,Bourgogne-Franche-Comté,27.0,6
8862,2023-03-30,Bourgogne-Franche-Comté,27.0,1
8863,2023-03-31,Bourgogne-Franche-Comté,27.0,1
8864,2020-03-19,Normandie,28.0,7
8865,2020-03-20,Normandie,28.0,3
8866,2020-03-21,Normandie,28.0,9
8867,2020-03-22,Normandie,28.0,8
8868,2020-03-23,Normandie,28.0,7
8869,2020-03-24,Normandie,28.0,11
8870,2020-03-25,Normandie,28.0,18
8871,2020-03-26,Normandie,28.0,22
8872,2020-03-27,Normandie,28.0,21
8873,2020-03-28,Normandie,28.0,25
8874,2020-03-29,Normandie,28.0,19
8875,2020-03-30,Normandie,28.0,18
8876,2020-03-31,Normandie,28.0,32
8877,2020-04-01,Normandie,28.0,19
8878,2020-04-02,Normandie,28.0,29
8879,2020-04-03,Normandie,28.0,17
8880,2020-04-04,Normandie,28.0,16
8881,2020-04-05,Normandie,28.0,11
8882,2020-04-06,Normandie,28.0,14
8883,2020-04-07,Normandie,28.0,11
8884,2020-04-08,Normandie,28.0,7
8885,2020-04-09,Normandie,28.0,9
8886,2020-04-10,Normandie,28.0,10
8887,2020-04-11,Normandie,28.0,7
8888,2020-04-12,Normandie,28.0,2
8889,2020-04-13,Normandie,28.0,7
8890,2020-04-14,Normandie,28.0,4
8891,2020-04-15,Normandie,28.0,4
8892,2020-04-16,Normandie,28.0,8
8893,2020-04-17,Normandie,28.0,8
8894,2020-04-18,Normandie,28.0,3
8895,2020-04-19,Normandie,28.0,9
8896,2020-04-20,Normandie,28.0,5
8897,2020-04-21,Normandie,28.0,3
8898,2020-04-22,Normandie,28.0,3
8899,2020-04-23,Normandie,28.0,8
8900,2020-04-24,Normandie,28.0,4
8901,2020-04-25,Normandie,28.0,1
8902,2020-04-26,Normandie,28.0,4
8903,2020-04-27,Normandie,28.0,2
8904,2020-04-28,Normandie,28.0,7
8905,2020-04-29,Normandie,28.0,0
8906,2020-04-30,Normandie,28.0,0
8907,2020-05-01,Normandie,28.0,1
8908,2020-05-02,Normandie,28.0,0
8909,2020-05-03,Normandie,28.0,0
8910,2020-05-04,Normandie,28.0,2
8911,2020-05-05,Normandie,28.0,2
8912,2020-05-06,Normandie,28.0,1
8913,2020-05-07,Normandie,28.0,0
8914,2020-05-08,Normandie,28.0,1
8915,2020-05-09,Normandie,28.0,0
8916,2020-05-10,Normandie,28.0,1
8917,2020-05-11,Normandie,28.0,0
8918,2020-05-12,Normandie,28.0,2
8919,2020-05-13,Normandie,28.0,1
8920,2020-05-14,Normandie,28.0,1
8921,2020-05-15,Normandie,28.0,2
8922,2020-05-16,Normandie,28.0,1
8923,2020-05-17,Normandie,28.0,0
8924,2020-05-18,Normandie,28.0,2
8925,2020-05-19,Normandie,28.0,1
8926,2020-05-20,Normandie,28.0,0
8927,2020-05-21,Normandie,28.0,0
8928,2020-05-22,Normandie,28.0,2
8929,2020-05-23,Normandie,28.0,0
8930,2020-05-24,Normandie,28.0,1
8931,2020-05-25,Normandie,28.0,2
8932,2020-05-26,Normandie,28.0,0
8933,2020-05-27,Normandie,28.0,1
8934,2020-05-28,Normandie,28.0,1
8935,2020-05-29,Normandie,28.0,0
8936,2020-05-30,Normandie,28.0,0
8937,2020-05-31,Normandie,28.0,1
8938,2020-06-01,Normandie,28.0,0
8939,2020-06-02,Normandie,28.0,1
8940,2020-06-03,Normandie,28.0,0
8941,2020-06-04,Normandie,28.0,0
8942,2020-06-05,Normandie,28.0,1
8943,2020-06-06,Normandie,28.0,0
8944,2020-06-07,Normandie,28.0,0
8945,2020-06-08,Normandie,28.0,0
8946,2020-06-09,Normandie,28.0,0
8947,2020-06-10,Normandie,28.0,0
8948,2020-06-11,Normandie,28.0,0
8949,2020-06-12,Normandie,28.0,0
8950,2020-06-13,Normandie,28.0,0
8951,2020-06-14,Normandie,28.0,0
8952,2020-06-15,Normandie,28.0,0
8953,2020-06-16,Normandie,28.0,0
8954,2020-06-17,Normandie,28.0,0
8955,2020-06-18,Normandie,28.0,0
8956,2020-06-19,Normandie,28.0,0
8957,2020-06-20,Normandie,28.0,1
8958,2020-06-21,Normandie,28.0,0
8959,2020-06-22,Normandie,28.0,0
8960,2020-06-23,Normandie,28.0,0
8961,2020-06-24,Normandie,28.0,0
8962,2020-06-25,Normandie,28.0,0
8963,2020-06-26,Normandie,28.0,0
8964,2020-06-27,Normandie,28.0,0
8965,2020-06-28,Normandie,28.0,0
8966,2020-06-29,Normandie,28.0,0
8967,2020-06-30,Normandie,28.0,0
8968,2020-07-01,Normandie,28.0,0
8969,2020-07-02,Normandie,28.0,0
8970,2020-07-03,Normandie,28.0,0
8971,2020-07-04,Normandie,28.0,0
8972,2020-07-05,Normandie,28.0,0
8973,2020-07-06,Normandie,28.0,0
8974,2020-07-07,Normandie,28.0,0
8975,2020-07-08,Normandie,28.0,1
8976,2020-07-09,Normandie,28.0,0
8977,2020-07-10,Normandie,28.0,0
8978,2020-07-11,Normandie,28.0,0
8979,2020-07-12,Normandie,28.0,0
8980,2020-07-13,Normandie,28.0,0
8981,2020-07-14,Normandie,28.0,0
8982,2020-07-15,Normandie,28.0,0
8983,2020-07-16,Normandie,28.0,0
8984,2020-07-17,Normandie,28.0,1
8985,2020-07-18,Normandie,28.0,1
8986,2020-07-19,Normandie,28.0,0
8987,2020-07-20,Normandie,28.0,1
8988,2020-07-21,Normandie,28.0,0
8989,2020-07-22,Normandie,28.0,0
8990,2020-07-23,Normandie,28.0,1
8991,2020-07-24,Normandie,28.0,0
8992,2020-07-25,Normandie,28.0,1
8993,2020-07-26,Normandie,28.0,0
8994,2020-07-27,Normandie,28.0,0
8995,2020-07-28,Normandie,28.0,0
8996,2020-07-29,Normandie,28.0,0
8997,2020-07-30,Normandie,28.0,0
8998,2020-07-31,Normandie,28.0,0
8999,2020-08-01,Normandie,28.0,0
9000,2020-08-02,Normandie,28.0,0
9001,2020-08-03,Normandie,28.0,0
9002,2020-08-04,Normandie,28.0,0
9003,2020-08-05,Normandie,28.0,0
9004,2020-08-06,Normandie,28.0,0
9005,2020-08-07,Normandie,28.0,0
9006,2020-08-08,Normandie,28.0,0
9007,2020-08-09,Normandie,28.0,0
9008,2020-08-10,Normandie,28.0,0
9009,2020-08-11,Normandie,28.0,1
9010,2020-08-12,Normandie,28.0,0
9011,2020-08-13,Normandie,28.0,0
9012,2020-08-14,Normandie,28.0,0
9013,2020-08-15,Normandie,28.0,0
9014,2020-08-16,Normandie,28.0,0
9015,2020-08-17,Normandie,28.0,0
9016,2020-08-18,Normandie,28.0,0
9017,2020-08-19,Normandie,28.0,0
9018,2020-08-20,Normandie,28.0,0
9019,2020-08-21,Normandie,28.0,0
9020,2020-08-22,Normandie,28.0,0
9021,2020-08-23,Normandie,28.0,0
9022,2020-08-24,Normandie,28.0,2
9023,2020-08-25,Normandie,28.0,0
9024,2020-08-26,Normandie,28.0,0
9025,2020-08-27,Normandie,28.0,0
9026,2020-08-28,Normandie,28.0,0
9027,2020-08-29,Normandie,28.0,0
9028,2020-08-30,Normandie,28.0,0
9029,2020-08-31,Normandie,28.0,0
9030,2020-09-01,Normandie,28.0,0
9031,2020-09-02,Normandie,28.0,1
9032,2020-09-03,Normandie,28.0,0
9033,2020-09-04,Normandie,28.0,0
9034,2020-09-05,Normandie,28.0,0
9035,2020-09-06,Normandie,28.0,0
9036,2020-09-07,Normandie,28.0,1
9037,2020-09-08,Normandie,28.0,4
9038,2020-09-09,Normandie,28.0,1
9039,2020-09-10,Normandie,28.0,5
9040,2020-09-11,Normandie,28.0,2
9041,2020-09-12,Normandie,28.0,1
9042,2020-09-13,Normandie,28.0,1
9043,2020-09-14,Normandie,28.0,2
9044,2020-09-15,Normandie,28.0,2
9045,2020-09-16,Normandie,28.0,1
9046,2020-09-17,Normandie,28.0,1
9047,2020-09-18,Normandie,28.0,4
9048,2020-09-19,Normandie,28.0,3
9049,2020-09-20,Normandie,28.0,1
9050,2020-09-21,Normandie,28.0,2
9051,2020-09-22,Normandie,28.0,6
9052,2020-09-23,Normandie,28.0,3
9053,2020-09-24,Normandie,28.0,5
9054,2020-09-25,Normandie,28.0,4
9055,2020-09-26,Normandie,28.0,4
9056,2020-09-27,Normandie,28.0,2
9057,2020-09-28,Normandie,28.0,4
9058,2020-09-29,Normandie,28.0,5
9059,2020-09-30,Normandie,28.0,7
9060,2020-10-01,Normandie,28.0,1
9061,2020-10-02,Normandie,28.0,6
9062,2020-10-03,Normandie,28.0,2
9063,2020-10-04,Normandie,28.0,9
9064,2020-10-05,Normandie,28.0,6
9065,2020-10-06,Normandie,28.0,5
9066,2020-10-07,Normandie,28.0,6
9067,2020-10-08,Normandie,28.0,11
9068,2020-10-09,Normandie,28.0,3
9069,2020-10-10,Normandie,28.0,10
9070,2020-10-11,Normandie,28.0,6
9071,2020-10-12,Normandie,28.0,7
9072,2020-10-13,Normandie,28.0,8
9073,2020-10-14,Normandie,28.0,6
9074,2020-10-15,Normandie,28.0,7
9075,2020-10-16,Normandie,28.0,4
9076,2020-10-17,Normandie,28.0,8
9077,2020-10-18,Normandie,28.0,7
9078,2020-10-19,Normandie,28.0,12
9079,2020-10-20,Normandie,28.0,8
9080,2020-10-21,Normandie,28.0,13
9081,2020-10-22,Normandie,28.0,2
9082,2020-10-23,Normandie,28.0,9
9083,2020-10-24,Normandie,28.0,3
9084,2020-10-25,Normandie,28.0,8
9085,2020-10-26,Normandie,28.0,14
9086,2020-10-27,Normandie,28.0,14
9087,2020-10-28,Normandie,28.0,10
9088,2020-10-29,Normandie,28.0,14
9089,2020-10-30,Normandie,28.0,25
9090,2020-10-31,Normandie,28.0,13
9091,2020-11-01,Normandie,28.0,5
9092,2020-11-02,Normandie,28.0,14
9093,2020-11-03,Normandie,28.0,16
9094,2020-11-04,Normandie,28.0,22
9095,2020-11-05,Normandie,28.0,14
9096,2020-11-06,Normandie,28.0,16
9097,2020-11-07,Normandie,28.0,15
9098,2020-11-08,Normandie,28.0,16
9099,2020-11-09,Normandie,28.0,18
9100,2020-11-10,Normandie,28.0,9
9101,2020-11-11,Normandie,28.0,14
9102,2020-11-12,Normandie,28.0,13
9103,2020-11-13,Normandie,28.0,9
9104,2020-11-14,Normandie,28.0,10
9105,2020-11-15,Normandie,28.0,12
9106,2020-11-16,Normandie,28.0,6
9107,2020-11-17,Normandie,28.0,9
9108,2020-11-18,Normandie,28.0,15
9109,2020-11-19,Normandie,28.0,15
9110,2020-11-20,Normandie,28.0,7
9111,2020-11-21,Normandie,28.0,9
9112,2020-11-22,Normandie,28.0,2
9113,2020-11-23,Normandie,28.0,9
9114,2020-11-24,Normandie,28.0,9
9115,2020-11-25,Normandie,28.0,7
9116,2020-11-26,Normandie,28.0,3
9117,2020-11-27,Normandie,28.0,6
9118,2020-11-28,Normandie,28.0,2
9119,2020-11-29,Normandie,28.0,2
9120,2020-11-30,Normandie,28.0,6
9121,2020-12-01,Normandie,28.0,12
9122,2020-12-02,Normandie,28.0,6
9123,2020-12-03,Normandie,28.0,4
9124,2020-12-04,Normandie,28.0,3
9125,2020-12-05,Normandie,28.0,4
9126,2020-12-06,Normandie,28.0,6
9127,2020-12-07,Normandie,28.0,5
9128,2020-12-08,Normandie,28.0,2
9129,2020-12-09,Normandie,28.0,5
9130,2020-12-10,Normandie,28.0,3
9131,2020-12-11,Normandie,28.0,6
9132,2020-12-12,Normandie,28.0,5
9133,2020-12-13,Normandie,28.0,3
9134,2020-12-14,Normandie,28.0,4
9135,2020-12-15,Normandie,28.0,5
9136,2020-12-16,Normandie,28.0,5
9137,2020-12-17,Normandie,28.0,5
9138,2020-12-18,Normandie,28.0,11
9139,2020-12-19,Normandie,28.0,5
9140,2020-12-20,Normandie,28.0,6
9141,2020-12-21,Normandie,28.0,8
9142,2020-12-22,Normandie,28.0,6
9143,2020-12-23,Normandie,28.0,5
9144,2020-12-24,Normandie,28.0,5
9145,2020-12-25,Normandie,28.0,6
9146,2020-12-26,Normandie,28.0,0
9147,2020-12-27,Normandie,28.0,8
9148,2020-12-28,Normandie,28.0,10
9149,2020-12-29,Normandie,28.0,10
9150,2020-12-30,Normandie,28.0,11
9151,2020-12-31,Normandie,28.0,11
9152,2021-01-01,Normandie,28.0,4
9153,2021-01-02,Normandie,28.0,4
9154,2021-01-03,Normandie,28.0,7
9155,2021-01-04,Normandie,28.0,10
9156,2021-01-05,Normandie,28.0,10
9157,2021-01-06,Normandie,28.0,7
9158,2021-01-07,Normandie,28.0,9
9159,2021-01-08,Normandie,28.0,15
9160,2021-01-09,Normandie,28.0,8
9161,2021-01-10,Normandie,28.0,2
9162,2021-01-11,Normandie,28.0,7
9163,2021-01-12,Normandie,28.0,6
9164,2021-01-13,Normandie,28.0,8
9165,2021-01-14,Normandie,28.0,5
9166,2021-01-15,Normandie,28.0,4
9167,2021-01-16,Normandie,28.0,4
9168,2021-01-17,Normandie,28.0,5
9169,2021-01-18,Normandie,28.0,10
9170,2021-01-19,Normandie,28.0,10
9171,2021-01-20,Normandie,28.0,8
9172,2021-01-21,Normandie,28.0,9
9173,2021-01-22,Normandie,28.0,4
9174,2021-01-23,Normandie,28.0,3
9175,2021-01-24,Normandie,28.0,6
9176,2021-01-25,Normandie,28.0,14
9177,2021-01-26,Normandie,28.0,14
9178,2021-01-27,Normandie,28.0,14
9179,2021-01-28,Normandie,28.0,13
9180,2021-01-29,Normandie,28.0,9
9181,2021-01-30,Normandie,28.0,6
9182,2021-01-31,Normandie,28.0,6
9183,2021-02-01,Normandie,28.0,8
9184,2021-02-02,Normandie,28.0,5
9185,2021-02-03,Normandie,28.0,12
9186,2021-02-04,Normandie,28.0,15
9187,2021-02-05,Normandie,28.0,8
9188,2021-02-06,Normandie,28.0,6
9189,2021-02-07,Normandie,28.0,3
9190,2021-02-08,Normandie,28.0,14
9191,2021-02-09,Normandie,28.0,12
9192,2021-02-10,Normandie,28.0,7
9193,2021-02-11,Normandie,28.0,10
9194,2021-02-12,Normandie,28.0,9
9195,2021-02-13,Normandie,28.0,5
9196,2021-02-14,Normandie,28.0,4
9197,2021-02-15,Normandie,28.0,17
9198,2021-02-16,Normandie,28.0,7
9199,2021-02-17,Normandie,28.0,12
9200,2021-02-18,Normandie,28.0,9
9201,2021-02-19,Normandie,28.0,6
9202,2021-02-20,Normandie,28.0,8
9203,2021-02-21,Normandie,28.0,3
9204,2021-02-22,Normandie,28.0,6
9205,2021-02-23,Normandie,28.0,8
9206,2021-02-24,Normandie,28.0,13
9207,2021-02-25,Normandie,28.0,7
9208,2021-02-26,Normandie,28.0,4
9209,2021-02-27,Normandie,28.0,7
9210,2021-02-28,Normandie,28.0,6
9211,2021-03-01,Normandie,28.0,16
9212,2021-03-02,Normandie,28.0,11
9213,2021-03-03,Normandie,28.0,7
9214,2021-03-04,Normandie,28.0,10
9215,2021-03-05,Normandie,28.0,16
9216,2021-03-06,Normandie,28.0,6
9217,2021-03-07,Normandie,28.0,7
9218,2021-03-08,Normandie,28.0,5
9219,2021-03-09,Normandie,28.0,13
9220,2021-03-10,Normandie,28.0,5
9221,2021-03-11,Normandie,28.0,21
9222,2021-03-12,Normandie,28.0,13
9223,2021-03-13,Normandie,28.0,8
9224,2021-03-14,Normandie,28.0,12
9225,2021-03-15,Normandie,28.0,5
9226,2021-03-16,Normandie,28.0,17
9227,2021-03-17,Normandie,28.0,8
9228,2021-03-18,Normandie,28.0,22
9229,2021-03-19,Normandie,28.0,9
9230,2021-03-20,Normandie,28.0,8
9231,2021-03-21,Normandie,28.0,11
9232,2021-03-22,Normandie,28.0,12
9233,2021-03-23,Normandie,28.0,11
9234,2021-03-24,Normandie,28.0,19
9235,2021-03-25,Normandie,28.0,14
9236,2021-03-26,Normandie,28.0,17
9237,2021-03-27,Normandie,28.0,19
9238,2021-03-28,Normandie,28.0,5
9239,2021-03-29,Normandie,28.0,16
9240,2021-03-30,Normandie,28.0,19
9241,2021-03-31,Normandie,28.0,11
9242,2021-04-01,Normandie,28.0,12
9243,2021-04-02,Normandie,28.0,24
9244,2021-04-03,Normandie,28.0,12
9245,2021-04-04,Normandie,28.0,12
9246,2021-04-05,Normandie,28.0,7
9247,2021-04-06,Normandie,28.0,23
9248,2021-04-07,Normandie,28.0,12
9249,2021-04-08,Normandie,28.0,22
9250,2021-04-09,Normandie,28.0,24
9251,2021-04-10,Normandie,28.0,10
9252,2021-04-11,Normandie,28.0,16
9253,2021-04-12,Normandie,28.0,15
9254,2021-04-13,Normandie,28.0,21
9255,2021-04-14,Normandie,28.0,10
9256,2021-04-15,Normandie,28.0,19
9257,2021-04-16,Normandie,28.0,17
9258,2021-04-17,Normandie,28.0,11
9259,2021-04-18,Normandie,28.0,14
9260,2021-04-19,Normandie,28.0,19
9261,2021-04-20,Normandie,28.0,11
9262,2021-04-21,Normandie,28.0,19
9263,2021-04-22,Normandie,28.0,23
9264,2021-04-23,Normandie,28.0,22
9265,2021-04-24,Normandie,28.0,17
9266,2021-04-25,Normandie,28.0,11
9267,2021-04-26,Normandie,28.0,30
9268,2021-04-27,Normandie,28.0,22
9269,2021-04-28,Normandie,28.0,16
9270,2021-04-29,Normandie,28.0,10
9271,2021-04-30,Normandie,28.0,17
9272,2021-05-01,Normandie,28.0,11
9273,2021-05-02,Normandie,28.0,6
9274,2021-05-03,Normandie,28.0,8
9275,2021-05-04,Normandie,28.0,15
9276,2021-05-05,Normandie,28.0,3
9277,2021-05-06,Normandie,28.0,11
9278,2021-05-07,Normandie,28.0,3
9279,2021-05-08,Normandie,28.0,10
9280,2021-05-09,Normandie,28.0,2
9281,2021-05-10,Normandie,28.0,19
9282,2021-05-11,Normandie,28.0,11
9283,2021-05-12,Normandie,28.0,10
9284,2021-05-13,Normandie,28.0,19
9285,2021-05-14,Normandie,28.0,13
9286,2021-05-15,Normandie,28.0,3
9287,2021-05-16,Normandie,28.0,7
9288,2021-05-17,Normandie,28.0,10
9289,2021-05-18,Normandie,28.0,19
9290,2021-05-19,Normandie,28.0,2
9291,2021-05-20,Normandie,28.0,14
9292,2021-05-21,Normandie,28.0,7
9293,2021-05-22,Normandie,28.0,3
9294,2021-05-23,Normandie,28.0,6
9295,2021-05-24,Normandie,28.0,4
9296,2021-05-25,Normandie,28.0,7
9297,2021-05-26,Normandie,28.0,12
9298,2021-05-27,Normandie,28.0,3
9299,2021-05-28,Normandie,28.0,7
9300,2021-05-29,Normandie,28.0,6
9301,2021-05-30,Normandie,28.0,9
9302,2021-05-31,Normandie,28.0,3
9303,2021-06-01,Normandie,28.0,8
9304,2021-06-02,Normandie,28.0,4
9305,2021-06-03,Normandie,28.0,2
9306,2021-06-04,Normandie,28.0,2
9307,2021-06-05,Normandie,28.0,7
9308,2021-06-06,Normandie,28.0,5
9309,2021-06-07,Normandie,28.0,4
9310,2021-06-08,Normandie,28.0,1
9311,2021-06-09,Normandie,28.0,4
9312,2021-06-10,Normandie,28.0,0
9313,2021-06-11,Normandie,28.0,1
9314,2021-06-12,Normandie,28.0,0
9315,2021-06-13,Normandie,28.0,0
9316,2021-06-14,Normandie,28.0,5
9317,2021-06-15,Normandie,28.0,3
9318,2021-06-16,Normandie,28.0,2
9319,2021-06-17,Normandie,28.0,0
9320,2021-06-18,Normandie,28.0,2
9321,2021-06-19,Normandie,28.0,3
9322,2021-06-20,Normandie,28.0,0
9323,2021-06-21,Normandie,28.0,5
9324,2021-06-22,Normandie,28.0,3
9325,2021-06-23,Normandie,28.0,2
9326,2021-06-24,Normandie,28.0,1
9327,2021-06-25,Normandie,28.0,2
9328,2021-06-26,Normandie,28.0,0
9329,2021-06-27,Normandie,28.0,0
9330,2021-06-28,Normandie,28.0,1
9331,2021-06-29,Normandie,28.0,0
9332,2021-06-30,Normandie,28.0,0
9333,2021-07-01,Normandie,28.0,3
9334,2021-07-02,Normandie,28.0,0
9335,2021-07-03,Normandie,28.0,0
9336,2021-07-04,Normandie,28.0,1
9337,2021-07-05,Normandie,28.0,1
9338,2021-07-06,Normandie,28.0,0
9339,2021-07-07,Normandie,28.0,0
9340,2021-07-08,Normandie,28.0,1
9341,2021-07-09,Normandie,28.0,2
9342,2021-07-10,Normandie,28.0,0
9343,2021-07-11,Normandie,28.0,0
9344,2021-07-12,Normandie,28.0,3
9345,2021-07-13,Normandie,28.0,1
9346,2021-07-14,Normandie,28.0,1
9347,2021-07-15,Normandie,28.0,1
9348,2021-07-16,Normandie,28.0,2
9349,2021-07-17,Normandie,28.0,0
9350,2021-07-18,Normandie,28.0,0
9351,2021-07-19,Normandie,28.0,2
9352,2021-07-20,Normandie,28.0,3
9353,2021-07-21,Normandie,28.0,2
9354,2021-07-22,Normandie,28.0,1
9355,2021-07-23,Normandie,28.0,2
9356,2021-07-24,Normandie,28.0,0
9357,2021-07-25,Normandie,28.0,0
9358,2021-07-26,Normandie,28.0,1
9359,2021-07-27,Normandie,28.0,3
9360,2021-07-28,Normandie,28.0,1
9361,2021-07-29,Normandie,28.0,0
9362,2021-07-30,Normandie,28.0,1
9363,2021-07-31,Normandie,28.0,4
9364,2021-08-01,Normandie,28.0,2
9365,2021-08-02,Normandie,28.0,5
9366,2021-08-03,Normandie,28.0,9
9367,2021-08-04,Normandie,28.0,1
9368,2021-08-05,Normandie,28.0,5
9369,2021-08-06,Normandie,28.0,5
9370,2021-08-07,Normandie,28.0,1
9371,2021-08-08,Normandie,28.0,0
9372,2021-08-09,Normandie,28.0,4
9373,2021-08-10,Normandie,28.0,9
9374,2021-08-11,Normandie,28.0,3
9375,2021-08-12,Normandie,28.0,4
9376,2021-08-13,Normandie,28.0,1
9377,2021-08-14,Normandie,28.0,6
9378,2021-08-15,Normandie,28.0,1
9379,2021-08-16,Normandie,28.0,8
9380,2021-08-17,Normandie,28.0,7
9381,2021-08-18,Normandie,28.0,5
9382,2021-08-19,Normandie,28.0,6
9383,2021-08-20,Normandie,28.0,2
9384,2021-08-21,Normandie,28.0,3
9385,2021-08-22,Normandie,28.0,1
9386,2021-08-23,Normandie,28.0,4
9387,2021-08-24,Normandie,28.0,7
9388,2021-08-25,Normandie,28.0,3
9389,2021-08-26,Normandie,28.0,3
9390,2021-08-27,Normandie,28.0,1
9391,2021-08-28,Normandie,28.0,4
9392,2021-08-29,Normandie,28.0,1
9393,2021-08-30,Normandie,28.0,4
9394,2021-08-31,Normandie,28.0,3
9395,2021-09-01,Normandie,28.0,3
9396,2021-09-02,Normandie,28.0,3
9397,2021-09-03,Normandie,28.0,4
9398,2021-09-04,Normandie,28.0,2
9399,2021-09-05,Normandie,28.0,0
9400,2021-09-06,Normandie,28.0,1
9401,2021-09-07,Normandie,28.0,7
9402,2021-09-08,Normandie,28.0,1
9403,2021-09-09,Normandie,28.0,3
9404,2021-09-10,Normandie,28.0,4
9405,2021-09-11,Normandie,28.0,1
9406,2021-09-12,Normandie,28.0,1
9407,2021-09-13,Normandie,28.0,3
9408,2021-09-14,Normandie,28.0,2
9409,2021-09-15,Normandie,28.0,3
9410,2021-09-16,Normandie,28.0,1
9411,2021-09-17,Normandie,28.0,0
9412,2021-09-18,Normandie,28.0,0
9413,2021-09-19,Normandie,28.0,0
9414,2021-09-20,Normandie,28.0,3
9415,2021-09-21,Normandie,28.0,1
9416,2021-09-22,Normandie,28.0,2
9417,2021-09-23,Normandie,28.0,4
9418,2021-09-24,Normandie,28.0,0
9419,2021-09-25,Normandie,28.0,1
9420,2021-09-26,Normandie,28.0,0
9421,2021-09-27,Normandie,28.0,1
9422,2021-09-28,Normandie,28.0,3
9423,2021-09-29,Normandie,28.0,0
9424,2021-09-30,Normandie,28.0,1
9425,2021-10-01,Normandie,28.0,2
9426,2021-10-02,Normandie,28.0,1
9427,2021-10-03,Normandie,28.0,0
9428,2021-10-04,Normandie,28.0,2
9429,2021-10-05,Normandie,28.0,0
9430,2021-10-06,Normandie,28.0,1
9431,2021-10-07,Normandie,28.0,0
9432,2021-10-08,Normandie,28.0,0
9433,2021-10-09,Normandie,28.0,0
9434,2021-10-10,Normandie,28.0,2
9435,2021-10-11,Normandie,28.0,2
9436,2021-10-12,Normandie,28.0,0
9437,2021-10-13,Normandie,28.0,0
9438,2021-10-14,Normandie,28.0,1
9439,2021-10-15,Normandie,28.0,0
9440,2021-10-16,Normandie,28.0,0
9441,2021-10-17,Normandie,28.0,1
9442,2021-10-18,Normandie,28.0,0
9443,2021-10-19,Normandie,28.0,2
9444,2021-10-20,Normandie,28.0,0
9445,2021-10-21,Normandie,28.0,2
9446,2021-10-22,Normandie,28.0,3
9447,2021-10-23,Normandie,28.0,1
9448,2021-10-24,Normandie,28.0,1
9449,2021-10-25,Normandie,28.0,1
9450,2021-10-26,Normandie,28.0,7
9451,2021-10-27,Normandie,28.0,1
9452,2021-10-28,Normandie,28.0,2
9453,2021-10-29,Normandie,28.0,2
9454,2021-10-30,Normandie,28.0,2
9455,2021-10-31,Normandie,28.0,1
9456,2021-11-01,Normandie,28.0,0
9457,2021-11-02,Normandie,28.0,6
9458,2021-11-03,Normandie,28.0,3
9459,2021-11-04,Normandie,28.0,2
9460,2021-11-05,Normandie,28.0,3
9461,2021-11-06,Normandie,28.0,1
9462,2021-11-07,Normandie,28.0,0
9463,2021-11-08,Normandie,28.0,5
9464,2021-11-09,Normandie,28.0,7
9465,2021-11-10,Normandie,28.0,1
9466,2021-11-11,Normandie,28.0,0
9467,2021-11-12,Normandie,28.0,1
9468,2021-11-13,Normandie,28.0,2
9469,2021-11-14,Normandie,28.0,2
9470,2021-11-15,Normandie,28.0,5
9471,2021-11-16,Normandie,28.0,5
9472,2021-11-17,Normandie,28.0,3
9473,2021-11-18,Normandie,28.0,4
9474,2021-11-19,Normandie,28.0,2
9475,2021-11-20,Normandie,28.0,1
9476,2021-11-21,Normandie,28.0,0
9477,2021-11-22,Normandie,28.0,8
9478,2021-11-23,Normandie,28.0,5
9479,2021-11-24,Normandie,28.0,1
9480,2021-11-25,Normandie,28.0,3
9481,2021-11-26,Normandie,28.0,4
9482,2021-11-27,Normandie,28.0,4
9483,2021-11-28,Normandie,28.0,0
9484,2021-11-29,Normandie,28.0,9
9485,2021-11-30,Normandie,28.0,6
9486,2021-12-01,Normandie,28.0,5
9487,2021-12-02,Normandie,28.0,6
9488,2021-12-03,Normandie,28.0,9
9489,2021-12-04,Normandie,28.0,0
9490,2021-12-05,Normandie,28.0,2
9491,2021-12-06,Normandie,28.0,12
9492,2021-12-07,Normandie,28.0,10
9493,2021-12-08,Normandie,28.0,7
9494,2021-12-09,Normandie,28.0,6
9495,2021-12-10,Normandie,28.0,21
9496,2021-12-11,Normandie,28.0,3
9497,2021-12-12,Normandie,28.0,2
9498,2021-12-13,Normandie,28.0,10
9499,2021-12-14,Normandie,28.0,7
9500,2021-12-15,Normandie,28.0,3
9501,2021-12-16,Normandie,28.0,7
9502,2021-12-17,Normandie,28.0,6
9503,2021-12-18,Normandie,28.0,4
9504,2021-12-19,Normandie,28.0,0
9505,2021-12-20,Normandie,28.0,7
9506,2021-12-21,Normandie,28.0,10
9507,2021-12-22,Normandie,28.0,6
9508,2021-12-23,Normandie,28.0,11
9509,2021-12-24,Normandie,28.0,9
9510,2021-12-25,Normandie,28.0,5
9511,2021-12-26,Normandie,28.0,2
9512,2021-12-27,Normandie,28.0,4
9513,2021-12-28,Normandie,28.0,13
9514,2021-12-29,Normandie,28.0,12
9515,2021-12-30,Normandie,28.0,10
9516,2021-12-31,Normandie,28.0,10
9517,2022-01-01,Normandie,28.0,1
9518,2022-01-02,Normandie,28.0,2
9519,2022-01-03,Normandie,28.0,3
9520,2022-01-04,Normandie,28.0,13
9521,2022-01-05,Normandie,28.0,8
9522,2022-01-06,Normandie,28.0,11
9523,2022-01-07,Normandie,28.0,7
9524,2022-01-08,Normandie,28.0,5
9525,2022-01-09,Normandie,28.0,2
9526,2022-01-10,Normandie,28.0,3
9527,2022-01-11,Normandie,28.0,13
9528,2022-01-12,Normandie,28.0,16
9529,2022-01-13,Normandie,28.0,16
9530,2022-01-14,Normandie,28.0,10
9531,2022-01-15,Normandie,28.0,2
9532,2022-01-16,Normandie,28.0,5
9533,2022-01-17,Normandie,28.0,17
9534,2022-01-18,Normandie,28.0,11
9535,2022-01-19,Normandie,28.0,12
9536,2022-01-20,Normandie,28.0,10
9537,2022-01-21,Normandie,28.0,3
9538,2022-01-22,Normandie,28.0,8
9539,2022-01-23,Normandie,28.0,2
9540,2022-01-24,Normandie,28.0,14
9541,2022-01-25,Normandie,28.0,19
9542,2022-01-26,Normandie,28.0,10
9543,2022-01-27,Normandie,28.0,5
9544,2022-01-28,Normandie,28.0,6
9545,2022-01-29,Normandie,28.0,11
9546,2022-01-30,Normandie,28.0,2
9547,2022-01-31,Normandie,28.0,14
9548,2022-02-01,Normandie,28.0,14
9549,2022-02-02,Normandie,28.0,8
9550,2022-02-03,Normandie,28.0,9
9551,2022-02-04,Normandie,28.0,9
9552,2022-02-05,Normandie,28.0,9
9553,2022-02-06,Normandie,28.0,4
9554,2022-02-07,Normandie,28.0,4
9555,2022-02-08,Normandie,28.0,14
9556,2022-02-09,Normandie,28.0,9
9557,2022-02-10,Normandie,28.0,8
9558,2022-02-11,Normandie,28.0,12
9559,2022-02-12,Normandie,28.0,5
9560,2022-02-13,Normandie,28.0,1
9561,2022-02-14,Normandie,28.0,11
9562,2022-02-15,Normandie,28.0,4
9563,2022-02-16,Normandie,28.0,2
9564,2022-02-17,Normandie,28.0,7
9565,2022-02-18,Normandie,28.0,5
9566,2022-02-19,Normandie,28.0,1
9567,2022-02-20,Normandie,28.0,0
9568,2022-02-21,Normandie,28.0,8
9569,2022-02-22,Normandie,28.0,2
9570,2022-02-23,Normandie,28.0,10
9571,2022-02-24,Normandie,28.0,7
9572,2022-02-25,Normandie,28.0,2
9573,2022-02-26,Normandie,28.0,0
9574,2022-02-27,Normandie,28.0,2
9575,2022-02-28,Normandie,28.0,3
9576,2022-03-01,Normandie,28.0,17
9577,2022-03-02,Normandie,28.0,8
9578,2022-03-03,Normandie,28.0,6
9579,2022-03-04,Normandie,28.0,1
9580,2022-03-05,Normandie,28.0,2
9581,2022-03-06,Normandie,28.0,4
9582,2022-03-07,Normandie,28.0,3
9583,2022-03-08,Normandie,28.0,9
9584,2022-03-09,Normandie,28.0,4
9585,2022-03-10,Normandie,28.0,3
9586,2022-03-11,Normandie,28.0,3
9587,2022-03-12,Normandie,28.0,3
9588,2022-03-13,Normandie,28.0,0
9589,2022-03-14,Normandie,28.0,1
9590,2022-03-15,Normandie,28.0,4
9591,2022-03-16,Normandie,28.0,4
9592,2022-03-17,Normandie,28.0,5
9593,2022-03-18,Normandie,28.0,2
9594,2022-03-19,Normandie,28.0,3
9595,2022-03-20,Normandie,28.0,2
9596,2022-03-21,Normandie,28.0,7
9597,2022-03-22,Normandie,28.0,7
9598,2022-03-23,Normandie,28.0,5
9599,2022-03-24,Normandie,28.0,11
9600,2022-03-25,Normandie,28.0,6
9601,2022-03-26,Normandie,28.0,3
9602,2022-03-27,Normandie,28.0,0
9603,2022-03-28,Normandie,28.0,3
9604,2022-03-29,Normandie,28.0,2
9605,2022-03-30,Normandie,28.0,1
9606,2022-03-31,Normandie,28.0,9
9607,2022-04-01,Normandie,28.0,2
9608,2022-04-02,Normandie,28.0,3
9609,2022-04-03,Normandie,28.0,1
9610,2022-04-04,Normandie,28.0,3
9611,2022-04-05,Normandie,28.0,5
9612,2022-04-06,Normandie,28.0,8
9613,2022-04-07,Normandie,28.0,1
9614,2022-04-08,Normandie,28.0,10
9615,2022-04-09,Normandie,28.0,2
9616,2022-04-10,Normandie,28.0,2
9617,2022-04-11,Normandie,28.0,13
9618,2022-04-12,Normandie,28.0,9
9619,2022-04-13,Normandie,28.0,3
9620,2022-04-14,Normandie,28.0,6
9621,2022-04-15,Normandie,28.0,9
9622,2022-04-16,Normandie,28.0,2
9623,2022-04-17,Normandie,28.0,0
9624,2022-04-18,Normandie,28.0,0
9625,2022-04-19,Normandie,28.0,4
9626,2022-04-20,Normandie,28.0,13
9627,2022-04-21,Normandie,28.0,11
9628,2022-04-22,Normandie,28.0,4
9629,2022-04-23,Normandie,28.0,0
9630,2022-04-24,Normandie,28.0,1
9631,2022-04-25,Normandie,28.0,12
9632,2022-04-26,Normandie,28.0,7
9633,2022-04-27,Normandie,28.0,6
9634,2022-04-28,Normandie,28.0,3
9635,2022-04-29,Normandie,28.0,3
9636,2022-04-30,Normandie,28.0,0
9637,2022-05-01,Normandie,28.0,0
9638,2022-05-02,Normandie,28.0,3
9639,2022-05-03,Normandie,28.0,2
9640,2022-05-04,Normandie,28.0,8
9641,2022-05-05,Normandie,28.0,6
9642,2022-05-06,Normandie,28.0,3
9643,2022-05-07,Normandie,28.0,1
9644,2022-05-08,Normandie,28.0,2
9645,2022-05-09,Normandie,28.0,1
9646,2022-05-10,Normandie,28.0,7
9647,2022-05-11,Normandie,28.0,2
9648,2022-05-12,Normandie,28.0,1
9649,2022-05-13,Normandie,28.0,2
9650,2022-05-14,Normandie,28.0,2
9651,2022-05-15,Normandie,28.0,0
9652,2022-05-16,Normandie,28.0,2
9653,2022-05-17,Normandie,28.0,4
9654,2022-05-18,Normandie,28.0,1
9655,2022-05-19,Normandie,28.0,0
9656,2022-05-20,Normandie,28.0,1
9657,2022-05-21,Normandie,28.0,1
9658,2022-05-22,Normandie,28.0,0
9659,2022-05-23,Normandie,28.0,7
9660,2022-05-24,Normandie,28.0,0
9661,2022-05-25,Normandie,28.0,5
9662,2022-05-26,Normandie,28.0,2
9663,2022-05-27,Normandie,28.0,2
9664,2022-05-28,Normandie,28.0,1
9665,2022-05-29,Normandie,28.0,0
9666,2022-05-30,Normandie,28.0,2
9667,2022-05-31,Normandie,28.0,3
9668,2022-06-01,Normandie,28.0,2
9669,2022-06-02,Normandie,28.0,0
9670,2022-06-03,Normandie,28.0,0
9671,2022-06-04,Normandie,28.0,0
9672,2022-06-05,Normandie,28.0,0
9673,2022-06-06,Normandie,28.0,0
9674,2022-06-07,Normandie,28.0,6
9675,2022-06-08,Normandie,28.0,4
9676,2022-06-09,Normandie,28.0,3
9677,2022-06-10,Normandie,28.0,1
9678,2022-06-11,Normandie,28.0,1
9679,2022-06-12,Normandie,28.0,1
9680,2022-06-13,Normandie,28.0,1
9681,2022-06-14,Normandie,28.0,2
9682,2022-06-15,Normandie,28.0,2
9683,2022-06-16,Normandie,28.0,3
9684,2022-06-17,Normandie,28.0,2
9685,2022-06-18,Normandie,28.0,3
9686,2022-06-19,Normandie,28.0,0
9687,2022-06-20,Normandie,28.0,2
9688,2022-06-21,Normandie,28.0,3
9689,2022-06-22,Normandie,28.0,4
9690,2022-06-23,Normandie,28.0,0
9691,2022-06-24,Normandie,28.0,7
9692,2022-06-25,Normandie,28.0,0
9693,2022-06-26,Normandie,28.0,0
9694,2022-06-27,Normandie,28.0,4
9695,2022-06-28,Normandie,28.0,3
9696,2022-06-29,Normandie,28.0,2
9697,2022-06-30,Normandie,28.0,2
9698,2022-07-01,Normandie,28.0,1
9699,2022-07-02,Normandie,28.0,2
9700,2022-07-03,Normandie,28.0,0
9701,2022-07-04,Normandie,28.0,3
9702,2022-07-05,Normandie,28.0,4
9703,2022-07-06,Normandie,28.0,7
9704,2022-07-07,Normandie,28.0,5
9705,2022-07-08,Normandie,28.0,2
9706,2022-07-09,Normandie,28.0,0
9707,2022-07-10,Normandie,28.0,0
9708,2022-07-11,Normandie,28.0,4
9709,2022-07-12,Normandie,28.0,7
9710,2022-07-13,Normandie,28.0,7
9711,2022-07-14,Normandie,28.0,4
9712,2022-07-15,Normandie,28.0,0
9713,2022-07-16,Normandie,28.0,1
9714,2022-07-17,Normandie,28.0,0
9715,2022-07-18,Normandie,28.0,10
9716,2022-07-19,Normandie,28.0,4
9717,2022-07-20,Normandie,28.0,3
9718,2022-07-21,Normandie,28.0,4
9719,2022-07-22,Normandie,28.0,3
9720,2022-07-23,Normandie,28.0,1
9721,2022-07-24,Normandie,28.0,1
9722,2022-07-25,Normandie,28.0,8
9723,2022-07-26,Normandie,28.0,12
9724,2022-07-27,Normandie,28.0,3
9725,2022-07-28,Normandie,28.0,1
9726,2022-07-29,Normandie,28.0,3
9727,2022-07-30,Normandie,28.0,3
9728,2022-07-31,Normandie,28.0,0
9729,2022-08-01,Normandie,28.0,3
9730,2022-08-02,Normandie,28.0,6
9731,2022-08-03,Normandie,28.0,3
9732,2022-08-04,Normandie,28.0,2
9733,2022-08-05,Normandie,28.0,0
9734,2022-08-06,Normandie,28.0,0
9735,2022-08-07,Normandie,28.0,1
9736,2022-08-08,Normandie,28.0,2
9737,2022-08-09,Normandie,28.0,1
9738,2022-08-10,Normandie,28.0,1
9739,2022-08-11,Normandie,28.0,1
9740,2022-08-12,Normandie,28.0,1
9741,2022-08-13,Normandie,28.0,0
9742,2022-08-14,Normandie,28.0,1
9743,2022-08-15,Normandie,28.0,0
9744,2022-08-16,Normandie,28.0,2
9745,2022-08-17,Normandie,28.0,1
9746,2022-08-18,Normandie,28.0,0
9747,2022-08-19,Normandie,28.0,3
9748,2022-08-20,Normandie,28.0,0
9749,2022-08-21,Normandie,28.0,0
9750,2022-08-22,Normandie,28.0,1
9751,2022-08-23,Normandie,28.0,1
9752,2022-08-24,Normandie,28.0,0
9753,2022-08-25,Normandie,28.0,0
9754,2022-08-26,Normandie,28.0,3
9755,2022-08-27,Normandie,28.0,1
9756,2022-08-28,Normandie,28.0,0
9757,2022-08-29,Normandie,28.0,6
9758,2022-08-30,Normandie,28.0,4
9759,2022-08-31,Normandie,28.0,0
9760,2022-09-01,Normandie,28.0,0
9761,2022-09-02,Normandie,28.0,4
9762,2022-09-03,Normandie,28.0,1
9763,2022-09-04,Normandie,28.0,0
9764,2022-09-05,Normandie,28.0,0
9765,2022-09-06,Normandie,28.0,2
9766,2022-09-07,Normandie,28.0,2
9767,2022-09-08,Normandie,28.0,4
9768,2022-09-09,Normandie,28.0,1
9769,2022-09-10,Normandie,28.0,0
9770,2022-09-11,Normandie,28.0,0
9771,2022-09-12,Normandie,28.0,1
9772,2022-09-13,Normandie,28.0,1
9773,2022-09-14,Normandie,28.0,2
9774,2022-09-15,Normandie,28.0,1
9775,2022-09-16,Normandie,28.0,1
9776,2022-09-17,Normandie,28.0,2
9777,2022-09-18,Normandie,28.0,0
9778,2022-09-19,Normandie,28.0,2
9779,2022-09-20,Normandie,28.0,1
9780,2022-09-21,Normandie,28.0,1
9781,2022-09-22,Normandie,28.0,2
9782,2022-09-23,Normandie,28.0,3
9783,2022-09-24,Normandie,28.0,0
9784,2022-09-25,Normandie,28.0,0
9785,2022-09-26,Normandie,28.0,3
9786,2022-09-27,Normandie,28.0,3
9787,2022-09-28,Normandie,28.0,0
9788,2022-09-29,Normandie,28.0,1
9789,2022-09-30,Normandie,28.0,3
9790,2022-10-01,Normandie,28.0,0
9791,2022-10-02,Normandie,28.0,1
9792,2022-10-03,Normandie,28.0,2
9793,2022-10-04,Normandie,28.0,1
9794,2022-10-05,Normandie,28.0,2
9795,2022-10-06,Normandie,28.0,4
9796,2022-10-07,Normandie,28.0,1
9797,2022-10-08,Normandie,28.0,0
9798,2022-10-09,Normandie,28.0,0
9799,2022-10-10,Normandie,28.0,5
9800,2022-10-11,Normandie,28.0,4
9801,2022-10-12,Normandie,28.0,1
9802,2022-10-13,Normandie,28.0,5
9803,2022-10-14,Normandie,28.0,5
9804,2022-10-15,Normandie,28.0,2
9805,2022-10-16,Normandie,28.0,0
9806,2022-10-17,Normandie,28.0,7
9807,2022-10-18,Normandie,28.0,0
9808,2022-10-19,Normandie,28.0,3
9809,2022-10-20,Normandie,28.0,5
9810,2022-10-21,Normandie,28.0,3
9811,2022-10-22,Normandie,28.0,3
9812,2022-10-23,Normandie,28.0,0
9813,2022-10-24,Normandie,28.0,5
9814,2022-10-25,Normandie,28.0,2
9815,2022-10-26,Normandie,28.0,4
9816,2022-10-27,Normandie,28.0,4
9817,2022-10-28,Normandie,28.0,5
9818,2022-10-29,Normandie,28.0,3
9819,2022-10-30,Normandie,28.0,0
9820,2022-10-31,Normandie,28.0,0
9821,2022-11-01,Normandie,28.0,3
9822,2022-11-02,Normandie,28.0,1
9823,2022-11-03,Normandie,28.0,1
9824,2022-11-04,Normandie,28.0,3
9825,2022-11-05,Normandie,28.0,2
9826,2022-11-06,Normandie,28.0,0
9827,2022-11-07,Normandie,28.0,2
9828,2022-11-08,Normandie,28.0,2
9829,2022-11-09,Normandie,28.0,1
9830,2022-11-10,Normandie,28.0,1
9831,2022-11-11,Normandie,28.0,1
9832,2022-11-12,Normandie,28.0,0
9833,2022-11-13,Normandie,28.0,0
9834,2022-11-14,Normandie,28.0,4
9835,2022-11-15,Normandie,28.0,1
9836,2022-11-16,Normandie,28.0,2
9837,2022-11-17,Normandie,28.0,0
9838,2022-11-18,Normandie,28.0,2
9839,2022-11-19,Normandie,28.0,1
9840,2022-11-20,Normandie,28.0,0
9841,2022-11-21,Normandie,28.0,0
9842,2022-11-22,Normandie,28.0,2
9843,2022-11-23,Normandie,28.0,0
9844,2022-11-24,Normandie,28.0,0
9845,2022-11-25,Normandie,28.0,5
9846,2022-11-26,Normandie,28.0,0
9847,2022-11-27,Normandie,28.0,0
9848,2022-11-28,Normandie,28.0,0
9849,2022-11-29,Normandie,28.0,0
9850,2022-11-30,Normandie,28.0,1
9851,2022-12-01,Normandie,28.0,2
9852,2022-12-02,Normandie,28.0,1
9853,2022-12-03,Normandie,28.0,0
9854,2022-12-04,Normandie,28.0,0
9855,2022-12-05,Normandie,28.0,0
9856,2022-12-06,Normandie,28.0,5
9857,2022-12-07,Normandie,28.0,5
9858,2022-12-08,Normandie,28.0,3
9859,2022-12-09,Normandie,28.0,1
9860,2022-12-10,Normandie,28.0,2
9861,2022-12-11,Normandie,28.0,0
9862,2022-12-12,Normandie,28.0,4
9863,2022-12-13,Normandie,28.0,1
9864,2022-12-14,Normandie,28.0,10
9865,2022-12-15,Normandie,28.0,4
9866,2022-12-16,Normandie,28.0,3
9867,2022-12-17,Normandie,28.0,3
9868,2022-12-18,Normandie,28.0,0
9869,2022-12-19,Normandie,28.0,0
9870,2022-12-20,Normandie,28.0,1
9871,2022-12-21,Normandie,28.0,5
9872,2022-12-22,Normandie,28.0,2
9873,2022-12-23,Normandie,28.0,3
9874,2022-12-24,Normandie,28.0,1
9875,2022-12-25,Normandie,28.0,0
9876,2022-12-26,Normandie,28.0,1
9877,2022-12-27,Normandie,28.0,4
9878,2022-12-28,Normandie,28.0,4
9879,2022-12-29,Normandie,28.0,1
9880,2022-12-30,Normandie,28.0,3
9881,2022-12-31,Normandie,28.0,2
9882,2023-01-01,Normandie,28.0,0
9883,2023-01-02,Normandie,28.0,5
9884,2023-01-03,Normandie,28.0,7
9885,2023-01-04,Normandie,28.0,5
9886,2023-01-05,Normandie,28.0,3
9887,2023-01-06,Normandie,28.0,1
9888,2023-01-07,Normandie,28.0,6
9889,2023-01-08,Normandie,28.0,0
9890,2023-01-09,Normandie,28.0,1
9891,2023-01-10,Normandie,28.0,3
9892,2023-01-11,Normandie,28.0,2
9893,2023-01-12,Normandie,28.0,1
9894,2023-01-13,Normandie,28.0,3
9895,2023-01-14,Normandie,28.0,0
9896,2023-01-15,Normandie,28.0,0
9897,2023-01-16,Normandie,28.0,2
9898,2023-01-17,Normandie,28.0,0
9899,2023-01-18,Normandie,28.0,0
9900,2023-01-19,Normandie,28.0,1
9901,2023-01-20,Normandie,28.0,1
9902,2023-01-21,Normandie,28.0,0
9903,2023-01-22,Normandie,28.0,0
9904,2023-01-23,Normandie,28.0,0
9905,2023-01-24,Normandie,28.0,0
9906,2023-01-25,Normandie,28.0,0
9907,2023-01-26,Normandie,28.0,0
9908,2023-01-27,Normandie,28.0,1
9909,2023-01-28,Normandie,28.0,0
9910,2023-01-29,Normandie,28.0,1
9911,2023-01-30,Normandie,28.0,0
9912,2023-01-31,Normandie,28.0,0
9913,2023-02-01,Normandie,28.0,3
9914,2023-02-02,Normandie,28.0,0
9915,2023-02-03,Normandie,28.0,1
9916,2023-02-04,Normandie,28.0,0
9917,2023-02-05,Normandie,28.0,0
9918,2023-02-06,Normandie,28.0,1
9919,2023-02-07,Normandie,28.0,0
9920,2023-02-08,Normandie,28.0,4
9921,2023-02-09,Normandie,28.0,1
9922,2023-02-10,Normandie,28.0,2
9923,2023-02-11,Normandie,28.0,0
9924,2023-02-12,Normandie,28.0,0
9925,2023-02-13,Normandie,28.0,2
9926,2023-02-14,Normandie,28.0,3
9927,2023-02-15,Normandie,28.0,1
9928,2023-02-16,Normandie,28.0,0
9929,2023-02-17,Normandie,28.0,0
9930,2023-02-18,Normandie,28.0,0
9931,2023-02-19,Normandie,28.0,0
9932,2023-02-20,Normandie,28.0,0
9933,2023-02-21,Normandie,28.0,0
9934,2023-02-22,Normandie,28.0,0
9935,2023-02-23,Normandie,28.0,3
9936,2023-02-24,Normandie,28.0,2
9937,2023-02-25,Normandie,28.0,0
9938,2023-02-26,Normandie,28.0,0
9939,2023-02-27,Normandie,28.0,1
9940,2023-02-28,Normandie,28.0,1
9941,2023-03-01,Normandie,28.0,0
9942,2023-03-02,Normandie,28.0,0
9943,2023-03-03,Normandie,28.0,0
9944,2023-03-04,Normandie,28.0,0
9945,2023-03-05,Normandie,28.0,0
9946,2023-03-06,Normandie,28.0,1
9947,2023-03-07,Normandie,28.0,0
9948,2023-03-08,Normandie,28.0,1
9949,2023-03-09,Normandie,28.0,2
9950,2023-03-10,Normandie,28.0,1
9951,2023-03-11,Normandie,28.0,0
9952,2023-03-12,Normandie,28.0,0
9953,2023-03-13,Normandie,28.0,0
9954,2023-03-14,Normandie,28.0,3
9955,2023-03-15,Normandie,28.0,3
9956,2023-03-16,Normandie,28.0,1
9957,2023-03-17,Normandie,28.0,2
9958,2023-03-18,Normandie,28.0,0
9959,2023-03-19,Normandie,28.0,0
9960,2023-03-20,Normandie,28.0,1
9961,2023-03-21,Normandie,28.0,0
9962,2023-03-22,Normandie,28.0,2
9963,2023-03-23,Normandie,28.0,2
9964,2023-03-24,Normandie,28.0,0
9965,2023-03-25,Normandie,28.0,0
9966,2023-03-26,Normandie,28.0,0
9967,2023-03-27,Normandie,28.0,0
9968,2023-03-28,Normandie,28.0,3
9969,2023-03-29,Normandie,28.0,6
9970,2023-03-30,Normandie,28.0,1
9971,2023-03-31,Normandie,28.0,0
9972,2020-03-19,Hauts-de-France,32.0,37
9973,2020-03-20,Hauts-de-France,32.0,35
9974,2020-03-21,Hauts-de-France,32.0,28
9975,2020-03-22,Hauts-de-France,32.0,15
9976,2020-03-23,Hauts-de-France,32.0,42
9977,2020-03-24,Hauts-de-France,32.0,36
9978,2020-03-25,Hauts-de-France,32.0,47
9979,2020-03-26,Hauts-de-France,32.0,39
9980,2020-03-27,Hauts-de-France,32.0,51
9981,2020-03-28,Hauts-de-France,32.0,38
9982,2020-03-29,Hauts-de-France,32.0,37
9983,2020-03-30,Hauts-de-France,32.0,63
9984,2020-03-31,Hauts-de-France,32.0,67
9985,2020-04-01,Hauts-de-France,32.0,48
9986,2020-04-02,Hauts-de-France,32.0,65
9987,2020-04-03,Hauts-de-France,32.0,55
9988,2020-04-04,Hauts-de-France,32.0,44
9989,2020-04-05,Hauts-de-France,32.0,31
9990,2020-04-06,Hauts-de-France,32.0,29
9991,2020-04-07,Hauts-de-France,32.0,47
9992,2020-04-08,Hauts-de-France,32.0,30
9993,2020-04-09,Hauts-de-France,32.0,35
9994,2020-04-10,Hauts-de-France,32.0,36
9995,2020-04-11,Hauts-de-France,32.0,20
9996,2020-04-12,Hauts-de-France,32.0,9
9997,2020-04-13,Hauts-de-France,32.0,14
9998,2020-04-14,Hauts-de-France,32.0,20
9999,2020-04-15,Hauts-de-France,32.0,30
10000,2020-04-16,Hauts-de-France,32.0,19
10001,2020-04-17,Hauts-de-France,32.0,22
10002,2020-04-18,Hauts-de-France,32.0,12
10003,2020-04-19,Hauts-de-France,32.0,16
10004,2020-04-20,Hauts-de-France,32.0,17
10005,2020-04-21,Hauts-de-France,32.0,17
10006,2020-04-22,Hauts-de-France,32.0,16
10007,2020-04-23,Hauts-de-France,32.0,19
10008,2020-04-24,Hauts-de-France,32.0,12
10009,2020-04-25,Hauts-de-France,32.0,4
10010,2020-04-26,Hauts-de-France,32.0,8
10011,2020-04-27,Hauts-de-France,32.0,10
10012,2020-04-28,Hauts-de-France,32.0,12
10013,2020-04-29,Hauts-de-France,32.0,7
10014,2020-04-30,Hauts-de-France,32.0,17
10015,2020-05-01,Hauts-de-France,32.0,4
10016,2020-05-02,Hauts-de-France,32.0,2
10017,2020-05-03,Hauts-de-France,32.0,5
10018,2020-05-04,Hauts-de-France,32.0,7
10019,2020-05-05,Hauts-de-France,32.0,10
10020,2020-05-06,Hauts-de-France,32.0,12
10021,2020-05-07,Hauts-de-France,32.0,11
10022,2020-05-08,Hauts-de-France,32.0,7
10023,2020-05-09,Hauts-de-France,32.0,3
10024,2020-05-10,Hauts-de-France,32.0,4
10025,2020-05-11,Hauts-de-France,32.0,10
10026,2020-05-12,Hauts-de-France,32.0,10
10027,2020-05-13,Hauts-de-France,32.0,7
10028,2020-05-14,Hauts-de-France,32.0,9
10029,2020-05-15,Hauts-de-France,32.0,3
10030,2020-05-16,Hauts-de-France,32.0,4
10031,2020-05-17,Hauts-de-France,32.0,2
10032,2020-05-18,Hauts-de-France,32.0,3
10033,2020-05-19,Hauts-de-France,32.0,7
10034,2020-05-20,Hauts-de-France,32.0,8
10035,2020-05-21,Hauts-de-France,32.0,1
10036,2020-05-22,Hauts-de-France,32.0,4
10037,2020-05-23,Hauts-de-France,32.0,0
10038,2020-05-24,Hauts-de-France,32.0,1
10039,2020-05-25,Hauts-de-France,32.0,3
10040,2020-05-26,Hauts-de-France,32.0,5
10041,2020-05-27,Hauts-de-France,32.0,0
10042,2020-05-28,Hauts-de-France,32.0,4
10043,2020-05-29,Hauts-de-France,32.0,2
10044,2020-05-30,Hauts-de-France,32.0,3
10045,2020-05-31,Hauts-de-France,32.0,1
10046,2020-06-01,Hauts-de-France,32.0,1
10047,2020-06-02,Hauts-de-France,32.0,2
10048,2020-06-03,Hauts-de-France,32.0,2
10049,2020-06-04,Hauts-de-France,32.0,7
10050,2020-06-05,Hauts-de-France,32.0,1
10051,2020-06-06,Hauts-de-France,32.0,3
10052,2020-06-07,Hauts-de-France,32.0,0
10053,2020-06-08,Hauts-de-France,32.0,3
10054,2020-06-09,Hauts-de-France,32.0,2
10055,2020-06-10,Hauts-de-France,32.0,3
10056,2020-06-11,Hauts-de-France,32.0,1
10057,2020-06-12,Hauts-de-France,32.0,3
10058,2020-06-13,Hauts-de-France,32.0,0
10059,2020-06-14,Hauts-de-France,32.0,0
10060,2020-06-15,Hauts-de-France,32.0,1
10061,2020-06-16,Hauts-de-France,32.0,0
10062,2020-06-17,Hauts-de-France,32.0,1
10063,2020-06-18,Hauts-de-France,32.0,0
10064,2020-06-19,Hauts-de-France,32.0,1
10065,2020-06-20,Hauts-de-France,32.0,0
10066,2020-06-21,Hauts-de-France,32.0,0
10067,2020-06-22,Hauts-de-France,32.0,0
10068,2020-06-23,Hauts-de-France,32.0,1
10069,2020-06-24,Hauts-de-France,32.0,0
10070,2020-06-25,Hauts-de-France,32.0,3
10071,2020-06-26,Hauts-de-France,32.0,1
10072,2020-06-27,Hauts-de-France,32.0,4
10073,2020-06-28,Hauts-de-France,32.0,0
10074,2020-06-29,Hauts-de-France,32.0,1
10075,2020-06-30,Hauts-de-France,32.0,1
10076,2020-07-01,Hauts-de-France,32.0,2
10077,2020-07-02,Hauts-de-France,32.0,0
10078,2020-07-03,Hauts-de-France,32.0,2
10079,2020-07-04,Hauts-de-France,32.0,1
10080,2020-07-05,Hauts-de-France,32.0,0
10081,2020-07-06,Hauts-de-France,32.0,1
10082,2020-07-07,Hauts-de-France,32.0,1
10083,2020-07-08,Hauts-de-France,32.0,1
10084,2020-07-09,Hauts-de-France,32.0,1
10085,2020-07-10,Hauts-de-France,32.0,2
10086,2020-07-11,Hauts-de-France,32.0,1
10087,2020-07-12,Hauts-de-France,32.0,0
10088,2020-07-13,Hauts-de-France,32.0,4
10089,2020-07-14,Hauts-de-France,32.0,0
10090,2020-07-15,Hauts-de-France,32.0,0
10091,2020-07-16,Hauts-de-France,32.0,1
10092,2020-07-17,Hauts-de-France,32.0,3
10093,2020-07-18,Hauts-de-France,32.0,0
10094,2020-07-19,Hauts-de-France,32.0,0
10095,2020-07-20,Hauts-de-France,32.0,1
10096,2020-07-21,Hauts-de-France,32.0,1
10097,2020-07-22,Hauts-de-France,32.0,2
10098,2020-07-23,Hauts-de-France,32.0,2
10099,2020-07-24,Hauts-de-France,32.0,2
10100,2020-07-25,Hauts-de-France,32.0,1
10101,2020-07-26,Hauts-de-France,32.0,0
10102,2020-07-27,Hauts-de-France,32.0,4
10103,2020-07-28,Hauts-de-France,32.0,2
10104,2020-07-29,Hauts-de-France,32.0,2
10105,2020-07-30,Hauts-de-France,32.0,2
10106,2020-07-31,Hauts-de-France,32.0,1
10107,2020-08-01,Hauts-de-France,32.0,5
10108,2020-08-02,Hauts-de-France,32.0,2
10109,2020-08-03,Hauts-de-France,32.0,4
10110,2020-08-04,Hauts-de-France,32.0,6
10111,2020-08-05,Hauts-de-France,32.0,1
10112,2020-08-06,Hauts-de-France,32.0,1
10113,2020-08-07,Hauts-de-France,32.0,4
10114,2020-08-08,Hauts-de-France,32.0,3
10115,2020-08-09,Hauts-de-France,32.0,0
10116,2020-08-10,Hauts-de-France,32.0,7
10117,2020-08-11,Hauts-de-France,32.0,3
10118,2020-08-12,Hauts-de-France,32.0,3
10119,2020-08-13,Hauts-de-France,32.0,1
10120,2020-08-14,Hauts-de-France,32.0,3
10121,2020-08-15,Hauts-de-France,32.0,1
10122,2020-08-16,Hauts-de-France,32.0,0
10123,2020-08-17,Hauts-de-France,32.0,3
10124,2020-08-18,Hauts-de-France,32.0,1
10125,2020-08-19,Hauts-de-France,32.0,2
10126,2020-08-20,Hauts-de-France,32.0,3
10127,2020-08-21,Hauts-de-France,32.0,1
10128,2020-08-22,Hauts-de-France,32.0,0
10129,2020-08-23,Hauts-de-France,32.0,2
10130,2020-08-24,Hauts-de-France,32.0,3
10131,2020-08-25,Hauts-de-France,32.0,3
10132,2020-08-26,Hauts-de-France,32.0,1
10133,2020-08-27,Hauts-de-France,32.0,0
10134,2020-08-28,Hauts-de-France,32.0,0
10135,2020-08-29,Hauts-de-France,32.0,1
10136,2020-08-30,Hauts-de-France,32.0,0
10137,2020-08-31,Hauts-de-France,32.0,0
10138,2020-09-01,Hauts-de-France,32.0,1
10139,2020-09-02,Hauts-de-France,32.0,5
10140,2020-09-03,Hauts-de-France,32.0,3
10141,2020-09-04,Hauts-de-France,32.0,4
10142,2020-09-05,Hauts-de-France,32.0,1
10143,2020-09-06,Hauts-de-France,32.0,0
10144,2020-09-07,Hauts-de-France,32.0,6
10145,2020-09-08,Hauts-de-France,32.0,4
10146,2020-09-09,Hauts-de-France,32.0,4
10147,2020-09-10,Hauts-de-France,32.0,4
10148,2020-09-11,Hauts-de-France,32.0,5
10149,2020-09-12,Hauts-de-France,32.0,2
10150,2020-09-13,Hauts-de-France,32.0,0
10151,2020-09-14,Hauts-de-France,32.0,5
10152,2020-09-15,Hauts-de-France,32.0,13
10153,2020-09-16,Hauts-de-France,32.0,7
10154,2020-09-17,Hauts-de-France,32.0,8
10155,2020-09-18,Hauts-de-France,32.0,7
10156,2020-09-19,Hauts-de-France,32.0,3
10157,2020-09-20,Hauts-de-France,32.0,0
10158,2020-09-21,Hauts-de-France,32.0,8
10159,2020-09-22,Hauts-de-France,32.0,12
10160,2020-09-23,Hauts-de-France,32.0,12
10161,2020-09-24,Hauts-de-France,32.0,11
10162,2020-09-25,Hauts-de-France,32.0,15
10163,2020-09-26,Hauts-de-France,32.0,13
10164,2020-09-27,Hauts-de-France,32.0,3
10165,2020-09-28,Hauts-de-France,32.0,12
10166,2020-09-29,Hauts-de-France,32.0,15
10167,2020-09-30,Hauts-de-France,32.0,11
10168,2020-10-01,Hauts-de-France,32.0,25
10169,2020-10-02,Hauts-de-France,32.0,13
10170,2020-10-03,Hauts-de-France,32.0,9
10171,2020-10-04,Hauts-de-France,32.0,5
10172,2020-10-05,Hauts-de-France,32.0,12
10173,2020-10-06,Hauts-de-France,32.0,22
10174,2020-10-07,Hauts-de-France,32.0,11
10175,2020-10-08,Hauts-de-France,32.0,6
10176,2020-10-09,Hauts-de-France,32.0,15
10177,2020-10-10,Hauts-de-France,32.0,14
10178,2020-10-11,Hauts-de-France,32.0,5
10179,2020-10-12,Hauts-de-France,32.0,22
10180,2020-10-13,Hauts-de-France,32.0,25
10181,2020-10-14,Hauts-de-France,32.0,22
10182,2020-10-15,Hauts-de-France,32.0,28
10183,2020-10-16,Hauts-de-France,32.0,24
10184,2020-10-17,Hauts-de-France,32.0,27
10185,2020-10-18,Hauts-de-France,32.0,15
10186,2020-10-19,Hauts-de-France,32.0,42
10187,2020-10-20,Hauts-de-France,32.0,26
10188,2020-10-21,Hauts-de-France,32.0,34
10189,2020-10-22,Hauts-de-France,32.0,36
10190,2020-10-23,Hauts-de-France,32.0,24
10191,2020-10-24,Hauts-de-France,32.0,31
10192,2020-10-25,Hauts-de-France,32.0,17
10193,2020-10-26,Hauts-de-France,32.0,47
10194,2020-10-27,Hauts-de-France,32.0,37
10195,2020-10-28,Hauts-de-France,32.0,50
10196,2020-10-29,Hauts-de-France,32.0,42
10197,2020-10-30,Hauts-de-France,32.0,44
10198,2020-10-31,Hauts-de-France,32.0,38
10199,2020-11-01,Hauts-de-France,32.0,38
10200,2020-11-02,Hauts-de-France,32.0,49
10201,2020-11-03,Hauts-de-France,32.0,56
10202,2020-11-04,Hauts-de-France,32.0,50
10203,2020-11-05,Hauts-de-France,32.0,43
10204,2020-11-06,Hauts-de-France,32.0,52
10205,2020-11-07,Hauts-de-France,32.0,40
10206,2020-11-08,Hauts-de-France,32.0,34
10207,2020-11-09,Hauts-de-France,32.0,41
10208,2020-11-10,Hauts-de-France,32.0,50
10209,2020-11-11,Hauts-de-France,32.0,45
10210,2020-11-12,Hauts-de-France,32.0,35
10211,2020-11-13,Hauts-de-France,32.0,50
10212,2020-11-14,Hauts-de-France,32.0,31
10213,2020-11-15,Hauts-de-France,32.0,30
10214,2020-11-16,Hauts-de-France,32.0,49
10215,2020-11-17,Hauts-de-France,32.0,60
10216,2020-11-18,Hauts-de-France,32.0,39
10217,2020-11-19,Hauts-de-France,32.0,33
10218,2020-11-20,Hauts-de-France,32.0,22
10219,2020-11-21,Hauts-de-France,32.0,24
10220,2020-11-22,Hauts-de-France,32.0,15
10221,2020-11-23,Hauts-de-France,32.0,33
10222,2020-11-24,Hauts-de-France,32.0,23
10223,2020-11-25,Hauts-de-France,32.0,27
10224,2020-11-26,Hauts-de-France,32.0,23
10225,2020-11-27,Hauts-de-France,32.0,22
10226,2020-11-28,Hauts-de-France,32.0,16
10227,2020-11-29,Hauts-de-France,32.0,7
10228,2020-11-30,Hauts-de-France,32.0,33
10229,2020-12-01,Hauts-de-France,32.0,24
10230,2020-12-02,Hauts-de-France,32.0,17
10231,2020-12-03,Hauts-de-France,32.0,25
10232,2020-12-04,Hauts-de-France,32.0,11
10233,2020-12-05,Hauts-de-France,32.0,9
10234,2020-12-06,Hauts-de-France,32.0,3
10235,2020-12-07,Hauts-de-France,32.0,26
10236,2020-12-08,Hauts-de-France,32.0,26
10237,2020-12-09,Hauts-de-France,32.0,16
10238,2020-12-10,Hauts-de-France,32.0,21
10239,2020-12-11,Hauts-de-France,32.0,25
10240,2020-12-12,Hauts-de-France,32.0,8
10241,2020-12-13,Hauts-de-France,32.0,5
10242,2020-12-14,Hauts-de-France,32.0,17
10243,2020-12-15,Hauts-de-France,32.0,16
10244,2020-12-16,Hauts-de-France,32.0,19
10245,2020-12-17,Hauts-de-France,32.0,13
10246,2020-12-18,Hauts-de-France,32.0,19
10247,2020-12-19,Hauts-de-France,32.0,4
10248,2020-12-20,Hauts-de-France,32.0,6
10249,2020-12-21,Hauts-de-France,32.0,16
10250,2020-12-22,Hauts-de-France,32.0,38
10251,2020-12-23,Hauts-de-France,32.0,18
10252,2020-12-24,Hauts-de-France,32.0,15
10253,2020-12-25,Hauts-de-France,32.0,11
10254,2020-12-26,Hauts-de-France,32.0,6
10255,2020-12-27,Hauts-de-France,32.0,2
10256,2020-12-28,Hauts-de-France,32.0,24
10257,2020-12-29,Hauts-de-France,32.0,28
10258,2020-12-30,Hauts-de-France,32.0,17
10259,2020-12-31,Hauts-de-France,32.0,16
10260,2021-01-01,Hauts-de-France,32.0,6
10261,2021-01-02,Hauts-de-France,32.0,4
10262,2021-01-03,Hauts-de-France,32.0,5
10263,2021-01-04,Hauts-de-France,32.0,26
10264,2021-01-05,Hauts-de-France,32.0,24
10265,2021-01-06,Hauts-de-France,32.0,24
10266,2021-01-07,Hauts-de-France,32.0,17
10267,2021-01-08,Hauts-de-France,32.0,15
10268,2021-01-09,Hauts-de-France,32.0,9
10269,2021-01-10,Hauts-de-France,32.0,13
10270,2021-01-11,Hauts-de-France,32.0,15
10271,2021-01-12,Hauts-de-France,32.0,26
10272,2021-01-13,Hauts-de-France,32.0,19
10273,2021-01-14,Hauts-de-France,32.0,18
10274,2021-01-15,Hauts-de-France,32.0,21
10275,2021-01-16,Hauts-de-France,32.0,10
10276,2021-01-17,Hauts-de-France,32.0,8
10277,2021-01-18,Hauts-de-France,32.0,21
10278,2021-01-19,Hauts-de-France,32.0,32
10279,2021-01-20,Hauts-de-France,32.0,33
10280,2021-01-21,Hauts-de-France,32.0,20
10281,2021-01-22,Hauts-de-France,32.0,37
10282,2021-01-23,Hauts-de-France,32.0,13
10283,2021-01-24,Hauts-de-France,32.0,17
10284,2021-01-25,Hauts-de-France,32.0,29
10285,2021-01-26,Hauts-de-France,32.0,31
10286,2021-01-27,Hauts-de-France,32.0,22
10287,2021-01-28,Hauts-de-France,32.0,31
10288,2021-01-29,Hauts-de-France,32.0,21
10289,2021-01-30,Hauts-de-France,32.0,17
10290,2021-01-31,Hauts-de-France,32.0,5
10291,2021-02-01,Hauts-de-France,32.0,29
10292,2021-02-02,Hauts-de-France,32.0,51
10293,2021-02-03,Hauts-de-France,32.0,28
10294,2021-02-04,Hauts-de-France,32.0,30
10295,2021-02-05,Hauts-de-France,32.0,20
10296,2021-02-06,Hauts-de-France,32.0,6
10297,2021-02-07,Hauts-de-France,32.0,10
10298,2021-02-08,Hauts-de-France,32.0,41
10299,2021-02-09,Hauts-de-France,32.0,31
10300,2021-02-10,Hauts-de-France,32.0,22
10301,2021-02-11,Hauts-de-France,32.0,36
10302,2021-02-12,Hauts-de-France,32.0,33
10303,2021-02-13,Hauts-de-France,32.0,12
10304,2021-02-14,Hauts-de-France,32.0,4
10305,2021-02-15,Hauts-de-France,32.0,37
10306,2021-02-16,Hauts-de-France,32.0,53
10307,2021-02-17,Hauts-de-France,32.0,46
10308,2021-02-18,Hauts-de-France,32.0,38
10309,2021-02-19,Hauts-de-France,32.0,41
10310,2021-02-20,Hauts-de-France,32.0,21
10311,2021-02-21,Hauts-de-France,32.0,11
10312,2021-02-22,Hauts-de-France,32.0,34
10313,2021-02-23,Hauts-de-France,32.0,57
10314,2021-02-24,Hauts-de-France,32.0,49
10315,2021-02-25,Hauts-de-France,32.0,49
10316,2021-02-26,Hauts-de-France,32.0,33
10317,2021-02-27,Hauts-de-France,32.0,24
10318,2021-02-28,Hauts-de-France,32.0,10
10319,2021-03-01,Hauts-de-France,32.0,47
10320,2021-03-02,Hauts-de-France,32.0,52
10321,2021-03-03,Hauts-de-France,32.0,52
10322,2021-03-04,Hauts-de-France,32.0,35
10323,2021-03-05,Hauts-de-France,32.0,45
10324,2021-03-06,Hauts-de-France,32.0,30
10325,2021-03-07,Hauts-de-France,32.0,11
10326,2021-03-08,Hauts-de-France,32.0,51
10327,2021-03-09,Hauts-de-France,32.0,57
10328,2021-03-10,Hauts-de-France,32.0,53
10329,2021-03-11,Hauts-de-France,32.0,39
10330,2021-03-12,Hauts-de-France,32.0,40
10331,2021-03-13,Hauts-de-France,32.0,29
10332,2021-03-14,Hauts-de-France,32.0,23
10333,2021-03-15,Hauts-de-France,32.0,51
10334,2021-03-16,Hauts-de-France,32.0,68
10335,2021-03-17,Hauts-de-France,32.0,41
10336,2021-03-18,Hauts-de-France,32.0,54
10337,2021-03-19,Hauts-de-France,32.0,51
10338,2021-03-20,Hauts-de-France,32.0,39
10339,2021-03-21,Hauts-de-France,32.0,24
10340,2021-03-22,Hauts-de-France,32.0,70
10341,2021-03-23,Hauts-de-France,32.0,68
10342,2021-03-24,Hauts-de-France,32.0,39
10343,2021-03-25,Hauts-de-France,32.0,57
10344,2021-03-26,Hauts-de-France,32.0,72
10345,2021-03-27,Hauts-de-France,32.0,28
10346,2021-03-28,Hauts-de-France,32.0,23
10347,2021-03-29,Hauts-de-France,32.0,50
10348,2021-03-30,Hauts-de-France,32.0,79
10349,2021-03-31,Hauts-de-France,32.0,50
10350,2021-04-01,Hauts-de-France,32.0,56
10351,2021-04-02,Hauts-de-France,32.0,69
10352,2021-04-03,Hauts-de-France,32.0,47
10353,2021-04-04,Hauts-de-France,32.0,25
10354,2021-04-05,Hauts-de-France,32.0,30
10355,2021-04-06,Hauts-de-France,32.0,62
10356,2021-04-07,Hauts-de-France,32.0,95
10357,2021-04-08,Hauts-de-France,32.0,55
10358,2021-04-09,Hauts-de-France,32.0,57
10359,2021-04-10,Hauts-de-France,32.0,37
10360,2021-04-11,Hauts-de-France,32.0,26
10361,2021-04-12,Hauts-de-France,32.0,51
10362,2021-04-13,Hauts-de-France,32.0,62
10363,2021-04-14,Hauts-de-France,32.0,42
10364,2021-04-15,Hauts-de-France,32.0,68
10365,2021-04-16,Hauts-de-France,32.0,42
10366,2021-04-17,Hauts-de-France,32.0,25
10367,2021-04-18,Hauts-de-France,32.0,36
10368,2021-04-19,Hauts-de-France,32.0,51
10369,2021-04-20,Hauts-de-France,32.0,65
10370,2021-04-21,Hauts-de-France,32.0,55
10371,2021-04-22,Hauts-de-France,32.0,67
10372,2021-04-23,Hauts-de-France,32.0,51
10373,2021-04-24,Hauts-de-France,32.0,39
10374,2021-04-25,Hauts-de-France,32.0,16
10375,2021-04-26,Hauts-de-France,32.0,55
10376,2021-04-27,Hauts-de-France,32.0,43
10377,2021-04-28,Hauts-de-France,32.0,38
10378,2021-04-29,Hauts-de-France,32.0,43
10379,2021-04-30,Hauts-de-France,32.0,38
10380,2021-05-01,Hauts-de-France,32.0,37
10381,2021-05-02,Hauts-de-France,32.0,19
10382,2021-05-03,Hauts-de-France,32.0,48
10383,2021-05-04,Hauts-de-France,32.0,48
10384,2021-05-05,Hauts-de-France,32.0,33
10385,2021-05-06,Hauts-de-France,32.0,30
10386,2021-05-07,Hauts-de-France,32.0,30
10387,2021-05-08,Hauts-de-France,32.0,22
10388,2021-05-09,Hauts-de-France,32.0,15
10389,2021-05-10,Hauts-de-France,32.0,25
10390,2021-05-11,Hauts-de-France,32.0,39
10391,2021-05-12,Hauts-de-France,32.0,34
10392,2021-05-13,Hauts-de-France,32.0,14
10393,2021-05-14,Hauts-de-France,32.0,17
10394,2021-05-15,Hauts-de-France,32.0,12
10395,2021-05-16,Hauts-de-France,32.0,14
10396,2021-05-17,Hauts-de-France,32.0,30
10397,2021-05-18,Hauts-de-France,32.0,35
10398,2021-05-19,Hauts-de-France,32.0,20
10399,2021-05-20,Hauts-de-France,32.0,18
10400,2021-05-21,Hauts-de-France,32.0,32
10401,2021-05-22,Hauts-de-France,32.0,15
10402,2021-05-23,Hauts-de-France,32.0,8
10403,2021-05-24,Hauts-de-France,32.0,8
10404,2021-05-25,Hauts-de-France,32.0,37
10405,2021-05-26,Hauts-de-France,32.0,28
10406,2021-05-27,Hauts-de-France,32.0,15
10407,2021-05-28,Hauts-de-France,32.0,24
10408,2021-05-29,Hauts-de-France,32.0,7
10409,2021-05-30,Hauts-de-France,32.0,4
10410,2021-05-31,Hauts-de-France,32.0,11
10411,2021-06-01,Hauts-de-France,32.0,21
10412,2021-06-02,Hauts-de-France,32.0,14
10413,2021-06-03,Hauts-de-France,32.0,16
10414,2021-06-04,Hauts-de-France,32.0,15
10415,2021-06-05,Hauts-de-France,32.0,3
10416,2021-06-06,Hauts-de-France,32.0,3
10417,2021-06-07,Hauts-de-France,32.0,13
10418,2021-06-08,Hauts-de-France,32.0,11
10419,2021-06-09,Hauts-de-France,32.0,12
10420,2021-06-10,Hauts-de-France,32.0,9
10421,2021-06-11,Hauts-de-France,32.0,11
10422,2021-06-12,Hauts-de-France,32.0,7
10423,2021-06-13,Hauts-de-France,32.0,0
10424,2021-06-14,Hauts-de-France,32.0,9
10425,2021-06-15,Hauts-de-France,32.0,6
10426,2021-06-16,Hauts-de-France,32.0,2
10427,2021-06-17,Hauts-de-France,32.0,2
10428,2021-06-18,Hauts-de-France,32.0,5
10429,2021-06-19,Hauts-de-France,32.0,1
10430,2021-06-20,Hauts-de-France,32.0,2
10431,2021-06-21,Hauts-de-France,32.0,7
10432,2021-06-22,Hauts-de-France,32.0,6
10433,2021-06-23,Hauts-de-France,32.0,10
10434,2021-06-24,Hauts-de-France,32.0,3
10435,2021-06-25,Hauts-de-France,32.0,5
10436,2021-06-26,Hauts-de-France,32.0,1
10437,2021-06-27,Hauts-de-France,32.0,0
10438,2021-06-28,Hauts-de-France,32.0,6
10439,2021-06-29,Hauts-de-France,32.0,1
10440,2021-06-30,Hauts-de-France,32.0,3
10441,2021-07-01,Hauts-de-France,32.0,3
10442,2021-07-02,Hauts-de-France,32.0,0
10443,2021-07-03,Hauts-de-France,32.0,1
10444,2021-07-04,Hauts-de-France,32.0,0
10445,2021-07-05,Hauts-de-France,32.0,3
10446,2021-07-06,Hauts-de-France,32.0,1
10447,2021-07-07,Hauts-de-France,32.0,2
10448,2021-07-08,Hauts-de-France,32.0,1
10449,2021-07-09,Hauts-de-France,32.0,2
10450,2021-07-10,Hauts-de-France,32.0,1
10451,2021-07-11,Hauts-de-France,32.0,0
10452,2021-07-12,Hauts-de-France,32.0,3
10453,2021-07-13,Hauts-de-France,32.0,0
10454,2021-07-14,Hauts-de-France,32.0,1
10455,2021-07-15,Hauts-de-France,32.0,3
10456,2021-07-16,Hauts-de-France,32.0,5
10457,2021-07-17,Hauts-de-France,32.0,5
10458,2021-07-18,Hauts-de-France,32.0,0
10459,2021-07-19,Hauts-de-France,32.0,2
10460,2021-07-20,Hauts-de-France,32.0,3
10461,2021-07-21,Hauts-de-France,32.0,3
10462,2021-07-22,Hauts-de-France,32.0,4
10463,2021-07-23,Hauts-de-France,32.0,3
10464,2021-07-24,Hauts-de-France,32.0,0
10465,2021-07-25,Hauts-de-France,32.0,0
10466,2021-07-26,Hauts-de-France,32.0,6
10467,2021-07-27,Hauts-de-France,32.0,9
10468,2021-07-28,Hauts-de-France,32.0,3
10469,2021-07-29,Hauts-de-France,32.0,5
10470,2021-07-30,Hauts-de-France,32.0,8
10471,2021-07-31,Hauts-de-France,32.0,5
10472,2021-08-01,Hauts-de-France,32.0,0
10473,2021-08-02,Hauts-de-France,32.0,11
10474,2021-08-03,Hauts-de-France,32.0,7
10475,2021-08-04,Hauts-de-France,32.0,8
10476,2021-08-05,Hauts-de-France,32.0,9
10477,2021-08-06,Hauts-de-France,32.0,7
10478,2021-08-07,Hauts-de-France,32.0,5
10479,2021-08-08,Hauts-de-France,32.0,0
10480,2021-08-09,Hauts-de-France,32.0,11
10481,2021-08-10,Hauts-de-France,32.0,5
10482,2021-08-11,Hauts-de-France,32.0,10
10483,2021-08-12,Hauts-de-France,32.0,9
10484,2021-08-13,Hauts-de-France,32.0,7
10485,2021-08-14,Hauts-de-France,32.0,1
10486,2021-08-15,Hauts-de-France,32.0,3
10487,2021-08-16,Hauts-de-France,32.0,16
10488,2021-08-17,Hauts-de-France,32.0,10
10489,2021-08-18,Hauts-de-France,32.0,11
10490,2021-08-19,Hauts-de-France,32.0,13
10491,2021-08-20,Hauts-de-France,32.0,23
10492,2021-08-21,Hauts-de-France,32.0,4
10493,2021-08-22,Hauts-de-France,32.0,3
10494,2021-08-23,Hauts-de-France,32.0,11
10495,2021-08-24,Hauts-de-France,32.0,20
10496,2021-08-25,Hauts-de-France,32.0,21
10497,2021-08-26,Hauts-de-France,32.0,11
10498,2021-08-27,Hauts-de-France,32.0,10
10499,2021-08-28,Hauts-de-France,32.0,5
10500,2021-08-29,Hauts-de-France,32.0,0
10501,2021-08-30,Hauts-de-France,32.0,11
10502,2021-08-31,Hauts-de-France,32.0,22
10503,2021-09-01,Hauts-de-France,32.0,7
10504,2021-09-02,Hauts-de-France,32.0,9
10505,2021-09-03,Hauts-de-France,32.0,12
10506,2021-09-04,Hauts-de-France,32.0,4
10507,2021-09-05,Hauts-de-France,32.0,0
10508,2021-09-06,Hauts-de-France,32.0,19
10509,2021-09-07,Hauts-de-France,32.0,13
10510,2021-09-08,Hauts-de-France,32.0,9
10511,2021-09-09,Hauts-de-France,32.0,8
10512,2021-09-10,Hauts-de-France,32.0,7
10513,2021-09-11,Hauts-de-France,32.0,4
10514,2021-09-12,Hauts-de-France,32.0,1
10515,2021-09-13,Hauts-de-France,32.0,8
10516,2021-09-14,Hauts-de-France,32.0,6
10517,2021-09-15,Hauts-de-France,32.0,9
10518,2021-09-16,Hauts-de-France,32.0,5
10519,2021-09-17,Hauts-de-France,32.0,3
10520,2021-09-18,Hauts-de-France,32.0,1
10521,2021-09-19,Hauts-de-France,32.0,2
10522,2021-09-20,Hauts-de-France,32.0,9
10523,2021-09-21,Hauts-de-France,32.0,14
10524,2021-09-22,Hauts-de-France,32.0,4
10525,2021-09-23,Hauts-de-France,32.0,5
10526,2021-09-24,Hauts-de-France,32.0,4
10527,2021-09-25,Hauts-de-France,32.0,4
10528,2021-09-26,Hauts-de-France,32.0,0
10529,2021-09-27,Hauts-de-France,32.0,9
10530,2021-09-28,Hauts-de-France,32.0,6
10531,2021-09-29,Hauts-de-France,32.0,6
10532,2021-09-30,Hauts-de-France,32.0,5
10533,2021-10-01,Hauts-de-France,32.0,2
10534,2021-10-02,Hauts-de-France,32.0,2
10535,2021-10-03,Hauts-de-France,32.0,0
10536,2021-10-04,Hauts-de-France,32.0,7
10537,2021-10-05,Hauts-de-France,32.0,3
10538,2021-10-06,Hauts-de-France,32.0,2
10539,2021-10-07,Hauts-de-France,32.0,3
10540,2021-10-08,Hauts-de-France,32.0,5
10541,2021-10-09,Hauts-de-France,32.0,0
10542,2021-10-10,Hauts-de-France,32.0,0
10543,2021-10-11,Hauts-de-France,32.0,11
10544,2021-10-12,Hauts-de-France,32.0,2
10545,2021-10-13,Hauts-de-France,32.0,3
10546,2021-10-14,Hauts-de-France,32.0,2
10547,2021-10-15,Hauts-de-France,32.0,4
10548,2021-10-16,Hauts-de-France,32.0,2
10549,2021-10-17,Hauts-de-France,32.0,1
10550,2021-10-18,Hauts-de-France,32.0,4
10551,2021-10-19,Hauts-de-France,32.0,6
10552,2021-10-20,Hauts-de-France,32.0,4
10553,2021-10-21,Hauts-de-France,32.0,5
10554,2021-10-22,Hauts-de-France,32.0,5
10555,2021-10-23,Hauts-de-France,32.0,1
10556,2021-10-24,Hauts-de-France,32.0,0
10557,2021-10-25,Hauts-de-France,32.0,12
10558,2021-10-26,Hauts-de-France,32.0,2
10559,2021-10-27,Hauts-de-France,32.0,3
10560,2021-10-28,Hauts-de-France,32.0,8
10561,2021-10-29,Hauts-de-France,32.0,8
10562,2021-10-30,Hauts-de-France,32.0,3
10563,2021-10-31,Hauts-de-France,32.0,3
10564,2021-11-01,Hauts-de-France,32.0,3
10565,2021-11-02,Hauts-de-France,32.0,10
10566,2021-11-03,Hauts-de-France,32.0,15
10567,2021-11-04,Hauts-de-France,32.0,8
10568,2021-11-05,Hauts-de-France,32.0,7
10569,2021-11-06,Hauts-de-France,32.0,2
10570,2021-11-07,Hauts-de-France,32.0,1
10571,2021-11-08,Hauts-de-France,32.0,12
10572,2021-11-09,Hauts-de-France,32.0,5
10573,2021-11-10,Hauts-de-France,32.0,5
10574,2021-11-11,Hauts-de-France,32.0,2
10575,2021-11-12,Hauts-de-France,32.0,13
10576,2021-11-13,Hauts-de-France,32.0,3
10577,2021-11-14,Hauts-de-France,32.0,0
10578,2021-11-15,Hauts-de-France,32.0,14
10579,2021-11-16,Hauts-de-France,32.0,14
10580,2021-11-17,Hauts-de-France,32.0,7
10581,2021-11-18,Hauts-de-France,32.0,13
10582,2021-11-19,Hauts-de-France,32.0,8
10583,2021-11-20,Hauts-de-France,32.0,1
10584,2021-11-21,Hauts-de-France,32.0,1
10585,2021-11-22,Hauts-de-France,32.0,22
10586,2021-11-23,Hauts-de-France,32.0,19
10587,2021-11-24,Hauts-de-France,32.0,17
10588,2021-11-25,Hauts-de-France,32.0,10
10589,2021-11-26,Hauts-de-France,32.0,21
10590,2021-11-27,Hauts-de-France,32.0,7
10591,2021-11-28,Hauts-de-France,32.0,1
10592,2021-11-29,Hauts-de-France,32.0,15
10593,2021-11-30,Hauts-de-France,32.0,26
10594,2021-12-01,Hauts-de-France,32.0,15
10595,2021-12-02,Hauts-de-France,32.0,20
10596,2021-12-03,Hauts-de-France,32.0,25
10597,2021-12-04,Hauts-de-France,32.0,8
10598,2021-12-05,Hauts-de-France,32.0,8
10599,2021-12-06,Hauts-de-France,32.0,32
10600,2021-12-07,Hauts-de-France,32.0,23
10601,2021-12-08,Hauts-de-France,32.0,22
10602,2021-12-09,Hauts-de-France,32.0,25
10603,2021-12-10,Hauts-de-France,32.0,21
10604,2021-12-11,Hauts-de-France,32.0,12
10605,2021-12-12,Hauts-de-France,32.0,7
10606,2021-12-13,Hauts-de-France,32.0,33
10607,2021-12-14,Hauts-de-France,32.0,35
10608,2021-12-15,Hauts-de-France,32.0,27
10609,2021-12-16,Hauts-de-France,32.0,22
10610,2021-12-17,Hauts-de-France,32.0,23
10611,2021-12-18,Hauts-de-France,32.0,13
10612,2021-12-19,Hauts-de-France,32.0,3
10613,2021-12-20,Hauts-de-France,32.0,37
10614,2021-12-21,Hauts-de-France,32.0,33
10615,2021-12-22,Hauts-de-France,32.0,29
10616,2021-12-23,Hauts-de-France,32.0,27
10617,2021-12-24,Hauts-de-France,32.0,32
10618,2021-12-25,Hauts-de-France,32.0,9
10619,2021-12-26,Hauts-de-France,32.0,3
10620,2021-12-27,Hauts-de-France,32.0,31
10621,2021-12-28,Hauts-de-France,32.0,19
10622,2021-12-29,Hauts-de-France,32.0,14
10623,2021-12-30,Hauts-de-France,32.0,23
10624,2021-12-31,Hauts-de-France,32.0,16
10625,2022-01-01,Hauts-de-France,32.0,18
10626,2022-01-02,Hauts-de-France,32.0,6
10627,2022-01-03,Hauts-de-France,32.0,21
10628,2022-01-04,Hauts-de-France,32.0,38
10629,2022-01-05,Hauts-de-France,32.0,26
10630,2022-01-06,Hauts-de-France,32.0,18
10631,2022-01-07,Hauts-de-France,32.0,26
10632,2022-01-08,Hauts-de-France,32.0,16
10633,2022-01-09,Hauts-de-France,32.0,5
10634,2022-01-10,Hauts-de-France,32.0,35
10635,2022-01-11,Hauts-de-France,32.0,28
10636,2022-01-12,Hauts-de-France,32.0,26
10637,2022-01-13,Hauts-de-France,32.0,28
10638,2022-01-14,Hauts-de-France,32.0,22
10639,2022-01-15,Hauts-de-France,32.0,8
10640,2022-01-16,Hauts-de-France,32.0,5
10641,2022-01-17,Hauts-de-France,32.0,40
10642,2022-01-18,Hauts-de-France,32.0,26
10643,2022-01-19,Hauts-de-France,32.0,22
10644,2022-01-20,Hauts-de-France,32.0,38
10645,2022-01-21,Hauts-de-France,32.0,24
10646,2022-01-22,Hauts-de-France,32.0,7
10647,2022-01-23,Hauts-de-France,32.0,4
10648,2022-01-24,Hauts-de-France,32.0,30
10649,2022-01-25,Hauts-de-France,32.0,36
10650,2022-01-26,Hauts-de-France,32.0,19
10651,2022-01-27,Hauts-de-France,32.0,30
10652,2022-01-28,Hauts-de-France,32.0,33
10653,2022-01-29,Hauts-de-France,32.0,18
10654,2022-01-30,Hauts-de-France,32.0,2
10655,2022-01-31,Hauts-de-France,32.0,32
10656,2022-02-01,Hauts-de-France,32.0,48
10657,2022-02-02,Hauts-de-France,32.0,32
10658,2022-02-03,Hauts-de-France,32.0,36
10659,2022-02-04,Hauts-de-France,32.0,36
10660,2022-02-05,Hauts-de-France,32.0,16
10661,2022-02-06,Hauts-de-France,32.0,4
10662,2022-02-07,Hauts-de-France,32.0,40
10663,2022-02-08,Hauts-de-France,32.0,32
10664,2022-02-09,Hauts-de-France,32.0,19
10665,2022-02-10,Hauts-de-France,32.0,20
10666,2022-02-11,Hauts-de-France,32.0,22
10667,2022-02-12,Hauts-de-France,32.0,16
10668,2022-02-13,Hauts-de-France,32.0,2
10669,2022-02-14,Hauts-de-France,32.0,36
10670,2022-02-15,Hauts-de-France,32.0,26
10671,2022-02-16,Hauts-de-France,32.0,17
10672,2022-02-17,Hauts-de-France,32.0,33
10673,2022-02-18,Hauts-de-France,32.0,28
10674,2022-02-19,Hauts-de-France,32.0,20
10675,2022-02-20,Hauts-de-France,32.0,4
10676,2022-02-21,Hauts-de-France,32.0,15
10677,2022-02-22,Hauts-de-France,32.0,28
10678,2022-02-23,Hauts-de-France,32.0,18
10679,2022-02-24,Hauts-de-France,32.0,15
10680,2022-02-25,Hauts-de-France,32.0,9
10681,2022-02-26,Hauts-de-France,32.0,3
10682,2022-02-27,Hauts-de-France,32.0,6
10683,2022-02-28,Hauts-de-France,32.0,27
10684,2022-03-01,Hauts-de-France,32.0,16
10685,2022-03-02,Hauts-de-France,32.0,18
10686,2022-03-03,Hauts-de-France,32.0,13
10687,2022-03-04,Hauts-de-France,32.0,13
10688,2022-03-05,Hauts-de-France,32.0,10
10689,2022-03-06,Hauts-de-France,32.0,1
10690,2022-03-07,Hauts-de-France,32.0,20
10691,2022-03-08,Hauts-de-France,32.0,15
10692,2022-03-09,Hauts-de-France,32.0,10
10693,2022-03-10,Hauts-de-France,32.0,16
10694,2022-03-11,Hauts-de-France,32.0,11
10695,2022-03-12,Hauts-de-France,32.0,3
10696,2022-03-13,Hauts-de-France,32.0,1
10697,2022-03-14,Hauts-de-France,32.0,17
10698,2022-03-15,Hauts-de-France,32.0,20
10699,2022-03-16,Hauts-de-France,32.0,15
10700,2022-03-17,Hauts-de-France,32.0,13
10701,2022-03-18,Hauts-de-France,32.0,14
10702,2022-03-19,Hauts-de-France,32.0,5
10703,2022-03-20,Hauts-de-France,32.0,1
10704,2022-03-21,Hauts-de-France,32.0,17
10705,2022-03-22,Hauts-de-France,32.0,16
10706,2022-03-23,Hauts-de-France,32.0,16
10707,2022-03-24,Hauts-de-France,32.0,21
10708,2022-03-25,Hauts-de-France,32.0,10
10709,2022-03-26,Hauts-de-France,32.0,2
10710,2022-03-27,Hauts-de-France,32.0,3
10711,2022-03-28,Hauts-de-France,32.0,25
10712,2022-03-29,Hauts-de-France,32.0,20
10713,2022-03-30,Hauts-de-France,32.0,19
10714,2022-03-31,Hauts-de-France,32.0,14
10715,2022-04-01,Hauts-de-France,32.0,14
10716,2022-04-02,Hauts-de-France,32.0,9
10717,2022-04-03,Hauts-de-France,32.0,6
10718,2022-04-04,Hauts-de-France,32.0,24
10719,2022-04-05,Hauts-de-France,32.0,27
10720,2022-04-06,Hauts-de-France,32.0,18
10721,2022-04-07,Hauts-de-France,32.0,15
10722,2022-04-08,Hauts-de-France,32.0,23
10723,2022-04-09,Hauts-de-France,32.0,13
10724,2022-04-10,Hauts-de-France,32.0,1
10725,2022-04-11,Hauts-de-France,32.0,20
10726,2022-04-12,Hauts-de-France,32.0,31
10727,2022-04-13,Hauts-de-France,32.0,25
10728,2022-04-14,Hauts-de-France,32.0,36
10729,2022-04-15,Hauts-de-France,32.0,30
10730,2022-04-16,Hauts-de-France,32.0,1
10731,2022-04-17,Hauts-de-France,32.0,3
10732,2022-04-18,Hauts-de-France,32.0,2
10733,2022-04-19,Hauts-de-France,32.0,14
10734,2022-04-20,Hauts-de-France,32.0,20
10735,2022-04-21,Hauts-de-France,32.0,18
10736,2022-04-22,Hauts-de-France,32.0,18
10737,2022-04-23,Hauts-de-France,32.0,10
10738,2022-04-24,Hauts-de-France,32.0,6
10739,2022-04-25,Hauts-de-France,32.0,29
10740,2022-04-26,Hauts-de-France,32.0,21
10741,2022-04-27,Hauts-de-France,32.0,14
10742,2022-04-28,Hauts-de-France,32.0,27
10743,2022-04-29,Hauts-de-France,32.0,23
10744,2022-04-30,Hauts-de-France,32.0,4
10745,2022-05-01,Hauts-de-France,32.0,1
10746,2022-05-02,Hauts-de-France,32.0,11
10747,2022-05-03,Hauts-de-France,32.0,25
10748,2022-05-04,Hauts-de-France,32.0,7
10749,2022-05-05,Hauts-de-France,32.0,11
10750,2022-05-06,Hauts-de-France,32.0,20
10751,2022-05-07,Hauts-de-France,32.0,8
10752,2022-05-08,Hauts-de-France,32.0,0
10753,2022-05-09,Hauts-de-France,32.0,22
10754,2022-05-10,Hauts-de-France,32.0,14
10755,2022-05-11,Hauts-de-France,32.0,17
10756,2022-05-12,Hauts-de-France,32.0,13
10757,2022-05-13,Hauts-de-France,32.0,9
10758,2022-05-14,Hauts-de-France,32.0,6
10759,2022-05-15,Hauts-de-France,32.0,0
10760,2022-05-16,Hauts-de-France,32.0,10
10761,2022-05-17,Hauts-de-France,32.0,13
10762,2022-05-18,Hauts-de-France,32.0,4
10763,2022-05-19,Hauts-de-France,32.0,11
10764,2022-05-20,Hauts-de-France,32.0,9
10765,2022-05-21,Hauts-de-France,32.0,5
10766,2022-05-22,Hauts-de-France,32.0,0
10767,2022-05-23,Hauts-de-France,32.0,15
10768,2022-05-24,Hauts-de-France,32.0,8
10769,2022-05-25,Hauts-de-France,32.0,7
10770,2022-05-26,Hauts-de-France,32.0,4
10771,2022-05-27,Hauts-de-France,32.0,2
10772,2022-05-28,Hauts-de-France,32.0,2
10773,2022-05-29,Hauts-de-France,32.0,1
10774,2022-05-30,Hauts-de-France,32.0,13
10775,2022-05-31,Hauts-de-France,32.0,5
10776,2022-06-01,Hauts-de-France,32.0,6
10777,2022-06-02,Hauts-de-France,32.0,9
10778,2022-06-03,Hauts-de-France,32.0,7
10779,2022-06-04,Hauts-de-France,32.0,1
10780,2022-06-05,Hauts-de-France,32.0,0
10781,2022-06-06,Hauts-de-France,32.0,0
10782,2022-06-07,Hauts-de-France,32.0,12
10783,2022-06-08,Hauts-de-France,32.0,3
10784,2022-06-09,Hauts-de-France,32.0,5
10785,2022-06-10,Hauts-de-France,32.0,7
10786,2022-06-11,Hauts-de-France,32.0,0
10787,2022-06-12,Hauts-de-France,32.0,0
10788,2022-06-13,Hauts-de-France,32.0,14
10789,2022-06-14,Hauts-de-France,32.0,11
10790,2022-06-15,Hauts-de-France,32.0,8
10791,2022-06-16,Hauts-de-France,32.0,9
10792,2022-06-17,Hauts-de-France,32.0,3
10793,2022-06-18,Hauts-de-France,32.0,1
10794,2022-06-19,Hauts-de-France,32.0,0
10795,2022-06-20,Hauts-de-France,32.0,10
10796,2022-06-21,Hauts-de-France,32.0,1
10797,2022-06-22,Hauts-de-France,32.0,5
10798,2022-06-23,Hauts-de-France,32.0,6
10799,2022-06-24,Hauts-de-France,32.0,10
10800,2022-06-25,Hauts-de-France,32.0,3
10801,2022-06-26,Hauts-de-France,32.0,1
10802,2022-06-27,Hauts-de-France,32.0,19
10803,2022-06-28,Hauts-de-France,32.0,5
10804,2022-06-29,Hauts-de-France,32.0,11
10805,2022-06-30,Hauts-de-France,32.0,11
10806,2022-07-01,Hauts-de-France,32.0,12
10807,2022-07-02,Hauts-de-France,32.0,3
10808,2022-07-03,Hauts-de-France,32.0,2
10809,2022-07-04,Hauts-de-France,32.0,13
10810,2022-07-05,Hauts-de-France,32.0,21
10811,2022-07-06,Hauts-de-France,32.0,5
10812,2022-07-07,Hauts-de-France,32.0,4
10813,2022-07-08,Hauts-de-France,32.0,12
10814,2022-07-09,Hauts-de-France,32.0,4
10815,2022-07-10,Hauts-de-France,32.0,2
10816,2022-07-11,Hauts-de-France,32.0,9
10817,2022-07-12,Hauts-de-France,32.0,31
10818,2022-07-13,Hauts-de-France,32.0,16
10819,2022-07-14,Hauts-de-France,32.0,9
10820,2022-07-15,Hauts-de-France,32.0,5
10821,2022-07-16,Hauts-de-France,32.0,15
10822,2022-07-17,Hauts-de-France,32.0,2
10823,2022-07-18,Hauts-de-France,32.0,17
10824,2022-07-19,Hauts-de-France,32.0,29
10825,2022-07-20,Hauts-de-France,32.0,12
10826,2022-07-21,Hauts-de-France,32.0,14
10827,2022-07-22,Hauts-de-France,32.0,24
10828,2022-07-23,Hauts-de-France,32.0,0
10829,2022-07-24,Hauts-de-France,32.0,1
10830,2022-07-25,Hauts-de-France,32.0,13
10831,2022-07-26,Hauts-de-France,32.0,15
10832,2022-07-27,Hauts-de-France,32.0,12
10833,2022-07-28,Hauts-de-France,32.0,10
10834,2022-07-29,Hauts-de-France,32.0,10
10835,2022-07-30,Hauts-de-France,32.0,1
10836,2022-07-31,Hauts-de-France,32.0,0
10837,2022-08-01,Hauts-de-France,32.0,13
10838,2022-08-02,Hauts-de-France,32.0,17
10839,2022-08-03,Hauts-de-France,32.0,4
10840,2022-08-04,Hauts-de-France,32.0,13
10841,2022-08-05,Hauts-de-France,32.0,10
10842,2022-08-06,Hauts-de-France,32.0,3
10843,2022-08-07,Hauts-de-France,32.0,0
10844,2022-08-08,Hauts-de-France,32.0,12
10845,2022-08-09,Hauts-de-France,32.0,7
10846,2022-08-10,Hauts-de-France,32.0,5
10847,2022-08-11,Hauts-de-France,32.0,4
10848,2022-08-12,Hauts-de-France,32.0,9
10849,2022-08-13,Hauts-de-France,32.0,1
10850,2022-08-14,Hauts-de-France,32.0,0
10851,2022-08-15,Hauts-de-France,32.0,0
10852,2022-08-16,Hauts-de-France,32.0,13
10853,2022-08-17,Hauts-de-France,32.0,9
10854,2022-08-18,Hauts-de-France,32.0,7
10855,2022-08-19,Hauts-de-France,32.0,5
10856,2022-08-20,Hauts-de-France,32.0,1
10857,2022-08-21,Hauts-de-France,32.0,0
10858,2022-08-22,Hauts-de-France,32.0,10
10859,2022-08-23,Hauts-de-France,32.0,6
10860,2022-08-24,Hauts-de-France,32.0,5
10861,2022-08-25,Hauts-de-France,32.0,3
10862,2022-08-26,Hauts-de-France,32.0,4
10863,2022-08-27,Hauts-de-France,32.0,1
10864,2022-08-28,Hauts-de-France,32.0,1
10865,2022-08-29,Hauts-de-France,32.0,5
10866,2022-08-30,Hauts-de-France,32.0,8
10867,2022-08-31,Hauts-de-France,32.0,3
10868,2022-09-01,Hauts-de-France,32.0,4
10869,2022-09-02,Hauts-de-France,32.0,1
10870,2022-09-03,Hauts-de-France,32.0,1
10871,2022-09-04,Hauts-de-France,32.0,0
10872,2022-09-05,Hauts-de-France,32.0,4
10873,2022-09-06,Hauts-de-France,32.0,7
10874,2022-09-07,Hauts-de-France,32.0,7
10875,2022-09-08,Hauts-de-France,32.0,2
10876,2022-09-09,Hauts-de-France,32.0,3
10877,2022-09-10,Hauts-de-France,32.0,3
10878,2022-09-11,Hauts-de-France,32.0,0
10879,2022-09-12,Hauts-de-France,32.0,7
10880,2022-09-13,Hauts-de-France,32.0,12
10881,2022-09-14,Hauts-de-France,32.0,1
10882,2022-09-15,Hauts-de-France,32.0,4
10883,2022-09-16,Hauts-de-France,32.0,6
10884,2022-09-17,Hauts-de-France,32.0,5
10885,2022-09-18,Hauts-de-France,32.0,0
10886,2022-09-19,Hauts-de-France,32.0,10
10887,2022-09-20,Hauts-de-France,32.0,11
10888,2022-09-21,Hauts-de-France,32.0,8
10889,2022-09-22,Hauts-de-France,32.0,3
10890,2022-09-23,Hauts-de-France,32.0,3
10891,2022-09-24,Hauts-de-France,32.0,3
10892,2022-09-25,Hauts-de-France,32.0,1
10893,2022-09-26,Hauts-de-France,32.0,9
10894,2022-09-27,Hauts-de-France,32.0,12
10895,2022-09-28,Hauts-de-France,32.0,6
10896,2022-09-29,Hauts-de-France,32.0,5
10897,2022-09-30,Hauts-de-France,32.0,10
10898,2022-10-01,Hauts-de-France,32.0,4
10899,2022-10-02,Hauts-de-France,32.0,0
10900,2022-10-03,Hauts-de-France,32.0,17
10901,2022-10-04,Hauts-de-France,32.0,8
10902,2022-10-05,Hauts-de-France,32.0,8
10903,2022-10-06,Hauts-de-France,32.0,17
10904,2022-10-07,Hauts-de-France,32.0,11
10905,2022-10-08,Hauts-de-France,32.0,3
10906,2022-10-09,Hauts-de-France,32.0,1
10907,2022-10-10,Hauts-de-France,32.0,9
10908,2022-10-11,Hauts-de-France,32.0,9
10909,2022-10-12,Hauts-de-France,32.0,12
10910,2022-10-13,Hauts-de-France,32.0,11
10911,2022-10-14,Hauts-de-France,32.0,10
10912,2022-10-15,Hauts-de-France,32.0,7
10913,2022-10-16,Hauts-de-France,32.0,0
10914,2022-10-17,Hauts-de-France,32.0,18
10915,2022-10-18,Hauts-de-France,32.0,10
10916,2022-10-19,Hauts-de-France,32.0,12
10917,2022-10-20,Hauts-de-France,32.0,15
10918,2022-10-21,Hauts-de-France,32.0,13
10919,2022-10-22,Hauts-de-France,32.0,3
10920,2022-10-23,Hauts-de-France,32.0,0
10921,2022-10-24,Hauts-de-France,32.0,13
10922,2022-10-25,Hauts-de-France,32.0,9
10923,2022-10-26,Hauts-de-France,32.0,11
10924,2022-10-27,Hauts-de-France,32.0,10
10925,2022-10-28,Hauts-de-France,32.0,8
10926,2022-10-29,Hauts-de-France,32.0,3
10927,2022-10-30,Hauts-de-France,32.0,0
10928,2022-10-31,Hauts-de-France,32.0,8
10929,2022-11-01,Hauts-de-France,32.0,3
10930,2022-11-02,Hauts-de-France,32.0,12
10931,2022-11-03,Hauts-de-France,32.0,14
10932,2022-11-04,Hauts-de-France,32.0,9
10933,2022-11-05,Hauts-de-France,32.0,3
10934,2022-11-06,Hauts-de-France,32.0,1
10935,2022-11-07,Hauts-de-France,32.0,9
10936,2022-11-08,Hauts-de-France,32.0,14
10937,2022-11-09,Hauts-de-France,32.0,7
10938,2022-11-10,Hauts-de-France,32.0,2
10939,2022-11-11,Hauts-de-France,32.0,0
10940,2022-11-12,Hauts-de-France,32.0,1
10941,2022-11-13,Hauts-de-France,32.0,1
10942,2022-11-14,Hauts-de-France,32.0,8
10943,2022-11-15,Hauts-de-France,32.0,9
10944,2022-11-16,Hauts-de-France,32.0,7
10945,2022-11-17,Hauts-de-France,32.0,14
10946,2022-11-18,Hauts-de-France,32.0,8
10947,2022-11-19,Hauts-de-France,32.0,2
10948,2022-11-20,Hauts-de-France,32.0,1
10949,2022-11-21,Hauts-de-France,32.0,4
10950,2022-11-22,Hauts-de-France,32.0,12
10951,2022-11-23,Hauts-de-France,32.0,7
10952,2022-11-24,Hauts-de-France,32.0,6
10953,2022-11-25,Hauts-de-France,32.0,14
10954,2022-11-26,Hauts-de-France,32.0,3
10955,2022-11-27,Hauts-de-France,32.0,0
10956,2022-11-28,Hauts-de-France,32.0,17
10957,2022-11-29,Hauts-de-France,32.0,12
10958,2022-11-30,Hauts-de-France,32.0,17
10959,2022-12-01,Hauts-de-France,32.0,10
10960,2022-12-02,Hauts-de-France,32.0,4
10961,2022-12-03,Hauts-de-France,32.0,5
10962,2022-12-04,Hauts-de-France,32.0,3
10963,2022-12-05,Hauts-de-France,32.0,8
10964,2022-12-06,Hauts-de-France,32.0,13
10965,2022-12-07,Hauts-de-France,32.0,9
10966,2022-12-08,Hauts-de-France,32.0,10
10967,2022-12-09,Hauts-de-France,32.0,13
10968,2022-12-10,Hauts-de-France,32.0,5
10969,2022-12-11,Hauts-de-France,32.0,1
10970,2022-12-12,Hauts-de-France,32.0,20
10971,2022-12-13,Hauts-de-France,32.0,12
10972,2022-12-14,Hauts-de-France,32.0,17
10973,2022-12-15,Hauts-de-France,32.0,19
10974,2022-12-16,Hauts-de-France,32.0,10
10975,2022-12-17,Hauts-de-France,32.0,11
10976,2022-12-18,Hauts-de-France,32.0,3
10977,2022-12-19,Hauts-de-France,32.0,24
10978,2022-12-20,Hauts-de-France,32.0,17
10979,2022-12-21,Hauts-de-France,32.0,22
10980,2022-12-22,Hauts-de-France,32.0,13
10981,2022-12-23,Hauts-de-France,32.0,10
10982,2022-12-24,Hauts-de-France,32.0,8
10983,2022-12-25,Hauts-de-France,32.0,2
10984,2022-12-26,Hauts-de-France,32.0,9
10985,2022-12-27,Hauts-de-France,32.0,25
10986,2022-12-28,Hauts-de-France,32.0,31
10987,2022-12-29,Hauts-de-France,32.0,7
10988,2022-12-30,Hauts-de-France,32.0,9
10989,2022-12-31,Hauts-de-France,32.0,2
10990,2023-01-01,Hauts-de-France,32.0,2
10991,2023-01-02,Hauts-de-France,32.0,15
10992,2023-01-03,Hauts-de-France,32.0,16
10993,2023-01-04,Hauts-de-France,32.0,12
10994,2023-01-05,Hauts-de-France,32.0,6
10995,2023-01-06,Hauts-de-France,32.0,14
10996,2023-01-07,Hauts-de-France,32.0,4
10997,2023-01-08,Hauts-de-France,32.0,0
10998,2023-01-09,Hauts-de-France,32.0,13
10999,2023-01-10,Hauts-de-France,32.0,10
11000,2023-01-11,Hauts-de-France,32.0,12
11001,2023-01-12,Hauts-de-France,32.0,5
11002,2023-01-13,Hauts-de-France,32.0,14
11003,2023-01-14,Hauts-de-France,32.0,0
11004,2023-01-15,Hauts-de-France,32.0,0
11005,2023-01-16,Hauts-de-France,32.0,15
11006,2023-01-17,Hauts-de-France,32.0,2
11007,2023-01-18,Hauts-de-France,32.0,2
11008,2023-01-19,Hauts-de-France,32.0,5
11009,2023-01-20,Hauts-de-France,32.0,12
11010,2023-01-21,Hauts-de-France,32.0,3
11011,2023-01-22,Hauts-de-France,32.0,1
11012,2023-01-23,Hauts-de-France,32.0,8
11013,2023-01-24,Hauts-de-France,32.0,4
11014,2023-01-25,Hauts-de-France,32.0,4
11015,2023-01-26,Hauts-de-France,32.0,2
11016,2023-01-27,Hauts-de-France,32.0,7
11017,2023-01-28,Hauts-de-France,32.0,2
11018,2023-01-29,Hauts-de-France,32.0,0
11019,2023-01-30,Hauts-de-France,32.0,4
11020,2023-01-31,Hauts-de-France,32.0,2
11021,2023-02-01,Hauts-de-France,32.0,1
11022,2023-02-02,Hauts-de-France,32.0,5
11023,2023-02-03,Hauts-de-France,32.0,5
11024,2023-02-04,Hauts-de-France,32.0,0
11025,2023-02-05,Hauts-de-France,32.0,0
11026,2023-02-06,Hauts-de-France,32.0,4
11027,2023-02-07,Hauts-de-France,32.0,4
11028,2023-02-08,Hauts-de-France,32.0,27
11029,2023-02-09,Hauts-de-France,32.0,1
11030,2023-02-10,Hauts-de-France,32.0,7
11031,2023-02-11,Hauts-de-France,32.0,2
11032,2023-02-12,Hauts-de-France,32.0,0
11033,2023-02-13,Hauts-de-France,32.0,8
11034,2023-02-14,Hauts-de-France,32.0,4
11035,2023-02-15,Hauts-de-France,32.0,4
11036,2023-02-16,Hauts-de-France,32.0,2
11037,2023-02-17,Hauts-de-France,32.0,6
11038,2023-02-18,Hauts-de-France,32.0,3
11039,2023-02-19,Hauts-de-France,32.0,0
11040,2023-02-20,Hauts-de-France,32.0,5
11041,2023-02-21,Hauts-de-France,32.0,5
11042,2023-02-22,Hauts-de-France,32.0,1
11043,2023-02-23,Hauts-de-France,32.0,1
11044,2023-02-24,Hauts-de-France,32.0,2
11045,2023-02-25,Hauts-de-France,32.0,1
11046,2023-02-26,Hauts-de-France,32.0,0
11047,2023-02-27,Hauts-de-France,32.0,6
11048,2023-02-28,Hauts-de-France,32.0,2
11049,2023-03-01,Hauts-de-France,32.0,4
11050,2023-03-02,Hauts-de-France,32.0,6
11051,2023-03-03,Hauts-de-France,32.0,7
11052,2023-03-04,Hauts-de-France,32.0,5
11053,2023-03-05,Hauts-de-France,32.0,0
11054,2023-03-06,Hauts-de-France,32.0,6
11055,2023-03-07,Hauts-de-France,32.0,2
11056,2023-03-08,Hauts-de-France,32.0,1
11057,2023-03-09,Hauts-de-France,32.0,4
11058,2023-03-10,Hauts-de-France,32.0,9
11059,2023-03-11,Hauts-de-France,32.0,2
11060,2023-03-12,Hauts-de-France,32.0,0
11061,2023-03-13,Hauts-de-France,32.0,9
11062,2023-03-14,Hauts-de-France,32.0,3
11063,2023-03-15,Hauts-de-France,32.0,4
11064,2023-03-16,Hauts-de-France,32.0,6
11065,2023-03-17,Hauts-de-France,32.0,15
11066,2023-03-18,Hauts-de-France,32.0,3
11067,2023-03-19,Hauts-de-France,32.0,0
11068,2023-03-20,Hauts-de-France,32.0,9
11069,2023-03-21,Hauts-de-France,32.0,2
11070,2023-03-22,Hauts-de-France,32.0,11
11071,2023-03-23,Hauts-de-France,32.0,3
11072,2023-03-24,Hauts-de-France,32.0,8
11073,2023-03-25,Hauts-de-France,32.0,0
11074,2023-03-26,Hauts-de-France,32.0,2
11075,2023-03-27,Hauts-de-France,32.0,4
11076,2023-03-28,Hauts-de-France,32.0,4
11077,2023-03-29,Hauts-de-France,32.0,3
11078,2023-03-30,Hauts-de-France,32.0,2
11079,2023-03-31,Hauts-de-France,32.0,8
11080,2020-03-19,Grand-Est,44.0,69
11081,2020-03-20,Grand-Est,44.0,45
11082,2020-03-21,Grand-Est,44.0,65
11083,2020-03-22,Grand-Est,44.0,63
11084,2020-03-23,Grand-Est,44.0,81
11085,2020-03-24,Grand-Est,44.0,104
11086,2020-03-25,Grand-Est,44.0,99
11087,2020-03-26,Grand-Est,44.0,95
11088,2020-03-27,Grand-Est,44.0,102
11089,2020-03-28,Grand-Est,44.0,114
11090,2020-03-29,Grand-Est,44.0,71
11091,2020-03-30,Grand-Est,44.0,113
11092,2020-03-31,Grand-Est,44.0,122
11093,2020-04-01,Grand-Est,44.0,107
11094,2020-04-02,Grand-Est,44.0,109
11095,2020-04-03,Grand-Est,44.0,104
11096,2020-04-04,Grand-Est,44.0,72
11097,2020-04-05,Grand-Est,44.0,44
11098,2020-04-06,Grand-Est,44.0,70
11099,2020-04-07,Grand-Est,44.0,61
11100,2020-04-08,Grand-Est,44.0,60
11101,2020-04-09,Grand-Est,44.0,42
11102,2020-04-10,Grand-Est,44.0,31
11103,2020-04-11,Grand-Est,44.0,28
11104,2020-04-12,Grand-Est,44.0,24
11105,2020-04-13,Grand-Est,44.0,24
11106,2020-04-14,Grand-Est,44.0,36
11107,2020-04-15,Grand-Est,44.0,27
11108,2020-04-16,Grand-Est,44.0,31
11109,2020-04-17,Grand-Est,44.0,35
11110,2020-04-18,Grand-Est,44.0,29
11111,2020-04-19,Grand-Est,44.0,13
11112,2020-04-20,Grand-Est,44.0,22
11113,2020-04-21,Grand-Est,44.0,21
11114,2020-04-22,Grand-Est,44.0,29
11115,2020-04-23,Grand-Est,44.0,27
11116,2020-04-24,Grand-Est,44.0,16
11117,2020-04-25,Grand-Est,44.0,16
11118,2020-04-26,Grand-Est,44.0,13
11119,2020-04-27,Grand-Est,44.0,17
11120,2020-04-28,Grand-Est,44.0,24
11121,2020-04-29,Grand-Est,44.0,13
11122,2020-04-30,Grand-Est,44.0,16
11123,2020-05-01,Grand-Est,44.0,15
11124,2020-05-02,Grand-Est,44.0,14
11125,2020-05-03,Grand-Est,44.0,17
11126,2020-05-04,Grand-Est,44.0,13
11127,2020-05-05,Grand-Est,44.0,22
11128,2020-05-06,Grand-Est,44.0,6
11129,2020-05-07,Grand-Est,44.0,14
11130,2020-05-08,Grand-Est,44.0,10
11131,2020-05-09,Grand-Est,44.0,6
11132,2020-05-10,Grand-Est,44.0,2
11133,2020-05-11,Grand-Est,44.0,8
11134,2020-05-12,Grand-Est,44.0,11
11135,2020-05-13,Grand-Est,44.0,8
11136,2020-05-14,Grand-Est,44.0,2
11137,2020-05-15,Grand-Est,44.0,6
11138,2020-05-16,Grand-Est,44.0,9
11139,2020-05-17,Grand-Est,44.0,8
11140,2020-05-18,Grand-Est,44.0,8
11141,2020-05-19,Grand-Est,44.0,12
11142,2020-05-20,Grand-Est,44.0,8
11143,2020-05-21,Grand-Est,44.0,8
11144,2020-05-22,Grand-Est,44.0,5
11145,2020-05-23,Grand-Est,44.0,10
11146,2020-05-24,Grand-Est,44.0,4
11147,2020-05-25,Grand-Est,44.0,5
11148,2020-05-26,Grand-Est,44.0,4
11149,2020-05-27,Grand-Est,44.0,6
11150,2020-05-28,Grand-Est,44.0,11
11151,2020-05-29,Grand-Est,44.0,8
11152,2020-05-30,Grand-Est,44.0,6
11153,2020-05-31,Grand-Est,44.0,3
11154,2020-06-01,Grand-Est,44.0,4
11155,2020-06-02,Grand-Est,44.0,4
11156,2020-06-03,Grand-Est,44.0,6
11157,2020-06-04,Grand-Est,44.0,3
11158,2020-06-05,Grand-Est,44.0,4
11159,2020-06-06,Grand-Est,44.0,3
11160,2020-06-07,Grand-Est,44.0,0
11161,2020-06-08,Grand-Est,44.0,4
11162,2020-06-09,Grand-Est,44.0,2
11163,2020-06-10,Grand-Est,44.0,2
11164,2020-06-11,Grand-Est,44.0,6
11165,2020-06-12,Grand-Est,44.0,3
11166,2020-06-13,Grand-Est,44.0,5
11167,2020-06-14,Grand-Est,44.0,3
11168,2020-06-15,Grand-Est,44.0,3
11169,2020-06-16,Grand-Est,44.0,4
11170,2020-06-17,Grand-Est,44.0,2
11171,2020-06-18,Grand-Est,44.0,2
11172,2020-06-19,Grand-Est,44.0,2
11173,2020-06-20,Grand-Est,44.0,1
11174,2020-06-21,Grand-Est,44.0,0
11175,2020-06-22,Grand-Est,44.0,1
11176,2020-06-23,Grand-Est,44.0,1
11177,2020-06-24,Grand-Est,44.0,0
11178,2020-06-25,Grand-Est,44.0,1
11179,2020-06-26,Grand-Est,44.0,2
11180,2020-06-27,Grand-Est,44.0,0
11181,2020-06-28,Grand-Est,44.0,0
11182,2020-06-29,Grand-Est,44.0,1
11183,2020-06-30,Grand-Est,44.0,1
11184,2020-07-01,Grand-Est,44.0,2
11185,2020-07-02,Grand-Est,44.0,2
11186,2020-07-03,Grand-Est,44.0,2
11187,2020-07-04,Grand-Est,44.0,0
11188,2020-07-05,Grand-Est,44.0,0
11189,2020-07-06,Grand-Est,44.0,2
11190,2020-07-07,Grand-Est,44.0,5
11191,2020-07-08,Grand-Est,44.0,2
11192,2020-07-09,Grand-Est,44.0,1
11193,2020-07-10,Grand-Est,44.0,0
11194,2020-07-11,Grand-Est,44.0,0
11195,2020-07-12,Grand-Est,44.0,0
11196,2020-07-13,Grand-Est,44.0,0
11197,2020-07-14,Grand-Est,44.0,0
11198,2020-07-15,Grand-Est,44.0,3
11199,2020-07-16,Grand-Est,44.0,1
11200,2020-07-17,Grand-Est,44.0,0
11201,2020-07-18,Grand-Est,44.0,1
11202,2020-07-19,Grand-Est,44.0,0
11203,2020-07-20,Grand-Est,44.0,3
11204,2020-07-21,Grand-Est,44.0,0
11205,2020-07-22,Grand-Est,44.0,0
11206,2020-07-23,Grand-Est,44.0,1
11207,2020-07-24,Grand-Est,44.0,1
11208,2020-07-25,Grand-Est,44.0,1
11209,2020-07-26,Grand-Est,44.0,0
11210,2020-07-27,Grand-Est,44.0,2
11211,2020-07-28,Grand-Est,44.0,1
11212,2020-07-29,Grand-Est,44.0,0
11213,2020-07-30,Grand-Est,44.0,1
11214,2020-07-31,Grand-Est,44.0,0
11215,2020-08-01,Grand-Est,44.0,0
11216,2020-08-02,Grand-Est,44.0,0
11217,2020-08-03,Grand-Est,44.0,1
11218,2020-08-04,Grand-Est,44.0,0
11219,2020-08-05,Grand-Est,44.0,1
11220,2020-08-06,Grand-Est,44.0,1
11221,2020-08-07,Grand-Est,44.0,1
11222,2020-08-08,Grand-Est,44.0,0
11223,2020-08-09,Grand-Est,44.0,0
11224,2020-08-10,Grand-Est,44.0,0
11225,2020-08-11,Grand-Est,44.0,0
11226,2020-08-12,Grand-Est,44.0,0
11227,2020-08-13,Grand-Est,44.0,1
11228,2020-08-14,Grand-Est,44.0,2
11229,2020-08-15,Grand-Est,44.0,0
11230,2020-08-16,Grand-Est,44.0,0
11231,2020-08-17,Grand-Est,44.0,0
11232,2020-08-18,Grand-Est,44.0,0
11233,2020-08-19,Grand-Est,44.0,0
11234,2020-08-20,Grand-Est,44.0,3
11235,2020-08-21,Grand-Est,44.0,2
11236,2020-08-22,Grand-Est,44.0,0
11237,2020-08-23,Grand-Est,44.0,0
11238,2020-08-24,Grand-Est,44.0,2
11239,2020-08-25,Grand-Est,44.0,3
11240,2020-08-26,Grand-Est,44.0,0
11241,2020-08-27,Grand-Est,44.0,1
11242,2020-08-28,Grand-Est,44.0,1
11243,2020-08-29,Grand-Est,44.0,2
11244,2020-08-30,Grand-Est,44.0,0
11245,2020-08-31,Grand-Est,44.0,2
11246,2020-09-01,Grand-Est,44.0,2
11247,2020-09-02,Grand-Est,44.0,4
11248,2020-09-03,Grand-Est,44.0,0
11249,2020-09-04,Grand-Est,44.0,2
11250,2020-09-05,Grand-Est,44.0,0
11251,2020-09-06,Grand-Est,44.0,0
11252,2020-09-07,Grand-Est,44.0,1
11253,2020-09-08,Grand-Est,44.0,3
11254,2020-09-09,Grand-Est,44.0,2
11255,2020-09-10,Grand-Est,44.0,1
11256,2020-09-11,Grand-Est,44.0,0
11257,2020-09-12,Grand-Est,44.0,0
11258,2020-09-13,Grand-Est,44.0,0
11259,2020-09-14,Grand-Est,44.0,1
11260,2020-09-15,Grand-Est,44.0,5
11261,2020-09-16,Grand-Est,44.0,3
11262,2020-09-17,Grand-Est,44.0,3
11263,2020-09-18,Grand-Est,44.0,3
11264,2020-09-19,Grand-Est,44.0,0
11265,2020-09-20,Grand-Est,44.0,0
11266,2020-09-21,Grand-Est,44.0,1
11267,2020-09-22,Grand-Est,44.0,4
11268,2020-09-23,Grand-Est,44.0,1
11269,2020-09-24,Grand-Est,44.0,6
11270,2020-09-25,Grand-Est,44.0,9
11271,2020-09-26,Grand-Est,44.0,2
11272,2020-09-27,Grand-Est,44.0,0
11273,2020-09-28,Grand-Est,44.0,3
11274,2020-09-29,Grand-Est,44.0,1
11275,2020-09-30,Grand-Est,44.0,7
11276,2020-10-01,Grand-Est,44.0,8
11277,2020-10-02,Grand-Est,44.0,7
11278,2020-10-03,Grand-Est,44.0,1
11279,2020-10-04,Grand-Est,44.0,1
11280,2020-10-05,Grand-Est,44.0,4
11281,2020-10-06,Grand-Est,44.0,4
11282,2020-10-07,Grand-Est,44.0,4
11283,2020-10-08,Grand-Est,44.0,2
11284,2020-10-09,Grand-Est,44.0,4
11285,2020-10-10,Grand-Est,44.0,3
11286,2020-10-11,Grand-Est,44.0,6
11287,2020-10-12,Grand-Est,44.0,6
11288,2020-10-13,Grand-Est,44.0,7
11289,2020-10-14,Grand-Est,44.0,9
11290,2020-10-15,Grand-Est,44.0,12
11291,2020-10-16,Grand-Est,44.0,9
11292,2020-10-17,Grand-Est,44.0,2
11293,2020-10-18,Grand-Est,44.0,5
11294,2020-10-19,Grand-Est,44.0,7
11295,2020-10-20,Grand-Est,44.0,13
11296,2020-10-21,Grand-Est,44.0,12
11297,2020-10-22,Grand-Est,44.0,6
11298,2020-10-23,Grand-Est,44.0,21
11299,2020-10-24,Grand-Est,44.0,5
11300,2020-10-25,Grand-Est,44.0,10
11301,2020-10-26,Grand-Est,44.0,17
11302,2020-10-27,Grand-Est,44.0,22
11303,2020-10-28,Grand-Est,44.0,15
11304,2020-10-29,Grand-Est,44.0,24
11305,2020-10-30,Grand-Est,44.0,29
11306,2020-10-31,Grand-Est,44.0,19
11307,2020-11-01,Grand-Est,44.0,27
11308,2020-11-02,Grand-Est,44.0,23
11309,2020-11-03,Grand-Est,44.0,33
11310,2020-11-04,Grand-Est,44.0,27
11311,2020-11-05,Grand-Est,44.0,35
11312,2020-11-06,Grand-Est,44.0,34
11313,2020-11-07,Grand-Est,44.0,23
11314,2020-11-08,Grand-Est,44.0,16
11315,2020-11-09,Grand-Est,44.0,37
11316,2020-11-10,Grand-Est,44.0,37
11317,2020-11-11,Grand-Est,44.0,26
11318,2020-11-12,Grand-Est,44.0,41
11319,2020-11-13,Grand-Est,44.0,39
11320,2020-11-14,Grand-Est,44.0,24
11321,2020-11-15,Grand-Est,44.0,19
11322,2020-11-16,Grand-Est,44.0,26
11323,2020-11-17,Grand-Est,44.0,34
11324,2020-11-18,Grand-Est,44.0,32
11325,2020-11-19,Grand-Est,44.0,21
11326,2020-11-20,Grand-Est,44.0,34
11327,2020-11-21,Grand-Est,44.0,20
11328,2020-11-22,Grand-Est,44.0,16
11329,2020-11-23,Grand-Est,44.0,19
11330,2020-11-24,Grand-Est,44.0,21
11331,2020-11-25,Grand-Est,44.0,24
11332,2020-11-26,Grand-Est,44.0,14
11333,2020-11-27,Grand-Est,44.0,16
11334,2020-11-28,Grand-Est,44.0,15
11335,2020-11-29,Grand-Est,44.0,12
11336,2020-11-30,Grand-Est,44.0,16
11337,2020-12-01,Grand-Est,44.0,10
11338,2020-12-02,Grand-Est,44.0,11
11339,2020-12-03,Grand-Est,44.0,23
11340,2020-12-04,Grand-Est,44.0,15
11341,2020-12-05,Grand-Est,44.0,16
11342,2020-12-06,Grand-Est,44.0,8
11343,2020-12-07,Grand-Est,44.0,19
11344,2020-12-08,Grand-Est,44.0,24
11345,2020-12-09,Grand-Est,44.0,11
11346,2020-12-10,Grand-Est,44.0,24
11347,2020-12-11,Grand-Est,44.0,19
11348,2020-12-12,Grand-Est,44.0,19
11349,2020-12-13,Grand-Est,44.0,15
11350,2020-12-14,Grand-Est,44.0,30
11351,2020-12-15,Grand-Est,44.0,30
11352,2020-12-16,Grand-Est,44.0,23
11353,2020-12-17,Grand-Est,44.0,22
11354,2020-12-18,Grand-Est,44.0,19
11355,2020-12-19,Grand-Est,44.0,24
11356,2020-12-20,Grand-Est,44.0,7
11357,2020-12-21,Grand-Est,44.0,19
11358,2020-12-22,Grand-Est,44.0,36
11359,2020-12-23,Grand-Est,44.0,23
11360,2020-12-24,Grand-Est,44.0,32
11361,2020-12-25,Grand-Est,44.0,17
11362,2020-12-26,Grand-Est,44.0,23
11363,2020-12-27,Grand-Est,44.0,15
11364,2020-12-28,Grand-Est,44.0,24
11365,2020-12-29,Grand-Est,44.0,36
11366,2020-12-30,Grand-Est,44.0,24
11367,2020-12-31,Grand-Est,44.0,28
11368,2021-01-01,Grand-Est,44.0,13
11369,2021-01-02,Grand-Est,44.0,30
11370,2021-01-03,Grand-Est,44.0,13
11371,2021-01-04,Grand-Est,44.0,26
11372,2021-01-05,Grand-Est,44.0,27
11373,2021-01-06,Grand-Est,44.0,22
11374,2021-01-07,Grand-Est,44.0,23
11375,2021-01-08,Grand-Est,44.0,26
11376,2021-01-09,Grand-Est,44.0,13
11377,2021-01-10,Grand-Est,44.0,19
11378,2021-01-11,Grand-Est,44.0,25
11379,2021-01-12,Grand-Est,44.0,32
11380,2021-01-13,Grand-Est,44.0,22
11381,2021-01-14,Grand-Est,44.0,21
11382,2021-01-15,Grand-Est,44.0,33
11383,2021-01-16,Grand-Est,44.0,19
11384,2021-01-17,Grand-Est,44.0,22
11385,2021-01-18,Grand-Est,44.0,29
11386,2021-01-19,Grand-Est,44.0,31
11387,2021-01-20,Grand-Est,44.0,30
11388,2021-01-21,Grand-Est,44.0,26
11389,2021-01-22,Grand-Est,44.0,22
11390,2021-01-23,Grand-Est,44.0,15
11391,2021-01-24,Grand-Est,44.0,29
11392,2021-01-25,Grand-Est,44.0,23
11393,2021-01-26,Grand-Est,44.0,19
11394,2021-01-27,Grand-Est,44.0,34
11395,2021-01-28,Grand-Est,44.0,24
11396,2021-01-29,Grand-Est,44.0,21
11397,2021-01-30,Grand-Est,44.0,24
11398,2021-01-31,Grand-Est,44.0,24
11399,2021-02-01,Grand-Est,44.0,23
11400,2021-02-02,Grand-Est,44.0,34
11401,2021-02-03,Grand-Est,44.0,21
11402,2021-02-04,Grand-Est,44.0,19
11403,2021-02-05,Grand-Est,44.0,23
11404,2021-02-06,Grand-Est,44.0,16
11405,2021-02-07,Grand-Est,44.0,15
11406,2021-02-08,Grand-Est,44.0,28
11407,2021-02-09,Grand-Est,44.0,26
11408,2021-02-10,Grand-Est,44.0,21
11409,2021-02-11,Grand-Est,44.0,21
11410,2021-02-12,Grand-Est,44.0,23
11411,2021-02-13,Grand-Est,44.0,19
11412,2021-02-14,Grand-Est,44.0,12
11413,2021-02-15,Grand-Est,44.0,16
11414,2021-02-16,Grand-Est,44.0,28
11415,2021-02-17,Grand-Est,44.0,23
11416,2021-02-18,Grand-Est,44.0,29
11417,2021-02-19,Grand-Est,44.0,18
11418,2021-02-20,Grand-Est,44.0,9
11419,2021-02-21,Grand-Est,44.0,8
11420,2021-02-22,Grand-Est,44.0,27
11421,2021-02-23,Grand-Est,44.0,29
11422,2021-02-24,Grand-Est,44.0,17
11423,2021-02-25,Grand-Est,44.0,37
11424,2021-02-26,Grand-Est,44.0,19
11425,2021-02-27,Grand-Est,44.0,17
11426,2021-02-28,Grand-Est,44.0,21
11427,2021-03-01,Grand-Est,44.0,24
11428,2021-03-02,Grand-Est,44.0,39
11429,2021-03-03,Grand-Est,44.0,8
11430,2021-03-04,Grand-Est,44.0,27
11431,2021-03-05,Grand-Est,44.0,14
11432,2021-03-06,Grand-Est,44.0,14
11433,2021-03-07,Grand-Est,44.0,17
11434,2021-03-08,Grand-Est,44.0,28
11435,2021-03-09,Grand-Est,44.0,25
11436,2021-03-10,Grand-Est,44.0,14
11437,2021-03-11,Grand-Est,44.0,35
11438,2021-03-12,Grand-Est,44.0,33
11439,2021-03-13,Grand-Est,44.0,20
11440,2021-03-14,Grand-Est,44.0,23
11441,2021-03-15,Grand-Est,44.0,30
11442,2021-03-16,Grand-Est,44.0,29
11443,2021-03-17,Grand-Est,44.0,33
11444,2021-03-18,Grand-Est,44.0,35
11445,2021-03-19,Grand-Est,44.0,48
11446,2021-03-20,Grand-Est,44.0,23
11447,2021-03-21,Grand-Est,44.0,13
11448,2021-03-22,Grand-Est,44.0,39
11449,2021-03-23,Grand-Est,44.0,28
11450,2021-03-24,Grand-Est,44.0,26
11451,2021-03-25,Grand-Est,44.0,38
11452,2021-03-26,Grand-Est,44.0,44
11453,2021-03-27,Grand-Est,44.0,23
11454,2021-03-28,Grand-Est,44.0,24
11455,2021-03-29,Grand-Est,44.0,38
11456,2021-03-30,Grand-Est,44.0,41
11457,2021-03-31,Grand-Est,44.0,39
11458,2021-04-01,Grand-Est,44.0,44
11459,2021-04-02,Grand-Est,44.0,26
11460,2021-04-03,Grand-Est,44.0,26
11461,2021-04-04,Grand-Est,44.0,19
11462,2021-04-05,Grand-Est,44.0,28
11463,2021-04-06,Grand-Est,44.0,49
11464,2021-04-07,Grand-Est,44.0,54
11465,2021-04-08,Grand-Est,44.0,41
11466,2021-04-09,Grand-Est,44.0,30
11467,2021-04-10,Grand-Est,44.0,31
11468,2021-04-11,Grand-Est,44.0,23
11469,2021-04-12,Grand-Est,44.0,40
11470,2021-04-13,Grand-Est,44.0,56
11471,2021-04-14,Grand-Est,44.0,32
11472,2021-04-15,Grand-Est,44.0,36
11473,2021-04-16,Grand-Est,44.0,34
11474,2021-04-17,Grand-Est,44.0,27
11475,2021-04-18,Grand-Est,44.0,18
11476,2021-04-19,Grand-Est,44.0,56
11477,2021-04-20,Grand-Est,44.0,44
11478,2021-04-21,Grand-Est,44.0,30
11479,2021-04-22,Grand-Est,44.0,31
11480,2021-04-23,Grand-Est,44.0,28
11481,2021-04-24,Grand-Est,44.0,27
11482,2021-04-25,Grand-Est,44.0,11
11483,2021-04-26,Grand-Est,44.0,39
11484,2021-04-27,Grand-Est,44.0,34
11485,2021-04-28,Grand-Est,44.0,23
11486,2021-04-29,Grand-Est,44.0,44
11487,2021-04-30,Grand-Est,44.0,23
11488,2021-05-01,Grand-Est,44.0,12
11489,2021-05-02,Grand-Est,44.0,15
11490,2021-05-03,Grand-Est,44.0,29
11491,2021-05-04,Grand-Est,44.0,25
11492,2021-05-05,Grand-Est,44.0,28
11493,2021-05-06,Grand-Est,44.0,23
11494,2021-05-07,Grand-Est,44.0,18
11495,2021-05-08,Grand-Est,44.0,8
11496,2021-05-09,Grand-Est,44.0,15
11497,2021-05-10,Grand-Est,44.0,16
11498,2021-05-11,Grand-Est,44.0,17
11499,2021-05-12,Grand-Est,44.0,17
11500,2021-05-13,Grand-Est,44.0,11
11501,2021-05-14,Grand-Est,44.0,11
11502,2021-05-15,Grand-Est,44.0,4
11503,2021-05-16,Grand-Est,44.0,6
11504,2021-05-17,Grand-Est,44.0,15
11505,2021-05-18,Grand-Est,44.0,11
11506,2021-05-19,Grand-Est,44.0,12
11507,2021-05-20,Grand-Est,44.0,9
11508,2021-05-21,Grand-Est,44.0,10
11509,2021-05-22,Grand-Est,44.0,6
11510,2021-05-23,Grand-Est,44.0,0
11511,2021-05-24,Grand-Est,44.0,6
11512,2021-05-25,Grand-Est,44.0,14
11513,2021-05-26,Grand-Est,44.0,9
11514,2021-05-27,Grand-Est,44.0,7
11515,2021-05-28,Grand-Est,44.0,10
11516,2021-05-29,Grand-Est,44.0,1
11517,2021-05-30,Grand-Est,44.0,3
11518,2021-05-31,Grand-Est,44.0,4
11519,2021-06-01,Grand-Est,44.0,10
11520,2021-06-02,Grand-Est,44.0,6
11521,2021-06-03,Grand-Est,44.0,2
11522,2021-06-04,Grand-Est,44.0,7
11523,2021-06-05,Grand-Est,44.0,9
11524,2021-06-06,Grand-Est,44.0,2
11525,2021-06-07,Grand-Est,44.0,10
11526,2021-06-08,Grand-Est,44.0,12
11527,2021-06-09,Grand-Est,44.0,6
11528,2021-06-10,Grand-Est,44.0,5
11529,2021-06-11,Grand-Est,44.0,5
11530,2021-06-12,Grand-Est,44.0,1
11531,2021-06-13,Grand-Est,44.0,0
11532,2021-06-14,Grand-Est,44.0,5
11533,2021-06-15,Grand-Est,44.0,4
11534,2021-06-16,Grand-Est,44.0,0
11535,2021-06-17,Grand-Est,44.0,6
11536,2021-06-18,Grand-Est,44.0,3
11537,2021-06-19,Grand-Est,44.0,2
11538,2021-06-20,Grand-Est,44.0,1
11539,2021-06-21,Grand-Est,44.0,2
11540,2021-06-22,Grand-Est,44.0,2
11541,2021-06-23,Grand-Est,44.0,1
11542,2021-06-24,Grand-Est,44.0,0
11543,2021-06-25,Grand-Est,44.0,3
11544,2021-06-26,Grand-Est,44.0,0
11545,2021-06-27,Grand-Est,44.0,0
11546,2021-06-28,Grand-Est,44.0,2
11547,2021-06-29,Grand-Est,44.0,0
11548,2021-06-30,Grand-Est,44.0,2
11549,2021-07-01,Grand-Est,44.0,0
11550,2021-07-02,Grand-Est,44.0,1
11551,2021-07-03,Grand-Est,44.0,0
11552,2021-07-04,Grand-Est,44.0,0
11553,2021-07-05,Grand-Est,44.0,2
11554,2021-07-06,Grand-Est,44.0,1
11555,2021-07-07,Grand-Est,44.0,1
11556,2021-07-08,Grand-Est,44.0,1
11557,2021-07-09,Grand-Est,44.0,0
11558,2021-07-10,Grand-Est,44.0,0
11559,2021-07-11,Grand-Est,44.0,0
11560,2021-07-12,Grand-Est,44.0,0
11561,2021-07-13,Grand-Est,44.0,2
11562,2021-07-14,Grand-Est,44.0,0
11563,2021-07-15,Grand-Est,44.0,0
11564,2021-07-16,Grand-Est,44.0,4
11565,2021-07-17,Grand-Est,44.0,1
11566,2021-07-18,Grand-Est,44.0,0
11567,2021-07-19,Grand-Est,44.0,2
11568,2021-07-20,Grand-Est,44.0,1
11569,2021-07-21,Grand-Est,44.0,3
11570,2021-07-22,Grand-Est,44.0,0
11571,2021-07-23,Grand-Est,44.0,2
11572,2021-07-24,Grand-Est,44.0,0
11573,2021-07-25,Grand-Est,44.0,0
11574,2021-07-26,Grand-Est,44.0,5
11575,2021-07-27,Grand-Est,44.0,12
11576,2021-07-28,Grand-Est,44.0,5
11577,2021-07-29,Grand-Est,44.0,5
11578,2021-07-30,Grand-Est,44.0,9
11579,2021-07-31,Grand-Est,44.0,3
11580,2021-08-01,Grand-Est,44.0,4
11581,2021-08-02,Grand-Est,44.0,4
11582,2021-08-03,Grand-Est,44.0,7
11583,2021-08-04,Grand-Est,44.0,4
11584,2021-08-05,Grand-Est,44.0,4
11585,2021-08-06,Grand-Est,44.0,8
11586,2021-08-07,Grand-Est,44.0,5
11587,2021-08-08,Grand-Est,44.0,11
11588,2021-08-09,Grand-Est,44.0,8
11589,2021-08-10,Grand-Est,44.0,8
11590,2021-08-11,Grand-Est,44.0,11
11591,2021-08-12,Grand-Est,44.0,8
11592,2021-08-13,Grand-Est,44.0,5
11593,2021-08-14,Grand-Est,44.0,2
11594,2021-08-15,Grand-Est,44.0,4
11595,2021-08-16,Grand-Est,44.0,7
11596,2021-08-17,Grand-Est,44.0,6
11597,2021-08-18,Grand-Est,44.0,7
11598,2021-08-19,Grand-Est,44.0,4
11599,2021-08-20,Grand-Est,44.0,6
11600,2021-08-21,Grand-Est,44.0,7
11601,2021-08-22,Grand-Est,44.0,4
11602,2021-08-23,Grand-Est,44.0,7
11603,2021-08-24,Grand-Est,44.0,15
11604,2021-08-25,Grand-Est,44.0,10
11605,2021-08-26,Grand-Est,44.0,10
11606,2021-08-27,Grand-Est,44.0,5
11607,2021-08-28,Grand-Est,44.0,7
11608,2021-08-29,Grand-Est,44.0,5
11609,2021-08-30,Grand-Est,44.0,10
11610,2021-08-31,Grand-Est,44.0,13
11611,2021-09-01,Grand-Est,44.0,17
11612,2021-09-02,Grand-Est,44.0,2
11613,2021-09-03,Grand-Est,44.0,5
11614,2021-09-04,Grand-Est,44.0,7
11615,2021-09-05,Grand-Est,44.0,4
11616,2021-09-06,Grand-Est,44.0,14
11617,2021-09-07,Grand-Est,44.0,5
11618,2021-09-08,Grand-Est,44.0,7
11619,2021-09-09,Grand-Est,44.0,4
11620,2021-09-10,Grand-Est,44.0,5
11621,2021-09-11,Grand-Est,44.0,5
11622,2021-09-12,Grand-Est,44.0,3
11623,2021-09-13,Grand-Est,44.0,10
11624,2021-09-14,Grand-Est,44.0,14
11625,2021-09-15,Grand-Est,44.0,9
11626,2021-09-16,Grand-Est,44.0,5
11627,2021-09-17,Grand-Est,44.0,7
11628,2021-09-18,Grand-Est,44.0,3
11629,2021-09-19,Grand-Est,44.0,2
11630,2021-09-20,Grand-Est,44.0,9
11631,2021-09-21,Grand-Est,44.0,17
11632,2021-09-22,Grand-Est,44.0,0
11633,2021-09-23,Grand-Est,44.0,3
11634,2021-09-24,Grand-Est,44.0,9
11635,2021-09-25,Grand-Est,44.0,3
11636,2021-09-26,Grand-Est,44.0,1
11637,2021-09-27,Grand-Est,44.0,4
11638,2021-09-28,Grand-Est,44.0,3
11639,2021-09-29,Grand-Est,44.0,3
11640,2021-09-30,Grand-Est,44.0,1
11641,2021-10-01,Grand-Est,44.0,1
11642,2021-10-02,Grand-Est,44.0,2
11643,2021-10-03,Grand-Est,44.0,0
11644,2021-10-04,Grand-Est,44.0,2
11645,2021-10-05,Grand-Est,44.0,2
11646,2021-10-06,Grand-Est,44.0,5
11647,2021-10-07,Grand-Est,44.0,4
11648,2021-10-08,Grand-Est,44.0,5
11649,2021-10-09,Grand-Est,44.0,2
11650,2021-10-10,Grand-Est,44.0,2
11651,2021-10-11,Grand-Est,44.0,7
11652,2021-10-12,Grand-Est,44.0,7
11653,2021-10-13,Grand-Est,44.0,1
11654,2021-10-14,Grand-Est,44.0,5
11655,2021-10-15,Grand-Est,44.0,1
11656,2021-10-16,Grand-Est,44.0,1
11657,2021-10-17,Grand-Est,44.0,2
11658,2021-10-18,Grand-Est,44.0,5
11659,2021-10-19,Grand-Est,44.0,5
11660,2021-10-20,Grand-Est,44.0,0
11661,2021-10-21,Grand-Est,44.0,3
11662,2021-10-22,Grand-Est,44.0,2
11663,2021-10-23,Grand-Est,44.0,2
11664,2021-10-24,Grand-Est,44.0,0
11665,2021-10-25,Grand-Est,44.0,4
11666,2021-10-26,Grand-Est,44.0,6
11667,2021-10-27,Grand-Est,44.0,7
11668,2021-10-28,Grand-Est,44.0,6
11669,2021-10-29,Grand-Est,44.0,7
11670,2021-10-30,Grand-Est,44.0,5
11671,2021-10-31,Grand-Est,44.0,3
11672,2021-11-01,Grand-Est,44.0,3
11673,2021-11-02,Grand-Est,44.0,10
11674,2021-11-03,Grand-Est,44.0,5
11675,2021-11-04,Grand-Est,44.0,7
11676,2021-11-05,Grand-Est,44.0,3
11677,2021-11-06,Grand-Est,44.0,1
11678,2021-11-07,Grand-Est,44.0,2
11679,2021-11-08,Grand-Est,44.0,6
11680,2021-11-09,Grand-Est,44.0,6
11681,2021-11-10,Grand-Est,44.0,14
11682,2021-11-11,Grand-Est,44.0,4
11683,2021-11-12,Grand-Est,44.0,10
11684,2021-11-13,Grand-Est,44.0,4
11685,2021-11-14,Grand-Est,44.0,2
11686,2021-11-15,Grand-Est,44.0,6
11687,2021-11-16,Grand-Est,44.0,13
11688,2021-11-17,Grand-Est,44.0,8
11689,2021-11-18,Grand-Est,44.0,9
11690,2021-11-19,Grand-Est,44.0,16
11691,2021-11-20,Grand-Est,44.0,3
11692,2021-11-21,Grand-Est,44.0,5
11693,2021-11-22,Grand-Est,44.0,16
11694,2021-11-23,Grand-Est,44.0,10
11695,2021-11-24,Grand-Est,44.0,10
11696,2021-11-25,Grand-Est,44.0,18
11697,2021-11-26,Grand-Est,44.0,14
11698,2021-11-27,Grand-Est,44.0,14
11699,2021-11-28,Grand-Est,44.0,3
11700,2021-11-29,Grand-Est,44.0,26
11701,2021-11-30,Grand-Est,44.0,15
11702,2021-12-01,Grand-Est,44.0,20
11703,2021-12-02,Grand-Est,44.0,13
11704,2021-12-03,Grand-Est,44.0,32
11705,2021-12-04,Grand-Est,44.0,12
11706,2021-12-05,Grand-Est,44.0,6
11707,2021-12-06,Grand-Est,44.0,25
11708,2021-12-07,Grand-Est,44.0,36
11709,2021-12-08,Grand-Est,44.0,28
11710,2021-12-09,Grand-Est,44.0,24
11711,2021-12-10,Grand-Est,44.0,15
11712,2021-12-11,Grand-Est,44.0,17
11713,2021-12-12,Grand-Est,44.0,13
11714,2021-12-13,Grand-Est,44.0,41
11715,2021-12-14,Grand-Est,44.0,38
11716,2021-12-15,Grand-Est,44.0,23
11717,2021-12-16,Grand-Est,44.0,26
11718,2021-12-17,Grand-Est,44.0,27
11719,2021-12-18,Grand-Est,44.0,19
11720,2021-12-19,Grand-Est,44.0,9
11721,2021-12-20,Grand-Est,44.0,17
11722,2021-12-21,Grand-Est,44.0,32
11723,2021-12-22,Grand-Est,44.0,23
11724,2021-12-23,Grand-Est,44.0,30
11725,2021-12-24,Grand-Est,44.0,22
11726,2021-12-25,Grand-Est,44.0,21
11727,2021-12-26,Grand-Est,44.0,7
11728,2021-12-27,Grand-Est,44.0,24
11729,2021-12-28,Grand-Est,44.0,34
11730,2021-12-29,Grand-Est,44.0,25
11731,2021-12-30,Grand-Est,44.0,25
11732,2021-12-31,Grand-Est,44.0,25
11733,2022-01-01,Grand-Est,44.0,20
11734,2022-01-02,Grand-Est,44.0,4
11735,2022-01-03,Grand-Est,44.0,25
11736,2022-01-04,Grand-Est,44.0,29
11737,2022-01-05,Grand-Est,44.0,29
11738,2022-01-06,Grand-Est,44.0,34
11739,2022-01-07,Grand-Est,44.0,18
11740,2022-01-08,Grand-Est,44.0,15
11741,2022-01-09,Grand-Est,44.0,11
11742,2022-01-10,Grand-Est,44.0,20
11743,2022-01-11,Grand-Est,44.0,26
11744,2022-01-12,Grand-Est,44.0,23
11745,2022-01-13,Grand-Est,44.0,15
11746,2022-01-14,Grand-Est,44.0,25
11747,2022-01-15,Grand-Est,44.0,7
11748,2022-01-16,Grand-Est,44.0,12
11749,2022-01-17,Grand-Est,44.0,39
11750,2022-01-18,Grand-Est,44.0,22
11751,2022-01-19,Grand-Est,44.0,17
11752,2022-01-20,Grand-Est,44.0,23
11753,2022-01-21,Grand-Est,44.0,26
11754,2022-01-22,Grand-Est,44.0,18
11755,2022-01-23,Grand-Est,44.0,12
11756,2022-01-24,Grand-Est,44.0,19
11757,2022-01-25,Grand-Est,44.0,21
11758,2022-01-26,Grand-Est,44.0,20
11759,2022-01-27,Grand-Est,44.0,19
11760,2022-01-28,Grand-Est,44.0,18
11761,2022-01-29,Grand-Est,44.0,22
11762,2022-01-30,Grand-Est,44.0,11
11763,2022-01-31,Grand-Est,44.0,31
11764,2022-02-01,Grand-Est,44.0,35
11765,2022-02-02,Grand-Est,44.0,23
11766,2022-02-03,Grand-Est,44.0,22
11767,2022-02-04,Grand-Est,44.0,29
11768,2022-02-05,Grand-Est,44.0,19
11769,2022-02-06,Grand-Est,44.0,9
11770,2022-02-07,Grand-Est,44.0,35
11771,2022-02-08,Grand-Est,44.0,16
11772,2022-02-09,Grand-Est,44.0,39
11773,2022-02-10,Grand-Est,44.0,18
11774,2022-02-11,Grand-Est,44.0,16
11775,2022-02-12,Grand-Est,44.0,11
11776,2022-02-13,Grand-Est,44.0,8
11777,2022-02-14,Grand-Est,44.0,34
11778,2022-02-15,Grand-Est,44.0,21
11779,2022-02-16,Grand-Est,44.0,21
11780,2022-02-17,Grand-Est,44.0,27
11781,2022-02-18,Grand-Est,44.0,12
11782,2022-02-19,Grand-Est,44.0,7
11783,2022-02-20,Grand-Est,44.0,3
11784,2022-02-21,Grand-Est,44.0,27
11785,2022-02-22,Grand-Est,44.0,10
11786,2022-02-23,Grand-Est,44.0,22
11787,2022-02-24,Grand-Est,44.0,17
11788,2022-02-25,Grand-Est,44.0,12
11789,2022-02-26,Grand-Est,44.0,5
11790,2022-02-27,Grand-Est,44.0,3
11791,2022-02-28,Grand-Est,44.0,30
11792,2022-03-01,Grand-Est,44.0,21
11793,2022-03-02,Grand-Est,44.0,6
11794,2022-03-03,Grand-Est,44.0,6
11795,2022-03-04,Grand-Est,44.0,4
11796,2022-03-05,Grand-Est,44.0,2
11797,2022-03-06,Grand-Est,44.0,1
11798,2022-03-07,Grand-Est,44.0,15
11799,2022-03-08,Grand-Est,44.0,10
11800,2022-03-09,Grand-Est,44.0,17
11801,2022-03-10,Grand-Est,44.0,13
11802,2022-03-11,Grand-Est,44.0,13
11803,2022-03-12,Grand-Est,44.0,4
11804,2022-03-13,Grand-Est,44.0,3
11805,2022-03-14,Grand-Est,44.0,12
11806,2022-03-15,Grand-Est,44.0,16
11807,2022-03-16,Grand-Est,44.0,6
11808,2022-03-17,Grand-Est,44.0,7
11809,2022-03-18,Grand-Est,44.0,15
11810,2022-03-19,Grand-Est,44.0,7
11811,2022-03-20,Grand-Est,44.0,2
11812,2022-03-21,Grand-Est,44.0,13
11813,2022-03-22,Grand-Est,44.0,27
11814,2022-03-23,Grand-Est,44.0,12
11815,2022-03-24,Grand-Est,44.0,6
11816,2022-03-25,Grand-Est,44.0,19
11817,2022-03-26,Grand-Est,44.0,9
11818,2022-03-27,Grand-Est,44.0,5
11819,2022-03-28,Grand-Est,44.0,12
11820,2022-03-29,Grand-Est,44.0,19
11821,2022-03-30,Grand-Est,44.0,19
11822,2022-03-31,Grand-Est,44.0,15
11823,2022-04-01,Grand-Est,44.0,18
11824,2022-04-02,Grand-Est,44.0,6
11825,2022-04-03,Grand-Est,44.0,3
11826,2022-04-04,Grand-Est,44.0,20
11827,2022-04-05,Grand-Est,44.0,21
11828,2022-04-06,Grand-Est,44.0,18
11829,2022-04-07,Grand-Est,44.0,13
11830,2022-04-08,Grand-Est,44.0,22
11831,2022-04-09,Grand-Est,44.0,0
11832,2022-04-10,Grand-Est,44.0,7
11833,2022-04-11,Grand-Est,44.0,16
11834,2022-04-12,Grand-Est,44.0,25
11835,2022-04-13,Grand-Est,44.0,11
11836,2022-04-14,Grand-Est,44.0,14
11837,2022-04-15,Grand-Est,44.0,10
11838,2022-04-16,Grand-Est,44.0,3
11839,2022-04-17,Grand-Est,44.0,4
11840,2022-04-18,Grand-Est,44.0,3
11841,2022-04-19,Grand-Est,44.0,22
11842,2022-04-20,Grand-Est,44.0,27
11843,2022-04-21,Grand-Est,44.0,20
11844,2022-04-22,Grand-Est,44.0,12
11845,2022-04-23,Grand-Est,44.0,6
11846,2022-04-24,Grand-Est,44.0,1
11847,2022-04-25,Grand-Est,44.0,11
11848,2022-04-26,Grand-Est,44.0,20
11849,2022-04-27,Grand-Est,44.0,13
11850,2022-04-28,Grand-Est,44.0,11
11851,2022-04-29,Grand-Est,44.0,20
11852,2022-04-30,Grand-Est,44.0,2
11853,2022-05-01,Grand-Est,44.0,0
11854,2022-05-02,Grand-Est,44.0,9
11855,2022-05-03,Grand-Est,44.0,14
11856,2022-05-04,Grand-Est,44.0,6
11857,2022-05-05,Grand-Est,44.0,7
11858,2022-05-06,Grand-Est,44.0,7
11859,2022-05-07,Grand-Est,44.0,7
11860,2022-05-08,Grand-Est,44.0,3
11861,2022-05-09,Grand-Est,44.0,13
11862,2022-05-10,Grand-Est,44.0,14
11863,2022-05-11,Grand-Est,44.0,5
11864,2022-05-12,Grand-Est,44.0,5
11865,2022-05-13,Grand-Est,44.0,8
11866,2022-05-14,Grand-Est,44.0,6
11867,2022-05-15,Grand-Est,44.0,0
11868,2022-05-16,Grand-Est,44.0,12
11869,2022-05-17,Grand-Est,44.0,5
11870,2022-05-18,Grand-Est,44.0,4
11871,2022-05-19,Grand-Est,44.0,3
11872,2022-05-20,Grand-Est,44.0,3
11873,2022-05-21,Grand-Est,44.0,3
11874,2022-05-22,Grand-Est,44.0,0
11875,2022-05-23,Grand-Est,44.0,4
11876,2022-05-24,Grand-Est,44.0,9
11877,2022-05-25,Grand-Est,44.0,2
11878,2022-05-26,Grand-Est,44.0,6
11879,2022-05-27,Grand-Est,44.0,3
11880,2022-05-28,Grand-Est,44.0,5
11881,2022-05-29,Grand-Est,44.0,0
11882,2022-05-30,Grand-Est,44.0,7
11883,2022-05-31,Grand-Est,44.0,5
11884,2022-06-01,Grand-Est,44.0,8
11885,2022-06-02,Grand-Est,44.0,7
11886,2022-06-03,Grand-Est,44.0,4
11887,2022-06-04,Grand-Est,44.0,1
11888,2022-06-05,Grand-Est,44.0,0
11889,2022-06-06,Grand-Est,44.0,2
11890,2022-06-07,Grand-Est,44.0,10
11891,2022-06-08,Grand-Est,44.0,13
11892,2022-06-09,Grand-Est,44.0,4
11893,2022-06-10,Grand-Est,44.0,5
11894,2022-06-11,Grand-Est,44.0,3
11895,2022-06-12,Grand-Est,44.0,0
11896,2022-06-13,Grand-Est,44.0,5
11897,2022-06-14,Grand-Est,44.0,1
11898,2022-06-15,Grand-Est,44.0,4
11899,2022-06-16,Grand-Est,44.0,4
11900,2022-06-17,Grand-Est,44.0,7
11901,2022-06-18,Grand-Est,44.0,4
11902,2022-06-19,Grand-Est,44.0,0
11903,2022-06-20,Grand-Est,44.0,10
11904,2022-06-21,Grand-Est,44.0,6
11905,2022-06-22,Grand-Est,44.0,7
11906,2022-06-23,Grand-Est,44.0,4
11907,2022-06-24,Grand-Est,44.0,3
11908,2022-06-25,Grand-Est,44.0,2
11909,2022-06-26,Grand-Est,44.0,0
11910,2022-06-27,Grand-Est,44.0,11
11911,2022-06-28,Grand-Est,44.0,2
11912,2022-06-29,Grand-Est,44.0,3
11913,2022-06-30,Grand-Est,44.0,4
11914,2022-07-01,Grand-Est,44.0,6
11915,2022-07-02,Grand-Est,44.0,0
11916,2022-07-03,Grand-Est,44.0,0
11917,2022-07-04,Grand-Est,44.0,7
11918,2022-07-05,Grand-Est,44.0,9
11919,2022-07-06,Grand-Est,44.0,8
11920,2022-07-07,Grand-Est,44.0,8
11921,2022-07-08,Grand-Est,44.0,3
11922,2022-07-09,Grand-Est,44.0,0
11923,2022-07-10,Grand-Est,44.0,1
11924,2022-07-11,Grand-Est,44.0,14
11925,2022-07-12,Grand-Est,44.0,17
11926,2022-07-13,Grand-Est,44.0,8
11927,2022-07-14,Grand-Est,44.0,0
11928,2022-07-15,Grand-Est,44.0,10
11929,2022-07-16,Grand-Est,44.0,3
11930,2022-07-17,Grand-Est,44.0,0
11931,2022-07-18,Grand-Est,44.0,16
11932,2022-07-19,Grand-Est,44.0,12
11933,2022-07-20,Grand-Est,44.0,14
11934,2022-07-21,Grand-Est,44.0,7
11935,2022-07-22,Grand-Est,44.0,7
11936,2022-07-23,Grand-Est,44.0,8
11937,2022-07-24,Grand-Est,44.0,1
11938,2022-07-25,Grand-Est,44.0,18
11939,2022-07-26,Grand-Est,44.0,20
11940,2022-07-27,Grand-Est,44.0,7
11941,2022-07-28,Grand-Est,44.0,6
11942,2022-07-29,Grand-Est,44.0,12
11943,2022-07-30,Grand-Est,44.0,2
11944,2022-07-31,Grand-Est,44.0,1
11945,2022-08-01,Grand-Est,44.0,14
11946,2022-08-02,Grand-Est,44.0,8
11947,2022-08-03,Grand-Est,44.0,9
11948,2022-08-04,Grand-Est,44.0,7
11949,2022-08-05,Grand-Est,44.0,6
11950,2022-08-06,Grand-Est,44.0,3
11951,2022-08-07,Grand-Est,44.0,0
11952,2022-08-08,Grand-Est,44.0,9
11953,2022-08-09,Grand-Est,44.0,9
11954,2022-08-10,Grand-Est,44.0,5
11955,2022-08-11,Grand-Est,44.0,8
11956,2022-08-12,Grand-Est,44.0,8
11957,2022-08-13,Grand-Est,44.0,6
11958,2022-08-14,Grand-Est,44.0,0
11959,2022-08-15,Grand-Est,44.0,0
11960,2022-08-16,Grand-Est,44.0,10
11961,2022-08-17,Grand-Est,44.0,6
11962,2022-08-18,Grand-Est,44.0,11
11963,2022-08-19,Grand-Est,44.0,5
11964,2022-08-20,Grand-Est,44.0,2
11965,2022-08-21,Grand-Est,44.0,0
11966,2022-08-22,Grand-Est,44.0,4
11967,2022-08-23,Grand-Est,44.0,10
11968,2022-08-24,Grand-Est,44.0,4
11969,2022-08-25,Grand-Est,44.0,6
11970,2022-08-26,Grand-Est,44.0,5
11971,2022-08-27,Grand-Est,44.0,1
11972,2022-08-28,Grand-Est,44.0,0
11973,2022-08-29,Grand-Est,44.0,4
11974,2022-08-30,Grand-Est,44.0,6
11975,2022-08-31,Grand-Est,44.0,9
11976,2022-09-01,Grand-Est,44.0,8
11977,2022-09-02,Grand-Est,44.0,6
11978,2022-09-03,Grand-Est,44.0,5
11979,2022-09-04,Grand-Est,44.0,0
11980,2022-09-05,Grand-Est,44.0,5
11981,2022-09-06,Grand-Est,44.0,2
11982,2022-09-07,Grand-Est,44.0,5
11983,2022-09-08,Grand-Est,44.0,1
11984,2022-09-09,Grand-Est,44.0,2
11985,2022-09-10,Grand-Est,44.0,2
11986,2022-09-11,Grand-Est,44.0,0
11987,2022-09-12,Grand-Est,44.0,7
11988,2022-09-13,Grand-Est,44.0,5
11989,2022-09-14,Grand-Est,44.0,2
11990,2022-09-15,Grand-Est,44.0,5
11991,2022-09-16,Grand-Est,44.0,5
11992,2022-09-17,Grand-Est,44.0,2
11993,2022-09-18,Grand-Est,44.0,0
11994,2022-09-19,Grand-Est,44.0,3
11995,2022-09-20,Grand-Est,44.0,1
11996,2022-09-21,Grand-Est,44.0,3
11997,2022-09-22,Grand-Est,44.0,7
11998,2022-09-23,Grand-Est,44.0,8
11999,2022-09-24,Grand-Est,44.0,1
12000,2022-09-25,Grand-Est,44.0,0
12001,2022-09-26,Grand-Est,44.0,9
12002,2022-09-27,Grand-Est,44.0,4
12003,2022-09-28,Grand-Est,44.0,11
12004,2022-09-29,Grand-Est,44.0,9
12005,2022-09-30,Grand-Est,44.0,2
12006,2022-10-01,Grand-Est,44.0,3
12007,2022-10-02,Grand-Est,44.0,0
12008,2022-10-03,Grand-Est,44.0,10
12009,2022-10-04,Grand-Est,44.0,22
12010,2022-10-05,Grand-Est,44.0,7
12011,2022-10-06,Grand-Est,44.0,15
12012,2022-10-07,Grand-Est,44.0,8
12013,2022-10-08,Grand-Est,44.0,7
12014,2022-10-09,Grand-Est,44.0,1
12015,2022-10-10,Grand-Est,44.0,18
12016,2022-10-11,Grand-Est,44.0,14
12017,2022-10-12,Grand-Est,44.0,5
12018,2022-10-13,Grand-Est,44.0,13
12019,2022-10-14,Grand-Est,44.0,16
12020,2022-10-15,Grand-Est,44.0,4
12021,2022-10-16,Grand-Est,44.0,0
12022,2022-10-17,Grand-Est,44.0,24
12023,2022-10-18,Grand-Est,44.0,25
12024,2022-10-19,Grand-Est,44.0,11
12025,2022-10-20,Grand-Est,44.0,10
12026,2022-10-21,Grand-Est,44.0,9
12027,2022-10-22,Grand-Est,44.0,3
12028,2022-10-23,Grand-Est,44.0,0
12029,2022-10-24,Grand-Est,44.0,9
12030,2022-10-25,Grand-Est,44.0,13
12031,2022-10-26,Grand-Est,44.0,12
12032,2022-10-27,Grand-Est,44.0,12
12033,2022-10-28,Grand-Est,44.0,16
12034,2022-10-29,Grand-Est,44.0,0
12035,2022-10-30,Grand-Est,44.0,0
12036,2022-10-31,Grand-Est,44.0,18
12037,2022-11-01,Grand-Est,44.0,4
12038,2022-11-02,Grand-Est,44.0,18
12039,2022-11-03,Grand-Est,44.0,7
12040,2022-11-04,Grand-Est,44.0,8
12041,2022-11-05,Grand-Est,44.0,3
12042,2022-11-06,Grand-Est,44.0,2
12043,2022-11-07,Grand-Est,44.0,12
12044,2022-11-08,Grand-Est,44.0,7
12045,2022-11-09,Grand-Est,44.0,8
12046,2022-11-10,Grand-Est,44.0,6
12047,2022-11-11,Grand-Est,44.0,2
12048,2022-11-12,Grand-Est,44.0,1
12049,2022-11-13,Grand-Est,44.0,0
12050,2022-11-14,Grand-Est,44.0,12
12051,2022-11-15,Grand-Est,44.0,5
12052,2022-11-16,Grand-Est,44.0,6
12053,2022-11-17,Grand-Est,44.0,5
12054,2022-11-18,Grand-Est,44.0,10
12055,2022-11-19,Grand-Est,44.0,1
12056,2022-11-20,Grand-Est,44.0,2
12057,2022-11-21,Grand-Est,44.0,10
12058,2022-11-22,Grand-Est,44.0,8
12059,2022-11-23,Grand-Est,44.0,11
12060,2022-11-24,Grand-Est,44.0,11
12061,2022-11-25,Grand-Est,44.0,2
12062,2022-11-26,Grand-Est,44.0,1
12063,2022-11-27,Grand-Est,44.0,0
12064,2022-11-28,Grand-Est,44.0,15
12065,2022-11-29,Grand-Est,44.0,13
12066,2022-11-30,Grand-Est,44.0,18
12067,2022-12-01,Grand-Est,44.0,8
12068,2022-12-02,Grand-Est,44.0,5
12069,2022-12-03,Grand-Est,44.0,1
12070,2022-12-04,Grand-Est,44.0,0
12071,2022-12-05,Grand-Est,44.0,10
12072,2022-12-06,Grand-Est,44.0,13
12073,2022-12-07,Grand-Est,44.0,5
12074,2022-12-08,Grand-Est,44.0,24
12075,2022-12-09,Grand-Est,44.0,26
12076,2022-12-10,Grand-Est,44.0,3
12077,2022-12-11,Grand-Est,44.0,1
12078,2022-12-12,Grand-Est,44.0,16
12079,2022-12-13,Grand-Est,44.0,23
12080,2022-12-14,Grand-Est,44.0,14
12081,2022-12-15,Grand-Est,44.0,19
12082,2022-12-16,Grand-Est,44.0,12
12083,2022-12-17,Grand-Est,44.0,3
12084,2022-12-18,Grand-Est,44.0,0
12085,2022-12-19,Grand-Est,44.0,8
12086,2022-12-20,Grand-Est,44.0,14
12087,2022-12-21,Grand-Est,44.0,17
12088,2022-12-22,Grand-Est,44.0,20
12089,2022-12-23,Grand-Est,44.0,14
12090,2022-12-24,Grand-Est,44.0,4
12091,2022-12-25,Grand-Est,44.0,0
12092,2022-12-26,Grand-Est,44.0,4
12093,2022-12-27,Grand-Est,44.0,22
12094,2022-12-28,Grand-Est,44.0,8
12095,2022-12-29,Grand-Est,44.0,5
12096,2022-12-30,Grand-Est,44.0,15
12097,2022-12-31,Grand-Est,44.0,8
12098,2023-01-01,Grand-Est,44.0,0
12099,2023-01-02,Grand-Est,44.0,14
12100,2023-01-03,Grand-Est,44.0,17
12101,2023-01-04,Grand-Est,44.0,12
12102,2023-01-05,Grand-Est,44.0,11
12103,2023-01-06,Grand-Est,44.0,7
12104,2023-01-07,Grand-Est,44.0,2
12105,2023-01-08,Grand-Est,44.0,1
12106,2023-01-09,Grand-Est,44.0,10
12107,2023-01-10,Grand-Est,44.0,9
12108,2023-01-11,Grand-Est,44.0,7
12109,2023-01-12,Grand-Est,44.0,8
12110,2023-01-13,Grand-Est,44.0,4
12111,2023-01-14,Grand-Est,44.0,1
12112,2023-01-15,Grand-Est,44.0,0
12113,2023-01-16,Grand-Est,44.0,8
12114,2023-01-17,Grand-Est,44.0,9
12115,2023-01-18,Grand-Est,44.0,3
12116,2023-01-19,Grand-Est,44.0,6
12117,2023-01-20,Grand-Est,44.0,4
12118,2023-01-21,Grand-Est,44.0,0
12119,2023-01-22,Grand-Est,44.0,1
12120,2023-01-23,Grand-Est,44.0,8
12121,2023-01-24,Grand-Est,44.0,4
12122,2023-01-25,Grand-Est,44.0,3
12123,2023-01-26,Grand-Est,44.0,1
12124,2023-01-27,Grand-Est,44.0,1
12125,2023-01-28,Grand-Est,44.0,1
12126,2023-01-29,Grand-Est,44.0,0
12127,2023-01-30,Grand-Est,44.0,5
12128,2023-01-31,Grand-Est,44.0,1
12129,2023-02-01,Grand-Est,44.0,10
12130,2023-02-02,Grand-Est,44.0,3
12131,2023-02-03,Grand-Est,44.0,4
12132,2023-02-04,Grand-Est,44.0,1
12133,2023-02-05,Grand-Est,44.0,0
12134,2023-02-06,Grand-Est,44.0,2
12135,2023-02-07,Grand-Est,44.0,4
12136,2023-02-08,Grand-Est,44.0,32
12137,2023-02-09,Grand-Est,44.0,0
12138,2023-02-10,Grand-Est,44.0,4
12139,2023-02-11,Grand-Est,44.0,0
12140,2023-02-12,Grand-Est,44.0,0
12141,2023-02-13,Grand-Est,44.0,2
12142,2023-02-14,Grand-Est,44.0,5
12143,2023-02-15,Grand-Est,44.0,5
12144,2023-02-16,Grand-Est,44.0,1
12145,2023-02-17,Grand-Est,44.0,4
12146,2023-02-18,Grand-Est,44.0,1
12147,2023-02-19,Grand-Est,44.0,0
12148,2023-02-20,Grand-Est,44.0,1
12149,2023-02-21,Grand-Est,44.0,2
12150,2023-02-22,Grand-Est,44.0,6
12151,2023-02-23,Grand-Est,44.0,1
12152,2023-02-24,Grand-Est,44.0,3
12153,2023-02-25,Grand-Est,44.0,2
12154,2023-02-26,Grand-Est,44.0,1
12155,2023-02-27,Grand-Est,44.0,2
12156,2023-02-28,Grand-Est,44.0,0
12157,2023-03-01,Grand-Est,44.0,2
12158,2023-03-02,Grand-Est,44.0,1
12159,2023-03-03,Grand-Est,44.0,0
12160,2023-03-04,Grand-Est,44.0,0
12161,2023-03-05,Grand-Est,44.0,2
12162,2023-03-06,Grand-Est,44.0,3
12163,2023-03-07,Grand-Est,44.0,4
12164,2023-03-08,Grand-Est,44.0,9
12165,2023-03-09,Grand-Est,44.0,5
12166,2023-03-10,Grand-Est,44.0,5
12167,2023-03-11,Grand-Est,44.0,0
12168,2023-03-12,Grand-Est,44.0,0
12169,2023-03-13,Grand-Est,44.0,5
12170,2023-03-14,Grand-Est,44.0,3
12171,2023-03-15,Grand-Est,44.0,5
12172,2023-03-16,Grand-Est,44.0,2
12173,2023-03-17,Grand-Est,44.0,7
12174,2023-03-18,Grand-Est,44.0,1
12175,2023-03-19,Grand-Est,44.0,1
12176,2023-03-20,Grand-Est,44.0,5
12177,2023-03-21,Grand-Est,44.0,5
12178,2023-03-22,Grand-Est,44.0,4
12179,2023-03-23,Grand-Est,44.0,6
12180,2023-03-24,Grand-Est,44.0,7
12181,2023-03-25,Grand-Est,44.0,1
12182,2023-03-26,Grand-Est,44.0,0
12183,2023-03-27,Grand-Est,44.0,9
12184,2023-03-28,Grand-Est,44.0,5
12185,2023-03-29,Grand-Est,44.0,3
12186,2023-03-30,Grand-Est,44.0,3
12187,2023-03-31,Grand-Est,44.0,5
12188,2020-03-19,Pays de la Loire,52.0,11
12189,2020-03-20,Pays de la Loire,52.0,3
12190,2020-03-21,Pays de la Loire,52.0,8
12191,2020-03-22,Pays de la Loire,52.0,9
12192,2020-03-23,Pays de la Loire,52.0,11
12193,2020-03-24,Pays de la Loire,52.0,12
12194,2020-03-25,Pays de la Loire,52.0,9
12195,2020-03-26,Pays de la Loire,52.0,17
12196,2020-03-27,Pays de la Loire,52.0,20
12197,2020-03-28,Pays de la Loire,52.0,21
12198,2020-03-29,Pays de la Loire,52.0,9
12199,2020-03-30,Pays de la Loire,52.0,20
12200,2020-03-31,Pays de la Loire,52.0,25
12201,2020-04-01,Pays de la Loire,52.0,20
12202,2020-04-02,Pays de la Loire,52.0,14
12203,2020-04-03,Pays de la Loire,52.0,12
12204,2020-04-04,Pays de la Loire,52.0,8
12205,2020-04-05,Pays de la Loire,52.0,8
12206,2020-04-06,Pays de la Loire,52.0,8
12207,2020-04-07,Pays de la Loire,52.0,8
12208,2020-04-08,Pays de la Loire,52.0,12
12209,2020-04-09,Pays de la Loire,52.0,10
12210,2020-04-10,Pays de la Loire,52.0,10
12211,2020-04-11,Pays de la Loire,52.0,5
12212,2020-04-12,Pays de la Loire,52.0,7
12213,2020-04-13,Pays de la Loire,52.0,2
12214,2020-04-14,Pays de la Loire,52.0,4
12215,2020-04-15,Pays de la Loire,52.0,6
12216,2020-04-16,Pays de la Loire,52.0,1
12217,2020-04-17,Pays de la Loire,52.0,1
12218,2020-04-18,Pays de la Loire,52.0,4
12219,2020-04-19,Pays de la Loire,52.0,1
12220,2020-04-20,Pays de la Loire,52.0,4
12221,2020-04-21,Pays de la Loire,52.0,1
12222,2020-04-22,Pays de la Loire,52.0,1
12223,2020-04-23,Pays de la Loire,52.0,2
12224,2020-04-24,Pays de la Loire,52.0,0
12225,2020-04-25,Pays de la Loire,52.0,2
12226,2020-04-26,Pays de la Loire,52.0,1
12227,2020-04-27,Pays de la Loire,52.0,2
12228,2020-04-28,Pays de la Loire,52.0,0
12229,2020-04-29,Pays de la Loire,52.0,2
12230,2020-04-30,Pays de la Loire,52.0,0
12231,2020-05-01,Pays de la Loire,52.0,0
12232,2020-05-02,Pays de la Loire,52.0,3
12233,2020-05-03,Pays de la Loire,52.0,5
12234,2020-05-04,Pays de la Loire,52.0,0
12235,2020-05-05,Pays de la Loire,52.0,6
12236,2020-05-06,Pays de la Loire,52.0,0
12237,2020-05-07,Pays de la Loire,52.0,1
12238,2020-05-08,Pays de la Loire,52.0,2
12239,2020-05-09,Pays de la Loire,52.0,0
12240,2020-05-10,Pays de la Loire,52.0,0
12241,2020-05-11,Pays de la Loire,52.0,1
12242,2020-05-12,Pays de la Loire,52.0,0
12243,2020-05-13,Pays de la Loire,52.0,2
12244,2020-05-14,Pays de la Loire,52.0,0
12245,2020-05-15,Pays de la Loire,52.0,3
12246,2020-05-16,Pays de la Loire,52.0,1
12247,2020-05-17,Pays de la Loire,52.0,0
12248,2020-05-18,Pays de la Loire,52.0,1
12249,2020-05-19,Pays de la Loire,52.0,4
12250,2020-05-20,Pays de la Loire,52.0,1
12251,2020-05-21,Pays de la Loire,52.0,0
12252,2020-05-22,Pays de la Loire,52.0,1
12253,2020-05-23,Pays de la Loire,52.0,0
12254,2020-05-24,Pays de la Loire,52.0,1
12255,2020-05-25,Pays de la Loire,52.0,2
12256,2020-05-26,Pays de la Loire,52.0,1
12257,2020-05-27,Pays de la Loire,52.0,1
12258,2020-05-28,Pays de la Loire,52.0,1
12259,2020-05-29,Pays de la Loire,52.0,0
12260,2020-05-30,Pays de la Loire,52.0,0
12261,2020-05-31,Pays de la Loire,52.0,0
12262,2020-06-01,Pays de la Loire,52.0,1
12263,2020-06-02,Pays de la Loire,52.0,2
12264,2020-06-03,Pays de la Loire,52.0,0
12265,2020-06-04,Pays de la Loire,52.0,1
12266,2020-06-05,Pays de la Loire,52.0,1
12267,2020-06-06,Pays de la Loire,52.0,1
12268,2020-06-07,Pays de la Loire,52.0,1
12269,2020-06-08,Pays de la Loire,52.0,1
12270,2020-06-09,Pays de la Loire,52.0,0
12271,2020-06-10,Pays de la Loire,52.0,0
12272,2020-06-11,Pays de la Loire,52.0,1
12273,2020-06-12,Pays de la Loire,52.0,1
12274,2020-06-13,Pays de la Loire,52.0,2
12275,2020-06-14,Pays de la Loire,52.0,0
12276,2020-06-15,Pays de la Loire,52.0,0
12277,2020-06-16,Pays de la Loire,52.0,0
12278,2020-06-17,Pays de la Loire,52.0,2
12279,2020-06-18,Pays de la Loire,52.0,0
12280,2020-06-19,Pays de la Loire,52.0,0
12281,2020-06-20,Pays de la Loire,52.0,0
12282,2020-06-21,Pays de la Loire,52.0,0
12283,2020-06-22,Pays de la Loire,52.0,2
12284,2020-06-23,Pays de la Loire,52.0,1
12285,2020-06-24,Pays de la Loire,52.0,0
12286,2020-06-25,Pays de la Loire,52.0,0
12287,2020-06-26,Pays de la Loire,52.0,0
12288,2020-06-27,Pays de la Loire,52.0,0
12289,2020-06-28,Pays de la Loire,52.0,0
12290,2020-06-29,Pays de la Loire,52.0,0
12291,2020-06-30,Pays de la Loire,52.0,0
12292,2020-07-01,Pays de la Loire,52.0,0
12293,2020-07-02,Pays de la Loire,52.0,0
12294,2020-07-03,Pays de la Loire,52.0,1
12295,2020-07-04,Pays de la Loire,52.0,0
12296,2020-07-05,Pays de la Loire,52.0,0
12297,2020-07-06,Pays de la Loire,52.0,0
12298,2020-07-07,Pays de la Loire,52.0,0
12299,2020-07-08,Pays de la Loire,52.0,2
12300,2020-07-09,Pays de la Loire,52.0,0
12301,2020-07-10,Pays de la Loire,52.0,0
12302,2020-07-11,Pays de la Loire,52.0,0
12303,2020-07-12,Pays de la Loire,52.0,1
12304,2020-07-13,Pays de la Loire,52.0,0
12305,2020-07-14,Pays de la Loire,52.0,0
12306,2020-07-15,Pays de la Loire,52.0,1
12307,2020-07-16,Pays de la Loire,52.0,0
12308,2020-07-17,Pays de la Loire,52.0,1
12309,2020-07-18,Pays de la Loire,52.0,0
12310,2020-07-19,Pays de la Loire,52.0,0
12311,2020-07-20,Pays de la Loire,52.0,1
12312,2020-07-21,Pays de la Loire,52.0,2
12313,2020-07-22,Pays de la Loire,52.0,1
12314,2020-07-23,Pays de la Loire,52.0,1
12315,2020-07-24,Pays de la Loire,52.0,0
12316,2020-07-25,Pays de la Loire,52.0,1
12317,2020-07-26,Pays de la Loire,52.0,0
12318,2020-07-27,Pays de la Loire,52.0,0
12319,2020-07-28,Pays de la Loire,52.0,0
12320,2020-07-29,Pays de la Loire,52.0,0
12321,2020-07-30,Pays de la Loire,52.0,0
12322,2020-07-31,Pays de la Loire,52.0,1
12323,2020-08-01,Pays de la Loire,52.0,0
12324,2020-08-02,Pays de la Loire,52.0,0
12325,2020-08-03,Pays de la Loire,52.0,8
12326,2020-08-04,Pays de la Loire,52.0,0
12327,2020-08-05,Pays de la Loire,52.0,0
12328,2020-08-06,Pays de la Loire,52.0,4
12329,2020-08-07,Pays de la Loire,52.0,0
12330,2020-08-08,Pays de la Loire,52.0,0
12331,2020-08-09,Pays de la Loire,52.0,0
12332,2020-08-10,Pays de la Loire,52.0,6
12333,2020-08-11,Pays de la Loire,52.0,3
12334,2020-08-12,Pays de la Loire,52.0,0
12335,2020-08-13,Pays de la Loire,52.0,4
12336,2020-08-14,Pays de la Loire,52.0,0
12337,2020-08-15,Pays de la Loire,52.0,0
12338,2020-08-16,Pays de la Loire,52.0,0
12339,2020-08-17,Pays de la Loire,52.0,1
12340,2020-08-18,Pays de la Loire,52.0,1
12341,2020-08-19,Pays de la Loire,52.0,1
12342,2020-08-20,Pays de la Loire,52.0,0
12343,2020-08-21,Pays de la Loire,52.0,2
12344,2020-08-22,Pays de la Loire,52.0,0
12345,2020-08-23,Pays de la Loire,52.0,1
12346,2020-08-24,Pays de la Loire,52.0,1
12347,2020-08-25,Pays de la Loire,52.0,2
12348,2020-08-26,Pays de la Loire,52.0,1
12349,2020-08-27,Pays de la Loire,52.0,1
12350,2020-08-28,Pays de la Loire,52.0,0
12351,2020-08-29,Pays de la Loire,52.0,0
12352,2020-08-30,Pays de la Loire,52.0,0
12353,2020-08-31,Pays de la Loire,52.0,3
12354,2020-09-01,Pays de la Loire,52.0,2
12355,2020-09-02,Pays de la Loire,52.0,3
12356,2020-09-03,Pays de la Loire,52.0,1
12357,2020-09-04,Pays de la Loire,52.0,0
12358,2020-09-05,Pays de la Loire,52.0,1
12359,2020-09-06,Pays de la Loire,52.0,1
12360,2020-09-07,Pays de la Loire,52.0,4
12361,2020-09-08,Pays de la Loire,52.0,2
12362,2020-09-09,Pays de la Loire,52.0,2
12363,2020-09-10,Pays de la Loire,52.0,0
12364,2020-09-11,Pays de la Loire,52.0,1
12365,2020-09-12,Pays de la Loire,52.0,1
12366,2020-09-13,Pays de la Loire,52.0,0
12367,2020-09-14,Pays de la Loire,52.0,5
12368,2020-09-15,Pays de la Loire,52.0,0
12369,2020-09-16,Pays de la Loire,52.0,4
12370,2020-09-17,Pays de la Loire,52.0,3
12371,2020-09-18,Pays de la Loire,52.0,1
12372,2020-09-19,Pays de la Loire,52.0,1
12373,2020-09-20,Pays de la Loire,52.0,0
12374,2020-09-21,Pays de la Loire,52.0,8
12375,2020-09-22,Pays de la Loire,52.0,2
12376,2020-09-23,Pays de la Loire,52.0,4
12377,2020-09-24,Pays de la Loire,52.0,5
12378,2020-09-25,Pays de la Loire,52.0,4
12379,2020-09-26,Pays de la Loire,52.0,2
12380,2020-09-27,Pays de la Loire,52.0,0
12381,2020-09-28,Pays de la Loire,52.0,4
12382,2020-09-29,Pays de la Loire,52.0,2
12383,2020-09-30,Pays de la Loire,52.0,5
12384,2020-10-01,Pays de la Loire,52.0,3
12385,2020-10-02,Pays de la Loire,52.0,0
12386,2020-10-03,Pays de la Loire,52.0,4
12387,2020-10-04,Pays de la Loire,52.0,2
12388,2020-10-05,Pays de la Loire,52.0,4
12389,2020-10-06,Pays de la Loire,52.0,0
12390,2020-10-07,Pays de la Loire,52.0,2
12391,2020-10-08,Pays de la Loire,52.0,5
12392,2020-10-09,Pays de la Loire,52.0,1
12393,2020-10-10,Pays de la Loire,52.0,2
12394,2020-10-11,Pays de la Loire,52.0,0
12395,2020-10-12,Pays de la Loire,52.0,8
12396,2020-10-13,Pays de la Loire,52.0,7
12397,2020-10-14,Pays de la Loire,52.0,6
12398,2020-10-15,Pays de la Loire,52.0,8
12399,2020-10-16,Pays de la Loire,52.0,10
12400,2020-10-17,Pays de la Loire,52.0,4
12401,2020-10-18,Pays de la Loire,52.0,11
12402,2020-10-19,Pays de la Loire,52.0,11
12403,2020-10-20,Pays de la Loire,52.0,11
12404,2020-10-21,Pays de la Loire,52.0,6
12405,2020-10-22,Pays de la Loire,52.0,3
12406,2020-10-23,Pays de la Loire,52.0,10
12407,2020-10-24,Pays de la Loire,52.0,5
12408,2020-10-25,Pays de la Loire,52.0,6
12409,2020-10-26,Pays de la Loire,52.0,17
12410,2020-10-27,Pays de la Loire,52.0,15
12411,2020-10-28,Pays de la Loire,52.0,14
12412,2020-10-29,Pays de la Loire,52.0,15
12413,2020-10-30,Pays de la Loire,52.0,10
12414,2020-10-31,Pays de la Loire,52.0,11
12415,2020-11-01,Pays de la Loire,52.0,8
12416,2020-11-02,Pays de la Loire,52.0,23
12417,2020-11-03,Pays de la Loire,52.0,12
12418,2020-11-04,Pays de la Loire,52.0,16
12419,2020-11-05,Pays de la Loire,52.0,14
12420,2020-11-06,Pays de la Loire,52.0,16
12421,2020-11-07,Pays de la Loire,52.0,15
12422,2020-11-08,Pays de la Loire,52.0,3
12423,2020-11-09,Pays de la Loire,52.0,22
12424,2020-11-10,Pays de la Loire,52.0,19
12425,2020-11-11,Pays de la Loire,52.0,10
12426,2020-11-12,Pays de la Loire,52.0,11
12427,2020-11-13,Pays de la Loire,52.0,15
12428,2020-11-14,Pays de la Loire,52.0,8
12429,2020-11-15,Pays de la Loire,52.0,10
12430,2020-11-16,Pays de la Loire,52.0,10
12431,2020-11-17,Pays de la Loire,52.0,10
12432,2020-11-18,Pays de la Loire,52.0,11
12433,2020-11-19,Pays de la Loire,52.0,6
12434,2020-11-20,Pays de la Loire,52.0,7
12435,2020-11-21,Pays de la Loire,52.0,7
12436,2020-11-22,Pays de la Loire,52.0,5
12437,2020-11-23,Pays de la Loire,52.0,12
12438,2020-11-24,Pays de la Loire,52.0,13
12439,2020-11-25,Pays de la Loire,52.0,6
12440,2020-11-26,Pays de la Loire,52.0,3
12441,2020-11-27,Pays de la Loire,52.0,8
12442,2020-11-28,Pays de la Loire,52.0,2
12443,2020-11-29,Pays de la Loire,52.0,4
12444,2020-11-30,Pays de la Loire,52.0,2
12445,2020-12-01,Pays de la Loire,52.0,4
12446,2020-12-02,Pays de la Loire,52.0,4
12447,2020-12-03,Pays de la Loire,52.0,6
12448,2020-12-04,Pays de la Loire,52.0,3
12449,2020-12-05,Pays de la Loire,52.0,3
12450,2020-12-06,Pays de la Loire,52.0,2
12451,2020-12-07,Pays de la Loire,52.0,3
12452,2020-12-08,Pays de la Loire,52.0,7
12453,2020-12-09,Pays de la Loire,52.0,7
12454,2020-12-10,Pays de la Loire,52.0,0
12455,2020-12-11,Pays de la Loire,52.0,5
12456,2020-12-12,Pays de la Loire,52.0,2
12457,2020-12-13,Pays de la Loire,52.0,2
12458,2020-12-14,Pays de la Loire,52.0,9
12459,2020-12-15,Pays de la Loire,52.0,7
12460,2020-12-16,Pays de la Loire,52.0,4
12461,2020-12-17,Pays de la Loire,52.0,4
12462,2020-12-18,Pays de la Loire,52.0,4
12463,2020-12-19,Pays de la Loire,52.0,5
12464,2020-12-20,Pays de la Loire,52.0,4
12465,2020-12-21,Pays de la Loire,52.0,8
12466,2020-12-22,Pays de la Loire,52.0,8
12467,2020-12-23,Pays de la Loire,52.0,8
12468,2020-12-24,Pays de la Loire,52.0,4
12469,2020-12-25,Pays de la Loire,52.0,0
12470,2020-12-26,Pays de la Loire,52.0,5
12471,2020-12-27,Pays de la Loire,52.0,6
12472,2020-12-28,Pays de la Loire,52.0,7
12473,2020-12-29,Pays de la Loire,52.0,10
12474,2020-12-30,Pays de la Loire,52.0,7
12475,2020-12-31,Pays de la Loire,52.0,5
12476,2021-01-01,Pays de la Loire,52.0,3
12477,2021-01-02,Pays de la Loire,52.0,5
12478,2021-01-03,Pays de la Loire,52.0,5
12479,2021-01-04,Pays de la Loire,52.0,7
12480,2021-01-05,Pays de la Loire,52.0,6
12481,2021-01-06,Pays de la Loire,52.0,9
12482,2021-01-07,Pays de la Loire,52.0,2
12483,2021-01-08,Pays de la Loire,52.0,9
12484,2021-01-09,Pays de la Loire,52.0,7
12485,2021-01-10,Pays de la Loire,52.0,6
12486,2021-01-11,Pays de la Loire,52.0,6
12487,2021-01-12,Pays de la Loire,52.0,10
12488,2021-01-13,Pays de la Loire,52.0,3
12489,2021-01-14,Pays de la Loire,52.0,9
12490,2021-01-15,Pays de la Loire,52.0,9
12491,2021-01-16,Pays de la Loire,52.0,9
12492,2021-01-17,Pays de la Loire,52.0,3
12493,2021-01-18,Pays de la Loire,52.0,10
12494,2021-01-19,Pays de la Loire,52.0,9
12495,2021-01-20,Pays de la Loire,52.0,8
12496,2021-01-21,Pays de la Loire,52.0,20
12497,2021-01-22,Pays de la Loire,52.0,11
12498,2021-01-23,Pays de la Loire,52.0,8
12499,2021-01-24,Pays de la Loire,52.0,4
12500,2021-01-25,Pays de la Loire,52.0,12
12501,2021-01-26,Pays de la Loire,52.0,11
12502,2021-01-27,Pays de la Loire,52.0,12
12503,2021-01-28,Pays de la Loire,52.0,2
12504,2021-01-29,Pays de la Loire,52.0,7
12505,2021-01-30,Pays de la Loire,52.0,5
12506,2021-01-31,Pays de la Loire,52.0,9
12507,2021-02-01,Pays de la Loire,52.0,6
12508,2021-02-02,Pays de la Loire,52.0,11
12509,2021-02-03,Pays de la Loire,52.0,12
12510,2021-02-04,Pays de la Loire,52.0,6
12511,2021-02-05,Pays de la Loire,52.0,11
12512,2021-02-06,Pays de la Loire,52.0,3
12513,2021-02-07,Pays de la Loire,52.0,6
12514,2021-02-08,Pays de la Loire,52.0,9
12515,2021-02-09,Pays de la Loire,52.0,7
12516,2021-02-10,Pays de la Loire,52.0,7
12517,2021-02-11,Pays de la Loire,52.0,5
12518,2021-02-12,Pays de la Loire,52.0,7
12519,2021-02-13,Pays de la Loire,52.0,8
12520,2021-02-14,Pays de la Loire,52.0,5
12521,2021-02-15,Pays de la Loire,52.0,7
12522,2021-02-16,Pays de la Loire,52.0,6
12523,2021-02-17,Pays de la Loire,52.0,4
12524,2021-02-18,Pays de la Loire,52.0,4
12525,2021-02-19,Pays de la Loire,52.0,12
12526,2021-02-20,Pays de la Loire,52.0,8
12527,2021-02-21,Pays de la Loire,52.0,5
12528,2021-02-22,Pays de la Loire,52.0,7
12529,2021-02-23,Pays de la Loire,52.0,6
12530,2021-02-24,Pays de la Loire,52.0,5
12531,2021-02-25,Pays de la Loire,52.0,3
12532,2021-02-26,Pays de la Loire,52.0,7
12533,2021-02-27,Pays de la Loire,52.0,5
12534,2021-02-28,Pays de la Loire,52.0,4
12535,2021-03-01,Pays de la Loire,52.0,8
12536,2021-03-02,Pays de la Loire,52.0,7
12537,2021-03-03,Pays de la Loire,52.0,7
12538,2021-03-04,Pays de la Loire,52.0,5
12539,2021-03-05,Pays de la Loire,52.0,10
12540,2021-03-06,Pays de la Loire,52.0,10
12541,2021-03-07,Pays de la Loire,52.0,4
12542,2021-03-08,Pays de la Loire,52.0,8
12543,2021-03-09,Pays de la Loire,52.0,9
12544,2021-03-10,Pays de la Loire,52.0,8
12545,2021-03-11,Pays de la Loire,52.0,10
12546,2021-03-12,Pays de la Loire,52.0,9
12547,2021-03-13,Pays de la Loire,52.0,6
12548,2021-03-14,Pays de la Loire,52.0,2
12549,2021-03-15,Pays de la Loire,52.0,14
12550,2021-03-16,Pays de la Loire,52.0,14
12551,2021-03-17,Pays de la Loire,52.0,9
12552,2021-03-18,Pays de la Loire,52.0,6
12553,2021-03-19,Pays de la Loire,52.0,7
12554,2021-03-20,Pays de la Loire,52.0,10
12555,2021-03-21,Pays de la Loire,52.0,3
12556,2021-03-22,Pays de la Loire,52.0,12
12557,2021-03-23,Pays de la Loire,52.0,13
12558,2021-03-24,Pays de la Loire,52.0,11
12559,2021-03-25,Pays de la Loire,52.0,20
12560,2021-03-26,Pays de la Loire,52.0,14
12561,2021-03-27,Pays de la Loire,52.0,13
12562,2021-03-28,Pays de la Loire,52.0,9
12563,2021-03-29,Pays de la Loire,52.0,14
12564,2021-03-30,Pays de la Loire,52.0,19
12565,2021-03-31,Pays de la Loire,52.0,11
12566,2021-04-01,Pays de la Loire,52.0,19
12567,2021-04-02,Pays de la Loire,52.0,9
12568,2021-04-03,Pays de la Loire,52.0,12
12569,2021-04-04,Pays de la Loire,52.0,7
12570,2021-04-05,Pays de la Loire,52.0,8
12571,2021-04-06,Pays de la Loire,52.0,18
12572,2021-04-07,Pays de la Loire,52.0,18
12573,2021-04-08,Pays de la Loire,52.0,10
12574,2021-04-09,Pays de la Loire,52.0,16
12575,2021-04-10,Pays de la Loire,52.0,10
12576,2021-04-11,Pays de la Loire,52.0,13
12577,2021-04-12,Pays de la Loire,52.0,17
12578,2021-04-13,Pays de la Loire,52.0,7
12579,2021-04-14,Pays de la Loire,52.0,15
12580,2021-04-15,Pays de la Loire,52.0,14
12581,2021-04-16,Pays de la Loire,52.0,7
12582,2021-04-17,Pays de la Loire,52.0,17
12583,2021-04-18,Pays de la Loire,52.0,8
12584,2021-04-19,Pays de la Loire,52.0,16
12585,2021-04-20,Pays de la Loire,52.0,17
12586,2021-04-21,Pays de la Loire,52.0,17
12587,2021-04-22,Pays de la Loire,52.0,14
12588,2021-04-23,Pays de la Loire,52.0,19
12589,2021-04-24,Pays de la Loire,52.0,9
12590,2021-04-25,Pays de la Loire,52.0,10
12591,2021-04-26,Pays de la Loire,52.0,8
12592,2021-04-27,Pays de la Loire,52.0,17
12593,2021-04-28,Pays de la Loire,52.0,14
12594,2021-04-29,Pays de la Loire,52.0,15
12595,2021-04-30,Pays de la Loire,52.0,8
12596,2021-05-01,Pays de la Loire,52.0,13
12597,2021-05-02,Pays de la Loire,52.0,6
12598,2021-05-03,Pays de la Loire,52.0,4
12599,2021-05-04,Pays de la Loire,52.0,10
12600,2021-05-05,Pays de la Loire,52.0,5
12601,2021-05-06,Pays de la Loire,52.0,14
12602,2021-05-07,Pays de la Loire,52.0,6
12603,2021-05-08,Pays de la Loire,52.0,7
12604,2021-05-09,Pays de la Loire,52.0,8
12605,2021-05-10,Pays de la Loire,52.0,9
12606,2021-05-11,Pays de la Loire,52.0,9
12607,2021-05-12,Pays de la Loire,52.0,5
12608,2021-05-13,Pays de la Loire,52.0,2
12609,2021-05-14,Pays de la Loire,52.0,4
12610,2021-05-15,Pays de la Loire,52.0,6
12611,2021-05-16,Pays de la Loire,52.0,8
12612,2021-05-17,Pays de la Loire,52.0,11
12613,2021-05-18,Pays de la Loire,52.0,8
12614,2021-05-19,Pays de la Loire,52.0,3
12615,2021-05-20,Pays de la Loire,52.0,4
12616,2021-05-21,Pays de la Loire,52.0,1
12617,2021-05-22,Pays de la Loire,52.0,2
12618,2021-05-23,Pays de la Loire,52.0,1
12619,2021-05-24,Pays de la Loire,52.0,3
12620,2021-05-25,Pays de la Loire,52.0,8
12621,2021-05-26,Pays de la Loire,52.0,5
12622,2021-05-27,Pays de la Loire,52.0,4
12623,2021-05-28,Pays de la Loire,52.0,3
12624,2021-05-29,Pays de la Loire,52.0,6
12625,2021-05-30,Pays de la Loire,52.0,2
12626,2021-05-31,Pays de la Loire,52.0,4
12627,2021-06-01,Pays de la Loire,52.0,6
12628,2021-06-02,Pays de la Loire,52.0,3
12629,2021-06-03,Pays de la Loire,52.0,2
12630,2021-06-04,Pays de la Loire,52.0,1
12631,2021-06-05,Pays de la Loire,52.0,3
12632,2021-06-06,Pays de la Loire,52.0,2
12633,2021-06-07,Pays de la Loire,52.0,4
12634,2021-06-08,Pays de la Loire,52.0,4
12635,2021-06-09,Pays de la Loire,52.0,3
12636,2021-06-10,Pays de la Loire,52.0,1
12637,2021-06-11,Pays de la Loire,52.0,2
12638,2021-06-12,Pays de la Loire,52.0,1
12639,2021-06-13,Pays de la Loire,52.0,0
12640,2021-06-14,Pays de la Loire,52.0,2
12641,2021-06-15,Pays de la Loire,52.0,4
12642,2021-06-16,Pays de la Loire,52.0,2
12643,2021-06-17,Pays de la Loire,52.0,0
12644,2021-06-18,Pays de la Loire,52.0,1
12645,2021-06-19,Pays de la Loire,52.0,0
12646,2021-06-20,Pays de la Loire,52.0,1
12647,2021-06-21,Pays de la Loire,52.0,0
12648,2021-06-22,Pays de la Loire,52.0,3
12649,2021-06-23,Pays de la Loire,52.0,2
12650,2021-06-24,Pays de la Loire,52.0,0
12651,2021-06-25,Pays de la Loire,52.0,0
12652,2021-06-26,Pays de la Loire,52.0,1
12653,2021-06-27,Pays de la Loire,52.0,0
12654,2021-06-28,Pays de la Loire,52.0,0
12655,2021-06-29,Pays de la Loire,52.0,2
12656,2021-06-30,Pays de la Loire,52.0,0
12657,2021-07-01,Pays de la Loire,52.0,1
12658,2021-07-02,Pays de la Loire,52.0,0
12659,2021-07-03,Pays de la Loire,52.0,0
12660,2021-07-04,Pays de la Loire,52.0,0
12661,2021-07-05,Pays de la Loire,52.0,1
12662,2021-07-06,Pays de la Loire,52.0,0
12663,2021-07-07,Pays de la Loire,52.0,0
12664,2021-07-08,Pays de la Loire,52.0,0
12665,2021-07-09,Pays de la Loire,52.0,0
12666,2021-07-10,Pays de la Loire,52.0,0
12667,2021-07-11,Pays de la Loire,52.0,0
12668,2021-07-12,Pays de la Loire,52.0,2
12669,2021-07-13,Pays de la Loire,52.0,1
12670,2021-07-14,Pays de la Loire,52.0,1
12671,2021-07-15,Pays de la Loire,52.0,0
12672,2021-07-16,Pays de la Loire,52.0,1
12673,2021-07-17,Pays de la Loire,52.0,1
12674,2021-07-18,Pays de la Loire,52.0,0
12675,2021-07-19,Pays de la Loire,52.0,2
12676,2021-07-20,Pays de la Loire,52.0,0
12677,2021-07-21,Pays de la Loire,52.0,3
12678,2021-07-22,Pays de la Loire,52.0,0
12679,2021-07-23,Pays de la Loire,52.0,1
12680,2021-07-24,Pays de la Loire,52.0,0
12681,2021-07-25,Pays de la Loire,52.0,0
12682,2021-07-26,Pays de la Loire,52.0,4
12683,2021-07-27,Pays de la Loire,52.0,5
12684,2021-07-28,Pays de la Loire,52.0,1
12685,2021-07-29,Pays de la Loire,52.0,2
12686,2021-07-30,Pays de la Loire,52.0,2
12687,2021-07-31,Pays de la Loire,52.0,1
12688,2021-08-01,Pays de la Loire,52.0,1
12689,2021-08-02,Pays de la Loire,52.0,6
12690,2021-08-03,Pays de la Loire,52.0,7
12691,2021-08-04,Pays de la Loire,52.0,3
12692,2021-08-05,Pays de la Loire,52.0,5
12693,2021-08-06,Pays de la Loire,52.0,3
12694,2021-08-07,Pays de la Loire,52.0,1
12695,2021-08-08,Pays de la Loire,52.0,3
12696,2021-08-09,Pays de la Loire,52.0,5
12697,2021-08-10,Pays de la Loire,52.0,10
12698,2021-08-11,Pays de la Loire,52.0,5
12699,2021-08-12,Pays de la Loire,52.0,2
12700,2021-08-13,Pays de la Loire,52.0,9
12701,2021-08-14,Pays de la Loire,52.0,1
12702,2021-08-15,Pays de la Loire,52.0,6
12703,2021-08-16,Pays de la Loire,52.0,3
12704,2021-08-17,Pays de la Loire,52.0,8
12705,2021-08-18,Pays de la Loire,52.0,8
12706,2021-08-19,Pays de la Loire,52.0,1
12707,2021-08-20,Pays de la Loire,52.0,7
12708,2021-08-21,Pays de la Loire,52.0,7
12709,2021-08-22,Pays de la Loire,52.0,5
12710,2021-08-23,Pays de la Loire,52.0,2
12711,2021-08-24,Pays de la Loire,52.0,7
12712,2021-08-25,Pays de la Loire,52.0,5
12713,2021-08-26,Pays de la Loire,52.0,4
12714,2021-08-27,Pays de la Loire,52.0,5
12715,2021-08-28,Pays de la Loire,52.0,2
12716,2021-08-29,Pays de la Loire,52.0,2
12717,2021-08-30,Pays de la Loire,52.0,0
12718,2021-08-31,Pays de la Loire,52.0,4
12719,2021-09-01,Pays de la Loire,52.0,4
12720,2021-09-02,Pays de la Loire,52.0,3
12721,2021-09-03,Pays de la Loire,52.0,1
12722,2021-09-04,Pays de la Loire,52.0,5
12723,2021-09-05,Pays de la Loire,52.0,2
12724,2021-09-06,Pays de la Loire,52.0,6
12725,2021-09-07,Pays de la Loire,52.0,1
12726,2021-09-08,Pays de la Loire,52.0,4
12727,2021-09-09,Pays de la Loire,52.0,4
12728,2021-09-10,Pays de la Loire,52.0,2
12729,2021-09-11,Pays de la Loire,52.0,5
12730,2021-09-12,Pays de la Loire,52.0,0
12731,2021-09-13,Pays de la Loire,52.0,2
12732,2021-09-14,Pays de la Loire,52.0,2
12733,2021-09-15,Pays de la Loire,52.0,1
12734,2021-09-16,Pays de la Loire,52.0,1
12735,2021-09-17,Pays de la Loire,52.0,0
12736,2021-09-18,Pays de la Loire,52.0,1
12737,2021-09-19,Pays de la Loire,52.0,1
12738,2021-09-20,Pays de la Loire,52.0,2
12739,2021-09-21,Pays de la Loire,52.0,2
12740,2021-09-22,Pays de la Loire,52.0,1
12741,2021-09-23,Pays de la Loire,52.0,0
12742,2021-09-24,Pays de la Loire,52.0,3
12743,2021-09-25,Pays de la Loire,52.0,0
12744,2021-09-26,Pays de la Loire,52.0,0
12745,2021-09-27,Pays de la Loire,52.0,4
12746,2021-09-28,Pays de la Loire,52.0,3
12747,2021-09-29,Pays de la Loire,52.0,2
12748,2021-09-30,Pays de la Loire,52.0,4
12749,2021-10-01,Pays de la Loire,52.0,2
12750,2021-10-02,Pays de la Loire,52.0,1
12751,2021-10-03,Pays de la Loire,52.0,0
12752,2021-10-04,Pays de la Loire,52.0,3
12753,2021-10-05,Pays de la Loire,52.0,6
12754,2021-10-06,Pays de la Loire,52.0,1
12755,2021-10-07,Pays de la Loire,52.0,2
12756,2021-10-08,Pays de la Loire,52.0,1
12757,2021-10-09,Pays de la Loire,52.0,1
12758,2021-10-10,Pays de la Loire,52.0,2
12759,2021-10-11,Pays de la Loire,52.0,4
12760,2021-10-12,Pays de la Loire,52.0,4
12761,2021-10-13,Pays de la Loire,52.0,1
12762,2021-10-14,Pays de la Loire,52.0,3
12763,2021-10-15,Pays de la Loire,52.0,5
12764,2021-10-16,Pays de la Loire,52.0,3
12765,2021-10-17,Pays de la Loire,52.0,1
12766,2021-10-18,Pays de la Loire,52.0,4
12767,2021-10-19,Pays de la Loire,52.0,3
12768,2021-10-20,Pays de la Loire,52.0,4
12769,2021-10-21,Pays de la Loire,52.0,6
12770,2021-10-22,Pays de la Loire,52.0,7
12771,2021-10-23,Pays de la Loire,52.0,0
12772,2021-10-24,Pays de la Loire,52.0,1
12773,2021-10-25,Pays de la Loire,52.0,3
12774,2021-10-26,Pays de la Loire,52.0,10
12775,2021-10-27,Pays de la Loire,52.0,2
12776,2021-10-28,Pays de la Loire,52.0,5
12777,2021-10-29,Pays de la Loire,52.0,4
12778,2021-10-30,Pays de la Loire,52.0,3
12779,2021-10-31,Pays de la Loire,52.0,0
12780,2021-11-01,Pays de la Loire,52.0,2
12781,2021-11-02,Pays de la Loire,52.0,3
12782,2021-11-03,Pays de la Loire,52.0,6
12783,2021-11-04,Pays de la Loire,52.0,4
12784,2021-11-05,Pays de la Loire,52.0,6
12785,2021-11-06,Pays de la Loire,52.0,9
12786,2021-11-07,Pays de la Loire,52.0,1
12787,2021-11-08,Pays de la Loire,52.0,6
12788,2021-11-09,Pays de la Loire,52.0,9
12789,2021-11-10,Pays de la Loire,52.0,12
12790,2021-11-11,Pays de la Loire,52.0,1
12791,2021-11-12,Pays de la Loire,52.0,5
12792,2021-11-13,Pays de la Loire,52.0,4
12793,2021-11-14,Pays de la Loire,52.0,1
12794,2021-11-15,Pays de la Loire,52.0,10
12795,2021-11-16,Pays de la Loire,52.0,11
12796,2021-11-17,Pays de la Loire,52.0,12
12797,2021-11-18,Pays de la Loire,52.0,7
12798,2021-11-19,Pays de la Loire,52.0,8
12799,2021-11-20,Pays de la Loire,52.0,4
12800,2021-11-21,Pays de la Loire,52.0,6
12801,2021-11-22,Pays de la Loire,52.0,14
12802,2021-11-23,Pays de la Loire,52.0,1
12803,2021-11-24,Pays de la Loire,52.0,8
12804,2021-11-25,Pays de la Loire,52.0,7
12805,2021-11-26,Pays de la Loire,52.0,8
12806,2021-11-27,Pays de la Loire,52.0,5
12807,2021-11-28,Pays de la Loire,52.0,1
12808,2021-11-29,Pays de la Loire,52.0,8
12809,2021-11-30,Pays de la Loire,52.0,16
12810,2021-12-01,Pays de la Loire,52.0,10
12811,2021-12-02,Pays de la Loire,52.0,9
12812,2021-12-03,Pays de la Loire,52.0,22
12813,2021-12-04,Pays de la Loire,52.0,3
12814,2021-12-05,Pays de la Loire,52.0,8
12815,2021-12-06,Pays de la Loire,52.0,12
12816,2021-12-07,Pays de la Loire,52.0,17
12817,2021-12-08,Pays de la Loire,52.0,4
12818,2021-12-09,Pays de la Loire,52.0,8
12819,2021-12-10,Pays de la Loire,52.0,8
12820,2021-12-11,Pays de la Loire,52.0,3
12821,2021-12-12,Pays de la Loire,52.0,7
12822,2021-12-13,Pays de la Loire,52.0,18
12823,2021-12-14,Pays de la Loire,52.0,17
12824,2021-12-15,Pays de la Loire,52.0,11
12825,2021-12-16,Pays de la Loire,52.0,7
12826,2021-12-17,Pays de la Loire,52.0,5
12827,2021-12-18,Pays de la Loire,52.0,3
12828,2021-12-19,Pays de la Loire,52.0,1
12829,2021-12-20,Pays de la Loire,52.0,3
12830,2021-12-21,Pays de la Loire,52.0,17
12831,2021-12-22,Pays de la Loire,52.0,7
12832,2021-12-23,Pays de la Loire,52.0,7
12833,2021-12-24,Pays de la Loire,52.0,4
12834,2021-12-25,Pays de la Loire,52.0,7
12835,2021-12-26,Pays de la Loire,52.0,2
12836,2021-12-27,Pays de la Loire,52.0,9
12837,2021-12-28,Pays de la Loire,52.0,7
12838,2021-12-29,Pays de la Loire,52.0,9
12839,2021-12-30,Pays de la Loire,52.0,5
12840,2021-12-31,Pays de la Loire,52.0,11
12841,2022-01-01,Pays de la Loire,52.0,7
12842,2022-01-02,Pays de la Loire,52.0,2
12843,2022-01-03,Pays de la Loire,52.0,7
12844,2022-01-04,Pays de la Loire,52.0,18
12845,2022-01-05,Pays de la Loire,52.0,13
12846,2022-01-06,Pays de la Loire,52.0,12
12847,2022-01-07,Pays de la Loire,52.0,11
12848,2022-01-08,Pays de la Loire,52.0,7
12849,2022-01-09,Pays de la Loire,52.0,6
12850,2022-01-10,Pays de la Loire,52.0,13
12851,2022-01-11,Pays de la Loire,52.0,11
12852,2022-01-12,Pays de la Loire,52.0,8
12853,2022-01-13,Pays de la Loire,52.0,11
12854,2022-01-14,Pays de la Loire,52.0,9
12855,2022-01-15,Pays de la Loire,52.0,9
12856,2022-01-16,Pays de la Loire,52.0,3
12857,2022-01-17,Pays de la Loire,52.0,6
12858,2022-01-18,Pays de la Loire,52.0,6
12859,2022-01-19,Pays de la Loire,52.0,16
12860,2022-01-20,Pays de la Loire,52.0,12
12861,2022-01-21,Pays de la Loire,52.0,13
12862,2022-01-22,Pays de la Loire,52.0,8
12863,2022-01-23,Pays de la Loire,52.0,5
12864,2022-01-24,Pays de la Loire,52.0,8
12865,2022-01-25,Pays de la Loire,52.0,18
12866,2022-01-26,Pays de la Loire,52.0,10
12867,2022-01-27,Pays de la Loire,52.0,13
12868,2022-01-28,Pays de la Loire,52.0,5
12869,2022-01-29,Pays de la Loire,52.0,4
12870,2022-01-30,Pays de la Loire,52.0,3
12871,2022-01-31,Pays de la Loire,52.0,11
12872,2022-02-01,Pays de la Loire,52.0,14
12873,2022-02-02,Pays de la Loire,52.0,20
12874,2022-02-03,Pays de la Loire,52.0,11
12875,2022-02-04,Pays de la Loire,52.0,7
12876,2022-02-05,Pays de la Loire,52.0,10
12877,2022-02-06,Pays de la Loire,52.0,6
12878,2022-02-07,Pays de la Loire,52.0,10
12879,2022-02-08,Pays de la Loire,52.0,14
12880,2022-02-09,Pays de la Loire,52.0,10
12881,2022-02-10,Pays de la Loire,52.0,6
12882,2022-02-11,Pays de la Loire,52.0,12
12883,2022-02-12,Pays de la Loire,52.0,2
12884,2022-02-13,Pays de la Loire,52.0,1
12885,2022-02-14,Pays de la Loire,52.0,9
12886,2022-02-15,Pays de la Loire,52.0,12
12887,2022-02-16,Pays de la Loire,52.0,17
12888,2022-02-17,Pays de la Loire,52.0,6
12889,2022-02-18,Pays de la Loire,52.0,8
12890,2022-02-19,Pays de la Loire,52.0,7
12891,2022-02-20,Pays de la Loire,52.0,2
12892,2022-02-21,Pays de la Loire,52.0,4
12893,2022-02-22,Pays de la Loire,52.0,13
12894,2022-02-23,Pays de la Loire,52.0,12
12895,2022-02-24,Pays de la Loire,52.0,11
12896,2022-02-25,Pays de la Loire,52.0,2
12897,2022-02-26,Pays de la Loire,52.0,9
12898,2022-02-27,Pays de la Loire,52.0,5
12899,2022-02-28,Pays de la Loire,52.0,7
12900,2022-03-01,Pays de la Loire,52.0,14
12901,2022-03-02,Pays de la Loire,52.0,6
12902,2022-03-03,Pays de la Loire,52.0,2
12903,2022-03-04,Pays de la Loire,52.0,9
12904,2022-03-05,Pays de la Loire,52.0,3
12905,2022-03-06,Pays de la Loire,52.0,0
12906,2022-03-07,Pays de la Loire,52.0,11
12907,2022-03-08,Pays de la Loire,52.0,5
12908,2022-03-09,Pays de la Loire,52.0,11
12909,2022-03-10,Pays de la Loire,52.0,3
12910,2022-03-11,Pays de la Loire,52.0,2
12911,2022-03-12,Pays de la Loire,52.0,3
12912,2022-03-13,Pays de la Loire,52.0,0
12913,2022-03-14,Pays de la Loire,52.0,4
12914,2022-03-15,Pays de la Loire,52.0,9
12915,2022-03-16,Pays de la Loire,52.0,8
12916,2022-03-17,Pays de la Loire,52.0,3
12917,2022-03-18,Pays de la Loire,52.0,3
12918,2022-03-19,Pays de la Loire,52.0,5
12919,2022-03-20,Pays de la Loire,52.0,3
12920,2022-03-21,Pays de la Loire,52.0,9
12921,2022-03-22,Pays de la Loire,52.0,4
12922,2022-03-23,Pays de la Loire,52.0,3
12923,2022-03-24,Pays de la Loire,52.0,3
12924,2022-03-25,Pays de la Loire,52.0,6
12925,2022-03-26,Pays de la Loire,52.0,4
12926,2022-03-27,Pays de la Loire,52.0,3
12927,2022-03-28,Pays de la Loire,52.0,10
12928,2022-03-29,Pays de la Loire,52.0,9
12929,2022-03-30,Pays de la Loire,52.0,5
12930,2022-03-31,Pays de la Loire,52.0,8
12931,2022-04-01,Pays de la Loire,52.0,7
12932,2022-04-02,Pays de la Loire,52.0,4
12933,2022-04-03,Pays de la Loire,52.0,1
12934,2022-04-04,Pays de la Loire,52.0,9
12935,2022-04-05,Pays de la Loire,52.0,8
12936,2022-04-06,Pays de la Loire,52.0,8
12937,2022-04-07,Pays de la Loire,52.0,6
12938,2022-04-08,Pays de la Loire,52.0,6
12939,2022-04-09,Pays de la Loire,52.0,2
12940,2022-04-10,Pays de la Loire,52.0,1
12941,2022-04-11,Pays de la Loire,52.0,7
12942,2022-04-12,Pays de la Loire,52.0,13
12943,2022-04-13,Pays de la Loire,52.0,14
12944,2022-04-14,Pays de la Loire,52.0,11
12945,2022-04-15,Pays de la Loire,52.0,13
12946,2022-04-16,Pays de la Loire,52.0,7
12947,2022-04-17,Pays de la Loire,52.0,3
12948,2022-04-18,Pays de la Loire,52.0,0
12949,2022-04-19,Pays de la Loire,52.0,11
12950,2022-04-20,Pays de la Loire,52.0,20
12951,2022-04-21,Pays de la Loire,52.0,11
12952,2022-04-22,Pays de la Loire,52.0,9
12953,2022-04-23,Pays de la Loire,52.0,4
12954,2022-04-24,Pays de la Loire,52.0,4
12955,2022-04-25,Pays de la Loire,52.0,10
12956,2022-04-26,Pays de la Loire,52.0,15
12957,2022-04-27,Pays de la Loire,52.0,15
12958,2022-04-28,Pays de la Loire,52.0,10
12959,2022-04-29,Pays de la Loire,52.0,8
12960,2022-04-30,Pays de la Loire,52.0,1
12961,2022-05-01,Pays de la Loire,52.0,3
12962,2022-05-02,Pays de la Loire,52.0,12
12963,2022-05-03,Pays de la Loire,52.0,4
12964,2022-05-04,Pays de la Loire,52.0,6
12965,2022-05-05,Pays de la Loire,52.0,14
12966,2022-05-06,Pays de la Loire,52.0,6
12967,2022-05-07,Pays de la Loire,52.0,1
12968,2022-05-08,Pays de la Loire,52.0,1
12969,2022-05-09,Pays de la Loire,52.0,3
12970,2022-05-10,Pays de la Loire,52.0,15
12971,2022-05-11,Pays de la Loire,52.0,4
12972,2022-05-12,Pays de la Loire,52.0,7
12973,2022-05-13,Pays de la Loire,52.0,5
12974,2022-05-14,Pays de la Loire,52.0,2
12975,2022-05-15,Pays de la Loire,52.0,1
12976,2022-05-16,Pays de la Loire,52.0,5
12977,2022-05-17,Pays de la Loire,52.0,6
12978,2022-05-18,Pays de la Loire,52.0,4
12979,2022-05-19,Pays de la Loire,52.0,4
12980,2022-05-20,Pays de la Loire,52.0,5
12981,2022-05-21,Pays de la Loire,52.0,0
12982,2022-05-22,Pays de la Loire,52.0,0
12983,2022-05-23,Pays de la Loire,52.0,4
12984,2022-05-24,Pays de la Loire,52.0,3
12985,2022-05-25,Pays de la Loire,52.0,4
12986,2022-05-26,Pays de la Loire,52.0,3
12987,2022-05-27,Pays de la Loire,52.0,2
12988,2022-05-28,Pays de la Loire,52.0,1
12989,2022-05-29,Pays de la Loire,52.0,0
12990,2022-05-30,Pays de la Loire,52.0,2
12991,2022-05-31,Pays de la Loire,52.0,4
12992,2022-06-01,Pays de la Loire,52.0,0
12993,2022-06-02,Pays de la Loire,52.0,1
12994,2022-06-03,Pays de la Loire,52.0,5
12995,2022-06-04,Pays de la Loire,52.0,1
12996,2022-06-05,Pays de la Loire,52.0,0
12997,2022-06-06,Pays de la Loire,52.0,0
12998,2022-06-07,Pays de la Loire,52.0,2
12999,2022-06-08,Pays de la Loire,52.0,5
13000,2022-06-09,Pays de la Loire,52.0,1
13001,2022-06-10,Pays de la Loire,52.0,4
13002,2022-06-11,Pays de la Loire,52.0,1
13003,2022-06-12,Pays de la Loire,52.0,0
13004,2022-06-13,Pays de la Loire,52.0,5
13005,2022-06-14,Pays de la Loire,52.0,6
13006,2022-06-15,Pays de la Loire,52.0,5
13007,2022-06-16,Pays de la Loire,52.0,0
13008,2022-06-17,Pays de la Loire,52.0,3
13009,2022-06-18,Pays de la Loire,52.0,1
13010,2022-06-19,Pays de la Loire,52.0,1
13011,2022-06-20,Pays de la Loire,52.0,3
13012,2022-06-21,Pays de la Loire,52.0,2
13013,2022-06-22,Pays de la Loire,52.0,8
13014,2022-06-23,Pays de la Loire,52.0,0
13015,2022-06-24,Pays de la Loire,52.0,0
13016,2022-06-25,Pays de la Loire,52.0,6
13017,2022-06-26,Pays de la Loire,52.0,1
13018,2022-06-27,Pays de la Loire,52.0,6
13019,2022-06-28,Pays de la Loire,52.0,7
13020,2022-06-29,Pays de la Loire,52.0,4
13021,2022-06-30,Pays de la Loire,52.0,7
13022,2022-07-01,Pays de la Loire,52.0,6
13023,2022-07-02,Pays de la Loire,52.0,0
13024,2022-07-03,Pays de la Loire,52.0,3
13025,2022-07-04,Pays de la Loire,52.0,13
13026,2022-07-05,Pays de la Loire,52.0,16
13027,2022-07-06,Pays de la Loire,52.0,3
13028,2022-07-07,Pays de la Loire,52.0,7
13029,2022-07-08,Pays de la Loire,52.0,9
13030,2022-07-09,Pays de la Loire,52.0,6
13031,2022-07-10,Pays de la Loire,52.0,2
13032,2022-07-11,Pays de la Loire,52.0,4
13033,2022-07-12,Pays de la Loire,52.0,11
13034,2022-07-13,Pays de la Loire,52.0,5
13035,2022-07-14,Pays de la Loire,52.0,2
13036,2022-07-15,Pays de la Loire,52.0,3
13037,2022-07-16,Pays de la Loire,52.0,8
13038,2022-07-17,Pays de la Loire,52.0,0
13039,2022-07-18,Pays de la Loire,52.0,13
13040,2022-07-19,Pays de la Loire,52.0,13
13041,2022-07-20,Pays de la Loire,52.0,8
13042,2022-07-21,Pays de la Loire,52.0,5
13043,2022-07-22,Pays de la Loire,52.0,9
13044,2022-07-23,Pays de la Loire,52.0,0
13045,2022-07-24,Pays de la Loire,52.0,5
13046,2022-07-25,Pays de la Loire,52.0,6
13047,2022-07-26,Pays de la Loire,52.0,7
13048,2022-07-27,Pays de la Loire,52.0,2
13049,2022-07-28,Pays de la Loire,52.0,5
13050,2022-07-29,Pays de la Loire,52.0,4
13051,2022-07-30,Pays de la Loire,52.0,0
13052,2022-07-31,Pays de la Loire,52.0,3
13053,2022-08-01,Pays de la Loire,52.0,10
13054,2022-08-02,Pays de la Loire,52.0,7
13055,2022-08-03,Pays de la Loire,52.0,3
13056,2022-08-04,Pays de la Loire,52.0,5
13057,2022-08-05,Pays de la Loire,52.0,5
13058,2022-08-06,Pays de la Loire,52.0,1
13059,2022-08-07,Pays de la Loire,52.0,1
13060,2022-08-08,Pays de la Loire,52.0,5
13061,2022-08-09,Pays de la Loire,52.0,4
13062,2022-08-10,Pays de la Loire,52.0,2
13063,2022-08-11,Pays de la Loire,52.0,4
13064,2022-08-12,Pays de la Loire,52.0,2
13065,2022-08-13,Pays de la Loire,52.0,0
13066,2022-08-14,Pays de la Loire,52.0,0
13067,2022-08-15,Pays de la Loire,52.0,1
13068,2022-08-16,Pays de la Loire,52.0,4
13069,2022-08-17,Pays de la Loire,52.0,3
13070,2022-08-18,Pays de la Loire,52.0,2
13071,2022-08-19,Pays de la Loire,52.0,1
13072,2022-08-20,Pays de la Loire,52.0,0
13073,2022-08-21,Pays de la Loire,52.0,0
13074,2022-08-22,Pays de la Loire,52.0,1
13075,2022-08-23,Pays de la Loire,52.0,0
13076,2022-08-24,Pays de la Loire,52.0,3
13077,2022-08-25,Pays de la Loire,52.0,1
13078,2022-08-26,Pays de la Loire,52.0,5
13079,2022-08-27,Pays de la Loire,52.0,0
13080,2022-08-28,Pays de la Loire,52.0,1
13081,2022-08-29,Pays de la Loire,52.0,1
13082,2022-08-30,Pays de la Loire,52.0,6
13083,2022-08-31,Pays de la Loire,52.0,5
13084,2022-09-01,Pays de la Loire,52.0,1
13085,2022-09-02,Pays de la Loire,52.0,1
13086,2022-09-03,Pays de la Loire,52.0,0
13087,2022-09-04,Pays de la Loire,52.0,0
13088,2022-09-05,Pays de la Loire,52.0,1
13089,2022-09-06,Pays de la Loire,52.0,4
13090,2022-09-07,Pays de la Loire,52.0,1
13091,2022-09-08,Pays de la Loire,52.0,4
13092,2022-09-09,Pays de la Loire,52.0,1
13093,2022-09-10,Pays de la Loire,52.0,1
13094,2022-09-11,Pays de la Loire,52.0,1
13095,2022-09-12,Pays de la Loire,52.0,2
13096,2022-09-13,Pays de la Loire,52.0,1
13097,2022-09-14,Pays de la Loire,52.0,0
13098,2022-09-15,Pays de la Loire,52.0,5
13099,2022-09-16,Pays de la Loire,52.0,2
13100,2022-09-17,Pays de la Loire,52.0,2
13101,2022-09-18,Pays de la Loire,52.0,0
13102,2022-09-19,Pays de la Loire,52.0,1
13103,2022-09-20,Pays de la Loire,52.0,3
13104,2022-09-21,Pays de la Loire,52.0,3
13105,2022-09-22,Pays de la Loire,52.0,5
13106,2022-09-23,Pays de la Loire,52.0,1
13107,2022-09-24,Pays de la Loire,52.0,3
13108,2022-09-25,Pays de la Loire,52.0,0
13109,2022-09-26,Pays de la Loire,52.0,2
13110,2022-09-27,Pays de la Loire,52.0,2
13111,2022-09-28,Pays de la Loire,52.0,3
13112,2022-09-29,Pays de la Loire,52.0,2
13113,2022-09-30,Pays de la Loire,52.0,0
13114,2022-10-01,Pays de la Loire,52.0,3
13115,2022-10-02,Pays de la Loire,52.0,0
13116,2022-10-03,Pays de la Loire,52.0,3
13117,2022-10-04,Pays de la Loire,52.0,2
13118,2022-10-05,Pays de la Loire,52.0,4
13119,2022-10-06,Pays de la Loire,52.0,6
13120,2022-10-07,Pays de la Loire,52.0,2
13121,2022-10-08,Pays de la Loire,52.0,1
13122,2022-10-09,Pays de la Loire,52.0,0
13123,2022-10-10,Pays de la Loire,52.0,6
13124,2022-10-11,Pays de la Loire,52.0,10
13125,2022-10-12,Pays de la Loire,52.0,4
13126,2022-10-13,Pays de la Loire,52.0,4
13127,2022-10-14,Pays de la Loire,52.0,3
13128,2022-10-15,Pays de la Loire,52.0,1
13129,2022-10-16,Pays de la Loire,52.0,1
13130,2022-10-17,Pays de la Loire,52.0,1
13131,2022-10-18,Pays de la Loire,52.0,7
13132,2022-10-19,Pays de la Loire,52.0,5
13133,2022-10-20,Pays de la Loire,52.0,2
13134,2022-10-21,Pays de la Loire,52.0,1
13135,2022-10-22,Pays de la Loire,52.0,0
13136,2022-10-23,Pays de la Loire,52.0,4
13137,2022-10-24,Pays de la Loire,52.0,6
13138,2022-10-25,Pays de la Loire,52.0,1
13139,2022-10-26,Pays de la Loire,52.0,7
13140,2022-10-27,Pays de la Loire,52.0,3
13141,2022-10-28,Pays de la Loire,52.0,6
13142,2022-10-29,Pays de la Loire,52.0,2
13143,2022-10-30,Pays de la Loire,52.0,0
13144,2022-10-31,Pays de la Loire,52.0,5
13145,2022-11-01,Pays de la Loire,52.0,3
13146,2022-11-02,Pays de la Loire,52.0,2
13147,2022-11-03,Pays de la Loire,52.0,5
13148,2022-11-04,Pays de la Loire,52.0,3
13149,2022-11-05,Pays de la Loire,52.0,2
13150,2022-11-06,Pays de la Loire,52.0,0
13151,2022-11-07,Pays de la Loire,52.0,6
13152,2022-11-08,Pays de la Loire,52.0,4
13153,2022-11-09,Pays de la Loire,52.0,1
13154,2022-11-10,Pays de la Loire,52.0,2
13155,2022-11-11,Pays de la Loire,52.0,1
13156,2022-11-12,Pays de la Loire,52.0,1
13157,2022-11-13,Pays de la Loire,52.0,0
13158,2022-11-14,Pays de la Loire,52.0,3
13159,2022-11-15,Pays de la Loire,52.0,6
13160,2022-11-16,Pays de la Loire,52.0,4
13161,2022-11-17,Pays de la Loire,52.0,4
13162,2022-11-18,Pays de la Loire,52.0,0
13163,2022-11-19,Pays de la Loire,52.0,3
13164,2022-11-20,Pays de la Loire,52.0,0
13165,2022-11-21,Pays de la Loire,52.0,4
13166,2022-11-22,Pays de la Loire,52.0,7
13167,2022-11-23,Pays de la Loire,52.0,3
13168,2022-11-24,Pays de la Loire,52.0,1
13169,2022-11-25,Pays de la Loire,52.0,5
13170,2022-11-26,Pays de la Loire,52.0,4
13171,2022-11-27,Pays de la Loire,52.0,2
13172,2022-11-28,Pays de la Loire,52.0,4
13173,2022-11-29,Pays de la Loire,52.0,8
13174,2022-11-30,Pays de la Loire,52.0,8
13175,2022-12-01,Pays de la Loire,52.0,3
13176,2022-12-02,Pays de la Loire,52.0,5
13177,2022-12-03,Pays de la Loire,52.0,1
13178,2022-12-04,Pays de la Loire,52.0,0
13179,2022-12-05,Pays de la Loire,52.0,4
13180,2022-12-06,Pays de la Loire,52.0,3
13181,2022-12-07,Pays de la Loire,52.0,5
13182,2022-12-08,Pays de la Loire,52.0,8
13183,2022-12-09,Pays de la Loire,52.0,4
13184,2022-12-10,Pays de la Loire,52.0,1
13185,2022-12-11,Pays de la Loire,52.0,2
13186,2022-12-12,Pays de la Loire,52.0,8
13187,2022-12-13,Pays de la Loire,52.0,8
13188,2022-12-14,Pays de la Loire,52.0,6
13189,2022-12-15,Pays de la Loire,52.0,7
13190,2022-12-16,Pays de la Loire,52.0,8
13191,2022-12-17,Pays de la Loire,52.0,3
13192,2022-12-18,Pays de la Loire,52.0,1
13193,2022-12-19,Pays de la Loire,52.0,10
13194,2022-12-20,Pays de la Loire,52.0,8
13195,2022-12-21,Pays de la Loire,52.0,5
13196,2022-12-22,Pays de la Loire,52.0,4
13197,2022-12-23,Pays de la Loire,52.0,6
13198,2022-12-24,Pays de la Loire,52.0,3
13199,2022-12-25,Pays de la Loire,52.0,1
13200,2022-12-26,Pays de la Loire,52.0,6
13201,2022-12-27,Pays de la Loire,52.0,3
13202,2022-12-28,Pays de la Loire,52.0,5
13203,2022-12-29,Pays de la Loire,52.0,10
13204,2022-12-30,Pays de la Loire,52.0,8
13205,2022-12-31,Pays de la Loire,52.0,4
13206,2023-01-01,Pays de la Loire,52.0,0
13207,2023-01-02,Pays de la Loire,52.0,4
13208,2023-01-03,Pays de la Loire,52.0,5
13209,2023-01-04,Pays de la Loire,52.0,6
13210,2023-01-05,Pays de la Loire,52.0,5
13211,2023-01-06,Pays de la Loire,52.0,8
13212,2023-01-07,Pays de la Loire,52.0,0
13213,2023-01-08,Pays de la Loire,52.0,1
13214,2023-01-09,Pays de la Loire,52.0,7
13215,2023-01-10,Pays de la Loire,52.0,2
13216,2023-01-11,Pays de la Loire,52.0,2
13217,2023-01-12,Pays de la Loire,52.0,5
13218,2023-01-13,Pays de la Loire,52.0,3
13219,2023-01-14,Pays de la Loire,52.0,0
13220,2023-01-15,Pays de la Loire,52.0,0
13221,2023-01-16,Pays de la Loire,52.0,3
13222,2023-01-17,Pays de la Loire,52.0,1
13223,2023-01-18,Pays de la Loire,52.0,4
13224,2023-01-19,Pays de la Loire,52.0,3
13225,2023-01-20,Pays de la Loire,52.0,2
13226,2023-01-21,Pays de la Loire,52.0,0
13227,2023-01-22,Pays de la Loire,52.0,2
13228,2023-01-23,Pays de la Loire,52.0,1
13229,2023-01-24,Pays de la Loire,52.0,1
13230,2023-01-25,Pays de la Loire,52.0,1
13231,2023-01-26,Pays de la Loire,52.0,4
13232,2023-01-27,Pays de la Loire,52.0,0
13233,2023-01-28,Pays de la Loire,52.0,0
13234,2023-01-29,Pays de la Loire,52.0,1
13235,2023-01-30,Pays de la Loire,52.0,4
13236,2023-01-31,Pays de la Loire,52.0,0
13237,2023-02-01,Pays de la Loire,52.0,1
13238,2023-02-02,Pays de la Loire,52.0,1
13239,2023-02-03,Pays de la Loire,52.0,2
13240,2023-02-04,Pays de la Loire,52.0,0
13241,2023-02-05,Pays de la Loire,52.0,0
13242,2023-02-06,Pays de la Loire,52.0,1
13243,2023-02-07,Pays de la Loire,52.0,0
13244,2023-02-08,Pays de la Loire,52.0,8
13245,2023-02-09,Pays de la Loire,52.0,0
13246,2023-02-10,Pays de la Loire,52.0,3
13247,2023-02-11,Pays de la Loire,52.0,1
13248,2023-02-12,Pays de la Loire,52.0,0
13249,2023-02-13,Pays de la Loire,52.0,0
13250,2023-02-14,Pays de la Loire,52.0,2
13251,2023-02-15,Pays de la Loire,52.0,2
13252,2023-02-16,Pays de la Loire,52.0,0
13253,2023-02-17,Pays de la Loire,52.0,1
13254,2023-02-18,Pays de la Loire,52.0,0
13255,2023-02-19,Pays de la Loire,52.0,0
13256,2023-02-20,Pays de la Loire,52.0,2
13257,2023-02-21,Pays de la Loire,52.0,1
13258,2023-02-22,Pays de la Loire,52.0,1
13259,2023-02-23,Pays de la Loire,52.0,1
13260,2023-02-24,Pays de la Loire,52.0,1
13261,2023-02-25,Pays de la Loire,52.0,0
13262,2023-02-26,Pays de la Loire,52.0,0
13263,2023-02-27,Pays de la Loire,52.0,2
13264,2023-02-28,Pays de la Loire,52.0,0
13265,2023-03-01,Pays de la Loire,52.0,2
13266,2023-03-02,Pays de la Loire,52.0,0
13267,2023-03-03,Pays de la Loire,52.0,2
13268,2023-03-04,Pays de la Loire,52.0,1
13269,2023-03-05,Pays de la Loire,52.0,0
13270,2023-03-06,Pays de la Loire,52.0,0
13271,2023-03-07,Pays de la Loire,52.0,1
13272,2023-03-08,Pays de la Loire,52.0,1
13273,2023-03-09,Pays de la Loire,52.0,1
13274,2023-03-10,Pays de la Loire,52.0,0
13275,2023-03-11,Pays de la Loire,52.0,0
13276,2023-03-12,Pays de la Loire,52.0,0
13277,2023-03-13,Pays de la Loire,52.0,2
13278,2023-03-14,Pays de la Loire,52.0,1
13279,2023-03-15,Pays de la Loire,52.0,0
13280,2023-03-16,Pays de la Loire,52.0,0
13281,2023-03-17,Pays de la Loire,52.0,3
13282,2023-03-18,Pays de la Loire,52.0,2
13283,2023-03-19,Pays de la Loire,52.0,1
13284,2023-03-20,Pays de la Loire,52.0,3
13285,2023-03-21,Pays de la Loire,52.0,2
13286,2023-03-22,Pays de la Loire,52.0,1
13287,2023-03-23,Pays de la Loire,52.0,0
13288,2023-03-24,Pays de la Loire,52.0,5
13289,2023-03-25,Pays de la Loire,52.0,0
13290,2023-03-26,Pays de la Loire,52.0,1
13291,2023-03-27,Pays de la Loire,52.0,1
13292,2023-03-28,Pays de la Loire,52.0,0
13293,2023-03-29,Pays de la Loire,52.0,1
13294,2023-03-30,Pays de la Loire,52.0,0
13295,2023-03-31,Pays de la Loire,52.0,1
13296,2020-03-19,Bretagne,53.0,8
13297,2020-03-20,Bretagne,53.0,2
13298,2020-03-21,Bretagne,53.0,9
13299,2020-03-22,Bretagne,53.0,8
13300,2020-03-23,Bretagne,53.0,6
13301,2020-03-24,Bretagne,53.0,8
13302,2020-03-25,Bretagne,53.0,5
13303,2020-03-26,Bretagne,53.0,10
13304,2020-03-27,Bretagne,53.0,9
13305,2020-03-28,Bretagne,53.0,19
13306,2020-03-29,Bretagne,53.0,4
13307,2020-03-30,Bretagne,53.0,10
13308,2020-03-31,Bretagne,53.0,12
13309,2020-04-01,Bretagne,53.0,17
13310,2020-04-02,Bretagne,53.0,18
13311,2020-04-03,Bretagne,53.0,8
13312,2020-04-04,Bretagne,53.0,7
13313,2020-04-05,Bretagne,53.0,6
13314,2020-04-06,Bretagne,53.0,4
13315,2020-04-07,Bretagne,53.0,4
13316,2020-04-08,Bretagne,53.0,7
13317,2020-04-09,Bretagne,53.0,3
13318,2020-04-10,Bretagne,53.0,5
13319,2020-04-11,Bretagne,53.0,7
13320,2020-04-12,Bretagne,53.0,3
13321,2020-04-13,Bretagne,53.0,4
13322,2020-04-14,Bretagne,53.0,4
13323,2020-04-15,Bretagne,53.0,1
13324,2020-04-16,Bretagne,53.0,2
13325,2020-04-17,Bretagne,53.0,3
13326,2020-04-18,Bretagne,53.0,5
13327,2020-04-19,Bretagne,53.0,1
13328,2020-04-20,Bretagne,53.0,1
13329,2020-04-21,Bretagne,53.0,3
13330,2020-04-22,Bretagne,53.0,4
13331,2020-04-23,Bretagne,53.0,0
13332,2020-04-24,Bretagne,53.0,1
13333,2020-04-25,Bretagne,53.0,1
13334,2020-04-26,Bretagne,53.0,1
13335,2020-04-27,Bretagne,53.0,1
13336,2020-04-28,Bretagne,53.0,1
13337,2020-04-29,Bretagne,53.0,2
13338,2020-04-30,Bretagne,53.0,0
13339,2020-05-01,Bretagne,53.0,0
13340,2020-05-02,Bretagne,53.0,2
13341,2020-05-03,Bretagne,53.0,0
13342,2020-05-04,Bretagne,53.0,2
13343,2020-05-05,Bretagne,53.0,1
13344,2020-05-06,Bretagne,53.0,1
13345,2020-05-07,Bretagne,53.0,3
13346,2020-05-08,Bretagne,53.0,2
13347,2020-05-09,Bretagne,53.0,2
13348,2020-05-10,Bretagne,53.0,1
13349,2020-05-11,Bretagne,53.0,2
13350,2020-05-12,Bretagne,53.0,0
13351,2020-05-13,Bretagne,53.0,1
13352,2020-05-14,Bretagne,53.0,1
13353,2020-05-15,Bretagne,53.0,0
13354,2020-05-16,Bretagne,53.0,3
13355,2020-05-17,Bretagne,53.0,0
13356,2020-05-18,Bretagne,53.0,2
13357,2020-05-19,Bretagne,53.0,0
13358,2020-05-20,Bretagne,53.0,1
13359,2020-05-21,Bretagne,53.0,0
13360,2020-05-22,Bretagne,53.0,0
13361,2020-05-23,Bretagne,53.0,1
13362,2020-05-24,Bretagne,53.0,1
13363,2020-05-25,Bretagne,53.0,1
13364,2020-05-26,Bretagne,53.0,1
13365,2020-05-27,Bretagne,53.0,0
13366,2020-05-28,Bretagne,53.0,1
13367,2020-05-29,Bretagne,53.0,1
13368,2020-05-30,Bretagne,53.0,0
13369,2020-05-31,Bretagne,53.0,0
13370,2020-06-01,Bretagne,53.0,0
13371,2020-06-02,Bretagne,53.0,1
13372,2020-06-03,Bretagne,53.0,0
13373,2020-06-04,Bretagne,53.0,0
13374,2020-06-05,Bretagne,53.0,0
13375,2020-06-06,Bretagne,53.0,0
13376,2020-06-07,Bretagne,53.0,0
13377,2020-06-08,Bretagne,53.0,1
13378,2020-06-09,Bretagne,53.0,0
13379,2020-06-10,Bretagne,53.0,0
13380,2020-06-11,Bretagne,53.0,1
13381,2020-06-12,Bretagne,53.0,0
13382,2020-06-13,Bretagne,53.0,1
13383,2020-06-14,Bretagne,53.0,0
13384,2020-06-15,Bretagne,53.0,0
13385,2020-06-16,Bretagne,53.0,0
13386,2020-06-17,Bretagne,53.0,0
13387,2020-06-18,Bretagne,53.0,0
13388,2020-06-19,Bretagne,53.0,0
13389,2020-06-20,Bretagne,53.0,0
13390,2020-06-21,Bretagne,53.0,0
13391,2020-06-22,Bretagne,53.0,0
13392,2020-06-23,Bretagne,53.0,0
13393,2020-06-24,Bretagne,53.0,0
13394,2020-06-25,Bretagne,53.0,0
13395,2020-06-26,Bretagne,53.0,0
13396,2020-06-27,Bretagne,53.0,0
13397,2020-06-28,Bretagne,53.0,0
13398,2020-06-29,Bretagne,53.0,0
13399,2020-06-30,Bretagne,53.0,0
13400,2020-07-01,Bretagne,53.0,0
13401,2020-07-02,Bretagne,53.0,0
13402,2020-07-03,Bretagne,53.0,0
13403,2020-07-04,Bretagne,53.0,0
13404,2020-07-05,Bretagne,53.0,0
13405,2020-07-06,Bretagne,53.0,0
13406,2020-07-07,Bretagne,53.0,0
13407,2020-07-08,Bretagne,53.0,0
13408,2020-07-09,Bretagne,53.0,0
13409,2020-07-10,Bretagne,53.0,0
13410,2020-07-11,Bretagne,53.0,0
13411,2020-07-12,Bretagne,53.0,1
13412,2020-07-13,Bretagne,53.0,1
13413,2020-07-14,Bretagne,53.0,0
13414,2020-07-15,Bretagne,53.0,0
13415,2020-07-16,Bretagne,53.0,0
13416,2020-07-17,Bretagne,53.0,1
13417,2020-07-18,Bretagne,53.0,0
13418,2020-07-19,Bretagne,53.0,0
13419,2020-07-20,Bretagne,53.0,0
13420,2020-07-21,Bretagne,53.0,1
13421,2020-07-22,Bretagne,53.0,0
13422,2020-07-23,Bretagne,53.0,0
13423,2020-07-24,Bretagne,53.0,0
13424,2020-07-25,Bretagne,53.0,0
13425,2020-07-26,Bretagne,53.0,0
13426,2020-07-27,Bretagne,53.0,1
13427,2020-07-28,Bretagne,53.0,0
13428,2020-07-29,Bretagne,53.0,0
13429,2020-07-30,Bretagne,53.0,0
13430,2020-07-31,Bretagne,53.0,1
13431,2020-08-01,Bretagne,53.0,0
13432,2020-08-02,Bretagne,53.0,0
13433,2020-08-03,Bretagne,53.0,5
13434,2020-08-04,Bretagne,53.0,3
13435,2020-08-05,Bretagne,53.0,0
13436,2020-08-06,Bretagne,53.0,1
13437,2020-08-07,Bretagne,53.0,0
13438,2020-08-08,Bretagne,53.0,0
13439,2020-08-09,Bretagne,53.0,0
13440,2020-08-10,Bretagne,53.0,0
13441,2020-08-11,Bretagne,53.0,0
13442,2020-08-12,Bretagne,53.0,1
13443,2020-08-13,Bretagne,53.0,0
13444,2020-08-14,Bretagne,53.0,1
13445,2020-08-15,Bretagne,53.0,0
13446,2020-08-16,Bretagne,53.0,0
13447,2020-08-17,Bretagne,53.0,2
13448,2020-08-18,Bretagne,53.0,0
13449,2020-08-19,Bretagne,53.0,0
13450,2020-08-20,Bretagne,53.0,1
13451,2020-08-21,Bretagne,53.0,1
13452,2020-08-22,Bretagne,53.0,0
13453,2020-08-23,Bretagne,53.0,0
13454,2020-08-24,Bretagne,53.0,1
13455,2020-08-25,Bretagne,53.0,1
13456,2020-08-26,Bretagne,53.0,0
13457,2020-08-27,Bretagne,53.0,1
13458,2020-08-28,Bretagne,53.0,0
13459,2020-08-29,Bretagne,53.0,0
13460,2020-08-30,Bretagne,53.0,0
13461,2020-08-31,Bretagne,53.0,1
13462,2020-09-01,Bretagne,53.0,1
13463,2020-09-02,Bretagne,53.0,0
13464,2020-09-03,Bretagne,53.0,1
13465,2020-09-04,Bretagne,53.0,0
13466,2020-09-05,Bretagne,53.0,0
13467,2020-09-06,Bretagne,53.0,0
13468,2020-09-07,Bretagne,53.0,0
13469,2020-09-08,Bretagne,53.0,2
13470,2020-09-09,Bretagne,53.0,1
13471,2020-09-10,Bretagne,53.0,1
13472,2020-09-11,Bretagne,53.0,1
13473,2020-09-12,Bretagne,53.0,1
13474,2020-09-13,Bretagne,53.0,0
13475,2020-09-14,Bretagne,53.0,2
13476,2020-09-15,Bretagne,53.0,3
13477,2020-09-16,Bretagne,53.0,2
13478,2020-09-17,Bretagne,53.0,1
13479,2020-09-18,Bretagne,53.0,0
13480,2020-09-19,Bretagne,53.0,0
13481,2020-09-20,Bretagne,53.0,0
13482,2020-09-21,Bretagne,53.0,3
13483,2020-09-22,Bretagne,53.0,2
13484,2020-09-23,Bretagne,53.0,4
13485,2020-09-24,Bretagne,53.0,4
13486,2020-09-25,Bretagne,53.0,1
13487,2020-09-26,Bretagne,53.0,0
13488,2020-09-27,Bretagne,53.0,1
13489,2020-09-28,Bretagne,53.0,3
13490,2020-09-29,Bretagne,53.0,1
13491,2020-09-30,Bretagne,53.0,5
13492,2020-10-01,Bretagne,53.0,2
13493,2020-10-02,Bretagne,53.0,0
13494,2020-10-03,Bretagne,53.0,3
13495,2020-10-04,Bretagne,53.0,0
13496,2020-10-05,Bretagne,53.0,2
13497,2020-10-06,Bretagne,53.0,2
13498,2020-10-07,Bretagne,53.0,3
13499,2020-10-08,Bretagne,53.0,1
13500,2020-10-09,Bretagne,53.0,1
13501,2020-10-10,Bretagne,53.0,0
13502,2020-10-11,Bretagne,53.0,1
13503,2020-10-12,Bretagne,53.0,5
13504,2020-10-13,Bretagne,53.0,5
13505,2020-10-14,Bretagne,53.0,3
13506,2020-10-15,Bretagne,53.0,3
13507,2020-10-16,Bretagne,53.0,1
13508,2020-10-17,Bretagne,53.0,6
13509,2020-10-18,Bretagne,53.0,1
13510,2020-10-19,Bretagne,53.0,3
13511,2020-10-20,Bretagne,53.0,4
13512,2020-10-21,Bretagne,53.0,4
13513,2020-10-22,Bretagne,53.0,5
13514,2020-10-23,Bretagne,53.0,5
13515,2020-10-24,Bretagne,53.0,6
13516,2020-10-25,Bretagne,53.0,7
13517,2020-10-26,Bretagne,53.0,9
13518,2020-10-27,Bretagne,53.0,12
13519,2020-10-28,Bretagne,53.0,8
13520,2020-10-29,Bretagne,53.0,9
13521,2020-10-30,Bretagne,53.0,14
13522,2020-10-31,Bretagne,53.0,9
13523,2020-11-01,Bretagne,53.0,6
13524,2020-11-02,Bretagne,53.0,10
13525,2020-11-03,Bretagne,53.0,6
13526,2020-11-04,Bretagne,53.0,11
13527,2020-11-05,Bretagne,53.0,10
13528,2020-11-06,Bretagne,53.0,5
13529,2020-11-07,Bretagne,53.0,13
13530,2020-11-08,Bretagne,53.0,6
13531,2020-11-09,Bretagne,53.0,7
13532,2020-11-10,Bretagne,53.0,19
13533,2020-11-11,Bretagne,53.0,7
13534,2020-11-12,Bretagne,53.0,8
13535,2020-11-13,Bretagne,53.0,15
13536,2020-11-14,Bretagne,53.0,4
13537,2020-11-15,Bretagne,53.0,4
13538,2020-11-16,Bretagne,53.0,6
13539,2020-11-17,Bretagne,53.0,7
13540,2020-11-18,Bretagne,53.0,2
13541,2020-11-19,Bretagne,53.0,2
13542,2020-11-20,Bretagne,53.0,4
13543,2020-11-21,Bretagne,53.0,2
13544,2020-11-22,Bretagne,53.0,3
13545,2020-11-23,Bretagne,53.0,1
13546,2020-11-24,Bretagne,53.0,5
13547,2020-11-25,Bretagne,53.0,4
13548,2020-11-26,Bretagne,53.0,2
13549,2020-11-27,Bretagne,53.0,2
13550,2020-11-28,Bretagne,53.0,1
13551,2020-11-29,Bretagne,53.0,1
13552,2020-11-30,Bretagne,53.0,3
13553,2020-12-01,Bretagne,53.0,0
13554,2020-12-02,Bretagne,53.0,4
13555,2020-12-03,Bretagne,53.0,4
13556,2020-12-04,Bretagne,53.0,7
13557,2020-12-05,Bretagne,53.0,2
13558,2020-12-06,Bretagne,53.0,2
13559,2020-12-07,Bretagne,53.0,1
13560,2020-12-08,Bretagne,53.0,4
13561,2020-12-09,Bretagne,53.0,0
13562,2020-12-10,Bretagne,53.0,0
13563,2020-12-11,Bretagne,53.0,1
13564,2020-12-12,Bretagne,53.0,1
13565,2020-12-13,Bretagne,53.0,2
13566,2020-12-14,Bretagne,53.0,3
13567,2020-12-15,Bretagne,53.0,2
13568,2020-12-16,Bretagne,53.0,4
13569,2020-12-17,Bretagne,53.0,1
13570,2020-12-18,Bretagne,53.0,5
13571,2020-12-19,Bretagne,53.0,3
13572,2020-12-20,Bretagne,53.0,1
13573,2020-12-21,Bretagne,53.0,3
13574,2020-12-22,Bretagne,53.0,4
13575,2020-12-23,Bretagne,53.0,2
13576,2020-12-24,Bretagne,53.0,2
13577,2020-12-25,Bretagne,53.0,0
13578,2020-12-26,Bretagne,53.0,2
13579,2020-12-27,Bretagne,53.0,1
13580,2020-12-28,Bretagne,53.0,4
13581,2020-12-29,Bretagne,53.0,0
13582,2020-12-30,Bretagne,53.0,1
13583,2020-12-31,Bretagne,53.0,2
13584,2021-01-01,Bretagne,53.0,2
13585,2021-01-02,Bretagne,53.0,2
13586,2021-01-03,Bretagne,53.0,5
13587,2021-01-04,Bretagne,53.0,3
13588,2021-01-05,Bretagne,53.0,2
13589,2021-01-06,Bretagne,53.0,6
13590,2021-01-07,Bretagne,53.0,1
13591,2021-01-08,Bretagne,53.0,1
13592,2021-01-09,Bretagne,53.0,3
13593,2021-01-10,Bretagne,53.0,0
13594,2021-01-11,Bretagne,53.0,2
13595,2021-01-12,Bretagne,53.0,3
13596,2021-01-13,Bretagne,53.0,3
13597,2021-01-14,Bretagne,53.0,3
13598,2021-01-15,Bretagne,53.0,1
13599,2021-01-16,Bretagne,53.0,8
13600,2021-01-17,Bretagne,53.0,3
13601,2021-01-18,Bretagne,53.0,5
13602,2021-01-19,Bretagne,53.0,1
13603,2021-01-20,Bretagne,53.0,3
13604,2021-01-21,Bretagne,53.0,1
13605,2021-01-22,Bretagne,53.0,5
13606,2021-01-23,Bretagne,53.0,5
13607,2021-01-24,Bretagne,53.0,2
13608,2021-01-25,Bretagne,53.0,1
13609,2021-01-26,Bretagne,53.0,8
13610,2021-01-27,Bretagne,53.0,5
13611,2021-01-28,Bretagne,53.0,4
13612,2021-01-29,Bretagne,53.0,6
13613,2021-01-30,Bretagne,53.0,4
13614,2021-01-31,Bretagne,53.0,5
13615,2021-02-01,Bretagne,53.0,4
13616,2021-02-02,Bretagne,53.0,2
13617,2021-02-03,Bretagne,53.0,4
13618,2021-02-04,Bretagne,53.0,6
13619,2021-02-05,Bretagne,53.0,7
13620,2021-02-06,Bretagne,53.0,6
13621,2021-02-07,Bretagne,53.0,5
13622,2021-02-08,Bretagne,53.0,6
13623,2021-02-09,Bretagne,53.0,7
13624,2021-02-10,Bretagne,53.0,3
13625,2021-02-11,Bretagne,53.0,5
13626,2021-02-12,Bretagne,53.0,4
13627,2021-02-13,Bretagne,53.0,4
13628,2021-02-14,Bretagne,53.0,1
13629,2021-02-15,Bretagne,53.0,4
13630,2021-02-16,Bretagne,53.0,2
13631,2021-02-17,Bretagne,53.0,6
13632,2021-02-18,Bretagne,53.0,6
13633,2021-02-19,Bretagne,53.0,2
13634,2021-02-20,Bretagne,53.0,2
13635,2021-02-21,Bretagne,53.0,3
13636,2021-02-22,Bretagne,53.0,3
13637,2021-02-23,Bretagne,53.0,6
13638,2021-02-24,Bretagne,53.0,4
13639,2021-02-25,Bretagne,53.0,4
13640,2021-02-26,Bretagne,53.0,5
13641,2021-02-27,Bretagne,53.0,1
13642,2021-02-28,Bretagne,53.0,4
13643,2021-03-01,Bretagne,53.0,4
13644,2021-03-02,Bretagne,53.0,9
13645,2021-03-03,Bretagne,53.0,1
13646,2021-03-04,Bretagne,53.0,4
13647,2021-03-05,Bretagne,53.0,9
13648,2021-03-06,Bretagne,53.0,3
13649,2021-03-07,Bretagne,53.0,4
13650,2021-03-08,Bretagne,53.0,5
13651,2021-03-09,Bretagne,53.0,3
13652,2021-03-10,Bretagne,53.0,5
13653,2021-03-11,Bretagne,53.0,3
13654,2021-03-12,Bretagne,53.0,5
13655,2021-03-13,Bretagne,53.0,8
13656,2021-03-14,Bretagne,53.0,1
13657,2021-03-15,Bretagne,53.0,4
13658,2021-03-16,Bretagne,53.0,8
13659,2021-03-17,Bretagne,53.0,13
13660,2021-03-18,Bretagne,53.0,9
13661,2021-03-19,Bretagne,53.0,5
13662,2021-03-20,Bretagne,53.0,5
13663,2021-03-21,Bretagne,53.0,4
13664,2021-03-22,Bretagne,53.0,16
13665,2021-03-23,Bretagne,53.0,5
13666,2021-03-24,Bretagne,53.0,6
13667,2021-03-25,Bretagne,53.0,10
13668,2021-03-26,Bretagne,53.0,16
13669,2021-03-27,Bretagne,53.0,10
13670,2021-03-28,Bretagne,53.0,6
13671,2021-03-29,Bretagne,53.0,9
13672,2021-03-30,Bretagne,53.0,8
13673,2021-03-31,Bretagne,53.0,12
13674,2021-04-01,Bretagne,53.0,11
13675,2021-04-02,Bretagne,53.0,9
13676,2021-04-03,Bretagne,53.0,5
13677,2021-04-04,Bretagne,53.0,11
13678,2021-04-05,Bretagne,53.0,6
13679,2021-04-06,Bretagne,53.0,10
13680,2021-04-07,Bretagne,53.0,18
13681,2021-04-08,Bretagne,53.0,8
13682,2021-04-09,Bretagne,53.0,14
13683,2021-04-10,Bretagne,53.0,13
13684,2021-04-11,Bretagne,53.0,7
13685,2021-04-12,Bretagne,53.0,8
13686,2021-04-13,Bretagne,53.0,8
13687,2021-04-14,Bretagne,53.0,7
13688,2021-04-15,Bretagne,53.0,10
13689,2021-04-16,Bretagne,53.0,2
13690,2021-04-17,Bretagne,53.0,12
13691,2021-04-18,Bretagne,53.0,5
13692,2021-04-19,Bretagne,53.0,10
13693,2021-04-20,Bretagne,53.0,19
13694,2021-04-21,Bretagne,53.0,9
13695,2021-04-22,Bretagne,53.0,6
13696,2021-04-23,Bretagne,53.0,6
13697,2021-04-24,Bretagne,53.0,3
13698,2021-04-25,Bretagne,53.0,5
13699,2021-04-26,Bretagne,53.0,6
13700,2021-04-27,Bretagne,53.0,9
13701,2021-04-28,Bretagne,53.0,3
13702,2021-04-29,Bretagne,53.0,4
13703,2021-04-30,Bretagne,53.0,3
13704,2021-05-01,Bretagne,53.0,4
13705,2021-05-02,Bretagne,53.0,2
13706,2021-05-03,Bretagne,53.0,12
13707,2021-05-04,Bretagne,53.0,1
13708,2021-05-05,Bretagne,53.0,4
13709,2021-05-06,Bretagne,53.0,2
13710,2021-05-07,Bretagne,53.0,8
13711,2021-05-08,Bretagne,53.0,2
13712,2021-05-09,Bretagne,53.0,5
13713,2021-05-10,Bretagne,53.0,6
13714,2021-05-11,Bretagne,53.0,6
13715,2021-05-12,Bretagne,53.0,5
13716,2021-05-13,Bretagne,53.0,2
13717,2021-05-14,Bretagne,53.0,3
13718,2021-05-15,Bretagne,53.0,3
13719,2021-05-16,Bretagne,53.0,3
13720,2021-05-17,Bretagne,53.0,2
13721,2021-05-18,Bretagne,53.0,4
13722,2021-05-19,Bretagne,53.0,0
13723,2021-05-20,Bretagne,53.0,6
13724,2021-05-21,Bretagne,53.0,3
13725,2021-05-22,Bretagne,53.0,3
13726,2021-05-23,Bretagne,53.0,3
13727,2021-05-24,Bretagne,53.0,2
13728,2021-05-25,Bretagne,53.0,4
13729,2021-05-26,Bretagne,53.0,1
13730,2021-05-27,Bretagne,53.0,5
13731,2021-05-28,Bretagne,53.0,4
13732,2021-05-29,Bretagne,53.0,1
13733,2021-05-30,Bretagne,53.0,0
13734,2021-05-31,Bretagne,53.0,1
13735,2021-06-01,Bretagne,53.0,2
13736,2021-06-02,Bretagne,53.0,2
13737,2021-06-03,Bretagne,53.0,1
13738,2021-06-04,Bretagne,53.0,6
13739,2021-06-05,Bretagne,53.0,2
13740,2021-06-06,Bretagne,53.0,1
13741,2021-06-07,Bretagne,53.0,2
13742,2021-06-08,Bretagne,53.0,1
13743,2021-06-09,Bretagne,53.0,0
13744,2021-06-10,Bretagne,53.0,0
13745,2021-06-11,Bretagne,53.0,2
13746,2021-06-12,Bretagne,53.0,0
13747,2021-06-13,Bretagne,53.0,0
13748,2021-06-14,Bretagne,53.0,3
13749,2021-06-15,Bretagne,53.0,2
13750,2021-06-16,Bretagne,53.0,1
13751,2021-06-17,Bretagne,53.0,1
13752,2021-06-18,Bretagne,53.0,0
13753,2021-06-19,Bretagne,53.0,1
13754,2021-06-20,Bretagne,53.0,0
13755,2021-06-21,Bretagne,53.0,2
13756,2021-06-22,Bretagne,53.0,1
13757,2021-06-23,Bretagne,53.0,1
13758,2021-06-24,Bretagne,53.0,0
13759,2021-06-25,Bretagne,53.0,1
13760,2021-06-26,Bretagne,53.0,0
13761,2021-06-27,Bretagne,53.0,0
13762,2021-06-28,Bretagne,53.0,2
13763,2021-06-29,Bretagne,53.0,0
13764,2021-06-30,Bretagne,53.0,1
13765,2021-07-01,Bretagne,53.0,0
13766,2021-07-02,Bretagne,53.0,0
13767,2021-07-03,Bretagne,53.0,0
13768,2021-07-04,Bretagne,53.0,0
13769,2021-07-05,Bretagne,53.0,0
13770,2021-07-06,Bretagne,53.0,0
13771,2021-07-07,Bretagne,53.0,0
13772,2021-07-08,Bretagne,53.0,0
13773,2021-07-09,Bretagne,53.0,2
13774,2021-07-10,Bretagne,53.0,0
13775,2021-07-11,Bretagne,53.0,0
13776,2021-07-12,Bretagne,53.0,0
13777,2021-07-13,Bretagne,53.0,0
13778,2021-07-14,Bretagne,53.0,1
13779,2021-07-15,Bretagne,53.0,0
13780,2021-07-16,Bretagne,53.0,0
13781,2021-07-17,Bretagne,53.0,0
13782,2021-07-18,Bretagne,53.0,0
13783,2021-07-19,Bretagne,53.0,2
13784,2021-07-20,Bretagne,53.0,1
13785,2021-07-21,Bretagne,53.0,2
13786,2021-07-22,Bretagne,53.0,1
13787,2021-07-23,Bretagne,53.0,1
13788,2021-07-24,Bretagne,53.0,2
13789,2021-07-25,Bretagne,53.0,0
13790,2021-07-26,Bretagne,53.0,2
13791,2021-07-27,Bretagne,53.0,1
13792,2021-07-28,Bretagne,53.0,4
13793,2021-07-29,Bretagne,53.0,0
13794,2021-07-30,Bretagne,53.0,3
13795,2021-07-31,Bretagne,53.0,0
13796,2021-08-01,Bretagne,53.0,0
13797,2021-08-02,Bretagne,53.0,1
13798,2021-08-03,Bretagne,53.0,0
13799,2021-08-04,Bretagne,53.0,1
13800,2021-08-05,Bretagne,53.0,3
13801,2021-08-06,Bretagne,53.0,2
13802,2021-08-07,Bretagne,53.0,1
13803,2021-08-08,Bretagne,53.0,1
13804,2021-08-09,Bretagne,53.0,3
13805,2021-08-10,Bretagne,53.0,3
13806,2021-08-11,Bretagne,53.0,4
13807,2021-08-12,Bretagne,53.0,2
13808,2021-08-13,Bretagne,53.0,5
13809,2021-08-14,Bretagne,53.0,1
13810,2021-08-15,Bretagne,53.0,1
13811,2021-08-16,Bretagne,53.0,9
13812,2021-08-17,Bretagne,53.0,5
13813,2021-08-18,Bretagne,53.0,5
13814,2021-08-19,Bretagne,53.0,5
13815,2021-08-20,Bretagne,53.0,3
13816,2021-08-21,Bretagne,53.0,4
13817,2021-08-22,Bretagne,53.0,3
13818,2021-08-23,Bretagne,53.0,8
13819,2021-08-24,Bretagne,53.0,4
13820,2021-08-25,Bretagne,53.0,2
13821,2021-08-26,Bretagne,53.0,5
13822,2021-08-27,Bretagne,53.0,7
13823,2021-08-28,Bretagne,53.0,3
13824,2021-08-29,Bretagne,53.0,0
13825,2021-08-30,Bretagne,53.0,4
13826,2021-08-31,Bretagne,53.0,3
13827,2021-09-01,Bretagne,53.0,6
13828,2021-09-02,Bretagne,53.0,3
13829,2021-09-03,Bretagne,53.0,3
13830,2021-09-04,Bretagne,53.0,3
13831,2021-09-05,Bretagne,53.0,2
13832,2021-09-06,Bretagne,53.0,5
13833,2021-09-07,Bretagne,53.0,4
13834,2021-09-08,Bretagne,53.0,3
13835,2021-09-09,Bretagne,53.0,3
13836,2021-09-10,Bretagne,53.0,1
13837,2021-09-11,Bretagne,53.0,1
13838,2021-09-12,Bretagne,53.0,1
13839,2021-09-13,Bretagne,53.0,1
13840,2021-09-14,Bretagne,53.0,3
13841,2021-09-15,Bretagne,53.0,1
13842,2021-09-16,Bretagne,53.0,2
13843,2021-09-17,Bretagne,53.0,3
13844,2021-09-18,Bretagne,53.0,1
13845,2021-09-19,Bretagne,53.0,0
13846,2021-09-20,Bretagne,53.0,4
13847,2021-09-21,Bretagne,53.0,1
13848,2021-09-22,Bretagne,53.0,1
13849,2021-09-23,Bretagne,53.0,2
13850,2021-09-24,Bretagne,53.0,0
13851,2021-09-25,Bretagne,53.0,1
13852,2021-09-26,Bretagne,53.0,0
13853,2021-09-27,Bretagne,53.0,2
13854,2021-09-28,Bretagne,53.0,2
13855,2021-09-29,Bretagne,53.0,0
13856,2021-09-30,Bretagne,53.0,1
13857,2021-10-01,Bretagne,53.0,0
13858,2021-10-02,Bretagne,53.0,0
13859,2021-10-03,Bretagne,53.0,1
13860,2021-10-04,Bretagne,53.0,5
13861,2021-10-05,Bretagne,53.0,3
13862,2021-10-06,Bretagne,53.0,4
13863,2021-10-07,Bretagne,53.0,1
13864,2021-10-08,Bretagne,53.0,0
13865,2021-10-09,Bretagne,53.0,3
13866,2021-10-10,Bretagne,53.0,1
13867,2021-10-11,Bretagne,53.0,0
13868,2021-10-12,Bretagne,53.0,2
13869,2021-10-13,Bretagne,53.0,1
13870,2021-10-14,Bretagne,53.0,1
13871,2021-10-15,Bretagne,53.0,2
13872,2021-10-16,Bretagne,53.0,0
13873,2021-10-17,Bretagne,53.0,0
13874,2021-10-18,Bretagne,53.0,2
13875,2021-10-19,Bretagne,53.0,1
13876,2021-10-20,Bretagne,53.0,2
13877,2021-10-21,Bretagne,53.0,3
13878,2021-10-22,Bretagne,53.0,0
13879,2021-10-23,Bretagne,53.0,2
13880,2021-10-24,Bretagne,53.0,0
13881,2021-10-25,Bretagne,53.0,1
13882,2021-10-26,Bretagne,53.0,2
13883,2021-10-27,Bretagne,53.0,3
13884,2021-10-28,Bretagne,53.0,1
13885,2021-10-29,Bretagne,53.0,1
13886,2021-10-30,Bretagne,53.0,3
13887,2021-10-31,Bretagne,53.0,0
13888,2021-11-01,Bretagne,53.0,1
13889,2021-11-02,Bretagne,53.0,3
13890,2021-11-03,Bretagne,53.0,2
13891,2021-11-04,Bretagne,53.0,2
13892,2021-11-05,Bretagne,53.0,4
13893,2021-11-06,Bretagne,53.0,3
13894,2021-11-07,Bretagne,53.0,0
13895,2021-11-08,Bretagne,53.0,2
13896,2021-11-09,Bretagne,53.0,5
13897,2021-11-10,Bretagne,53.0,0
13898,2021-11-11,Bretagne,53.0,0
13899,2021-11-12,Bretagne,53.0,3
13900,2021-11-13,Bretagne,53.0,4
13901,2021-11-14,Bretagne,53.0,2
13902,2021-11-15,Bretagne,53.0,9
13903,2021-11-16,Bretagne,53.0,2
13904,2021-11-17,Bretagne,53.0,2
13905,2021-11-18,Bretagne,53.0,3
13906,2021-11-19,Bretagne,53.0,1
13907,2021-11-20,Bretagne,53.0,2
13908,2021-11-21,Bretagne,53.0,2
13909,2021-11-22,Bretagne,53.0,9
13910,2021-11-23,Bretagne,53.0,6
13911,2021-11-24,Bretagne,53.0,1
13912,2021-11-25,Bretagne,53.0,4
13913,2021-11-26,Bretagne,53.0,5
13914,2021-11-27,Bretagne,53.0,3
13915,2021-11-28,Bretagne,53.0,1
13916,2021-11-29,Bretagne,53.0,7
13917,2021-11-30,Bretagne,53.0,4
13918,2021-12-01,Bretagne,53.0,4
13919,2021-12-02,Bretagne,53.0,3
13920,2021-12-03,Bretagne,53.0,3
13921,2021-12-04,Bretagne,53.0,2
13922,2021-12-05,Bretagne,53.0,1
13923,2021-12-06,Bretagne,53.0,7
13924,2021-12-07,Bretagne,53.0,3
13925,2021-12-08,Bretagne,53.0,1
13926,2021-12-09,Bretagne,53.0,6
13927,2021-12-10,Bretagne,53.0,7
13928,2021-12-11,Bretagne,53.0,3
13929,2021-12-12,Bretagne,53.0,1
13930,2021-12-13,Bretagne,53.0,9
13931,2021-12-14,Bretagne,53.0,7
13932,2021-12-15,Bretagne,53.0,6
13933,2021-12-16,Bretagne,53.0,5
13934,2021-12-17,Bretagne,53.0,8
13935,2021-12-18,Bretagne,53.0,4
13936,2021-12-19,Bretagne,53.0,0
13937,2021-12-20,Bretagne,53.0,8
13938,2021-12-21,Bretagne,53.0,6
13939,2021-12-22,Bretagne,53.0,6
13940,2021-12-23,Bretagne,53.0,4
13941,2021-12-24,Bretagne,53.0,9
13942,2021-12-25,Bretagne,53.0,1
13943,2021-12-26,Bretagne,53.0,2
13944,2021-12-27,Bretagne,53.0,5
13945,2021-12-28,Bretagne,53.0,2
13946,2021-12-29,Bretagne,53.0,5
13947,2021-12-30,Bretagne,53.0,6
13948,2021-12-31,Bretagne,53.0,9
13949,2022-01-01,Bretagne,53.0,3
13950,2022-01-02,Bretagne,53.0,5
13951,2022-01-03,Bretagne,53.0,5
13952,2022-01-04,Bretagne,53.0,7
13953,2022-01-05,Bretagne,53.0,6
13954,2022-01-06,Bretagne,53.0,5
13955,2022-01-07,Bretagne,53.0,12
13956,2022-01-08,Bretagne,53.0,5
13957,2022-01-09,Bretagne,53.0,5
13958,2022-01-10,Bretagne,53.0,15
13959,2022-01-11,Bretagne,53.0,11
13960,2022-01-12,Bretagne,53.0,5
13961,2022-01-13,Bretagne,53.0,5
13962,2022-01-14,Bretagne,53.0,6
13963,2022-01-15,Bretagne,53.0,4
13964,2022-01-16,Bretagne,53.0,3
13965,2022-01-17,Bretagne,53.0,12
13966,2022-01-18,Bretagne,53.0,13
13967,2022-01-19,Bretagne,53.0,10
13968,2022-01-20,Bretagne,53.0,5
13969,2022-01-21,Bretagne,53.0,4
13970,2022-01-22,Bretagne,53.0,3
13971,2022-01-23,Bretagne,53.0,9
13972,2022-01-24,Bretagne,53.0,8
13973,2022-01-25,Bretagne,53.0,5
13974,2022-01-26,Bretagne,53.0,12
13975,2022-01-27,Bretagne,53.0,9
13976,2022-01-28,Bretagne,53.0,5
13977,2022-01-29,Bretagne,53.0,7
13978,2022-01-30,Bretagne,53.0,6
13979,2022-01-31,Bretagne,53.0,5
13980,2022-02-01,Bretagne,53.0,13
13981,2022-02-02,Bretagne,53.0,11
13982,2022-02-03,Bretagne,53.0,4
13983,2022-02-04,Bretagne,53.0,8
13984,2022-02-05,Bretagne,53.0,3
13985,2022-02-06,Bretagne,53.0,7
13986,2022-02-07,Bretagne,53.0,7
13987,2022-02-08,Bretagne,53.0,7
13988,2022-02-09,Bretagne,53.0,9
13989,2022-02-10,Bretagne,53.0,7
13990,2022-02-11,Bretagne,53.0,7
13991,2022-02-12,Bretagne,53.0,15
13992,2022-02-13,Bretagne,53.0,10
13993,2022-02-14,Bretagne,53.0,11
13994,2022-02-15,Bretagne,53.0,7
13995,2022-02-16,Bretagne,53.0,3
13996,2022-02-17,Bretagne,53.0,5
13997,2022-02-18,Bretagne,53.0,9
13998,2022-02-19,Bretagne,53.0,8
13999,2022-02-20,Bretagne,53.0,4
14000,2022-02-21,Bretagne,53.0,7
14001,2022-02-22,Bretagne,53.0,10
14002,2022-02-23,Bretagne,53.0,4
14003,2022-02-24,Bretagne,53.0,4
14004,2022-02-25,Bretagne,53.0,7
14005,2022-02-26,Bretagne,53.0,1
14006,2022-02-27,Bretagne,53.0,1
14007,2022-02-28,Bretagne,53.0,5
14008,2022-03-01,Bretagne,53.0,11
14009,2022-03-02,Bretagne,53.0,4
14010,2022-03-03,Bretagne,53.0,5
14011,2022-03-04,Bretagne,53.0,6
14012,2022-03-05,Bretagne,53.0,4
14013,2022-03-06,Bretagne,53.0,5
14014,2022-03-07,Bretagne,53.0,7
14015,2022-03-08,Bretagne,53.0,2
14016,2022-03-09,Bretagne,53.0,5
14017,2022-03-10,Bretagne,53.0,4
14018,2022-03-11,Bretagne,53.0,3
14019,2022-03-12,Bretagne,53.0,7
14020,2022-03-13,Bretagne,53.0,4
14021,2022-03-14,Bretagne,53.0,3
14022,2022-03-15,Bretagne,53.0,6
14023,2022-03-16,Bretagne,53.0,5
14024,2022-03-17,Bretagne,53.0,5
14025,2022-03-18,Bretagne,53.0,2
14026,2022-03-19,Bretagne,53.0,1
14027,2022-03-20,Bretagne,53.0,3
14028,2022-03-21,Bretagne,53.0,5
14029,2022-03-22,Bretagne,53.0,4
14030,2022-03-23,Bretagne,53.0,6
14031,2022-03-24,Bretagne,53.0,3
14032,2022-03-25,Bretagne,53.0,5
14033,2022-03-26,Bretagne,53.0,2
14034,2022-03-27,Bretagne,53.0,0
14035,2022-03-28,Bretagne,53.0,5
14036,2022-03-29,Bretagne,53.0,7
14037,2022-03-30,Bretagne,53.0,8
14038,2022-03-31,Bretagne,53.0,5
14039,2022-04-01,Bretagne,53.0,6
14040,2022-04-02,Bretagne,53.0,1
14041,2022-04-03,Bretagne,53.0,6
14042,2022-04-04,Bretagne,53.0,7
14043,2022-04-05,Bretagne,53.0,9
14044,2022-04-06,Bretagne,53.0,10
14045,2022-04-07,Bretagne,53.0,4
14046,2022-04-08,Bretagne,53.0,6
14047,2022-04-09,Bretagne,53.0,2
14048,2022-04-10,Bretagne,53.0,8
14049,2022-04-11,Bretagne,53.0,10
14050,2022-04-12,Bretagne,53.0,6
14051,2022-04-13,Bretagne,53.0,10
14052,2022-04-14,Bretagne,53.0,13
14053,2022-04-15,Bretagne,53.0,8
14054,2022-04-16,Bretagne,53.0,1
14055,2022-04-17,Bretagne,53.0,4
14056,2022-04-18,Bretagne,53.0,6
14057,2022-04-19,Bretagne,53.0,22
14058,2022-04-20,Bretagne,53.0,16
14059,2022-04-21,Bretagne,53.0,10
14060,2022-04-22,Bretagne,53.0,6
14061,2022-04-23,Bretagne,53.0,4
14062,2022-04-24,Bretagne,53.0,2
14063,2022-04-25,Bretagne,53.0,5
14064,2022-04-26,Bretagne,53.0,13
14065,2022-04-27,Bretagne,53.0,8
14066,2022-04-28,Bretagne,53.0,9
14067,2022-04-29,Bretagne,53.0,4
14068,2022-04-30,Bretagne,53.0,0
14069,2022-05-01,Bretagne,53.0,1
14070,2022-05-02,Bretagne,53.0,10
14071,2022-05-03,Bretagne,53.0,4
14072,2022-05-04,Bretagne,53.0,6
14073,2022-05-05,Bretagne,53.0,3
14074,2022-05-06,Bretagne,53.0,5
14075,2022-05-07,Bretagne,53.0,2
14076,2022-05-08,Bretagne,53.0,8
14077,2022-05-09,Bretagne,53.0,4
14078,2022-05-10,Bretagne,53.0,3
14079,2022-05-11,Bretagne,53.0,4
14080,2022-05-12,Bretagne,53.0,6
14081,2022-05-13,Bretagne,53.0,3
14082,2022-05-14,Bretagne,53.0,0
14083,2022-05-15,Bretagne,53.0,1
14084,2022-05-16,Bretagne,53.0,4
14085,2022-05-17,Bretagne,53.0,3
14086,2022-05-18,Bretagne,53.0,4
14087,2022-05-19,Bretagne,53.0,7
14088,2022-05-20,Bretagne,53.0,4
14089,2022-05-21,Bretagne,53.0,2
14090,2022-05-22,Bretagne,53.0,0
14091,2022-05-23,Bretagne,53.0,5
14092,2022-05-24,Bretagne,53.0,4
14093,2022-05-25,Bretagne,53.0,2
14094,2022-05-26,Bretagne,53.0,4
14095,2022-05-27,Bretagne,53.0,1
14096,2022-05-28,Bretagne,53.0,6
14097,2022-05-29,Bretagne,53.0,4
14098,2022-05-30,Bretagne,53.0,7
14099,2022-05-31,Bretagne,53.0,5
14100,2022-06-01,Bretagne,53.0,3
14101,2022-06-02,Bretagne,53.0,0
14102,2022-06-03,Bretagne,53.0,1
14103,2022-06-04,Bretagne,53.0,3
14104,2022-06-05,Bretagne,53.0,4
14105,2022-06-06,Bretagne,53.0,0
14106,2022-06-07,Bretagne,53.0,5
14107,2022-06-08,Bretagne,53.0,2
14108,2022-06-09,Bretagne,53.0,4
14109,2022-06-10,Bretagne,53.0,0
14110,2022-06-11,Bretagne,53.0,0
14111,2022-06-12,Bretagne,53.0,0
14112,2022-06-13,Bretagne,53.0,2
14113,2022-06-14,Bretagne,53.0,1
14114,2022-06-15,Bretagne,53.0,3
14115,2022-06-16,Bretagne,53.0,5
14116,2022-06-17,Bretagne,53.0,2
14117,2022-06-18,Bretagne,53.0,1
14118,2022-06-19,Bretagne,53.0,1
14119,2022-06-20,Bretagne,53.0,3
14120,2022-06-21,Bretagne,53.0,6
14121,2022-06-22,Bretagne,53.0,1
14122,2022-06-23,Bretagne,53.0,4
14123,2022-06-24,Bretagne,53.0,3
14124,2022-06-25,Bretagne,53.0,0
14125,2022-06-26,Bretagne,53.0,0
14126,2022-06-27,Bretagne,53.0,5
14127,2022-06-28,Bretagne,53.0,10
14128,2022-06-29,Bretagne,53.0,5
14129,2022-06-30,Bretagne,53.0,6
14130,2022-07-01,Bretagne,53.0,3
14131,2022-07-02,Bretagne,53.0,0
14132,2022-07-03,Bretagne,53.0,1
14133,2022-07-04,Bretagne,53.0,7
14134,2022-07-05,Bretagne,53.0,3
14135,2022-07-06,Bretagne,53.0,4
14136,2022-07-07,Bretagne,53.0,4
14137,2022-07-08,Bretagne,53.0,4
14138,2022-07-09,Bretagne,53.0,9
14139,2022-07-10,Bretagne,53.0,0
14140,2022-07-11,Bretagne,53.0,13
14141,2022-07-12,Bretagne,53.0,8
14142,2022-07-13,Bretagne,53.0,6
14143,2022-07-14,Bretagne,53.0,2
14144,2022-07-15,Bretagne,53.0,3
14145,2022-07-16,Bretagne,53.0,10
14146,2022-07-17,Bretagne,53.0,1
14147,2022-07-18,Bretagne,53.0,18
14148,2022-07-19,Bretagne,53.0,10
14149,2022-07-20,Bretagne,53.0,2
14150,2022-07-21,Bretagne,53.0,5
14151,2022-07-22,Bretagne,53.0,8
14152,2022-07-23,Bretagne,53.0,0
14153,2022-07-24,Bretagne,53.0,2
14154,2022-07-25,Bretagne,53.0,5
14155,2022-07-26,Bretagne,53.0,7
14156,2022-07-27,Bretagne,53.0,3
14157,2022-07-28,Bretagne,53.0,1
14158,2022-07-29,Bretagne,53.0,7
14159,2022-07-30,Bretagne,53.0,1
14160,2022-07-31,Bretagne,53.0,2
14161,2022-08-01,Bretagne,53.0,2
14162,2022-08-02,Bretagne,53.0,2
14163,2022-08-03,Bretagne,53.0,2
14164,2022-08-04,Bretagne,53.0,5
14165,2022-08-05,Bretagne,53.0,5
14166,2022-08-06,Bretagne,53.0,0
14167,2022-08-07,Bretagne,53.0,1
14168,2022-08-08,Bretagne,53.0,8
14169,2022-08-09,Bretagne,53.0,7
14170,2022-08-10,Bretagne,53.0,3
14171,2022-08-11,Bretagne,53.0,1
14172,2022-08-12,Bretagne,53.0,6
14173,2022-08-13,Bretagne,53.0,1
14174,2022-08-14,Bretagne,53.0,0
14175,2022-08-15,Bretagne,53.0,2
14176,2022-08-16,Bretagne,53.0,13
14177,2022-08-17,Bretagne,53.0,6
14178,2022-08-18,Bretagne,53.0,3
14179,2022-08-19,Bretagne,53.0,5
14180,2022-08-20,Bretagne,53.0,0
14181,2022-08-21,Bretagne,53.0,0
14182,2022-08-22,Bretagne,53.0,5
14183,2022-08-23,Bretagne,53.0,6
14184,2022-08-24,Bretagne,53.0,0
14185,2022-08-25,Bretagne,53.0,5
14186,2022-08-26,Bretagne,53.0,2
14187,2022-08-27,Bretagne,53.0,0
14188,2022-08-28,Bretagne,53.0,2
14189,2022-08-29,Bretagne,53.0,2
14190,2022-08-30,Bretagne,53.0,3
14191,2022-08-31,Bretagne,53.0,1
14192,2022-09-01,Bretagne,53.0,6
14193,2022-09-02,Bretagne,53.0,3
14194,2022-09-03,Bretagne,53.0,0
14195,2022-09-04,Bretagne,53.0,0
14196,2022-09-05,Bretagne,53.0,1
14197,2022-09-06,Bretagne,53.0,3
14198,2022-09-07,Bretagne,53.0,2
14199,2022-09-08,Bretagne,53.0,2
14200,2022-09-09,Bretagne,53.0,1
14201,2022-09-10,Bretagne,53.0,0
14202,2022-09-11,Bretagne,53.0,0
14203,2022-09-12,Bretagne,53.0,2
14204,2022-09-13,Bretagne,53.0,1
14205,2022-09-14,Bretagne,53.0,2
14206,2022-09-15,Bretagne,53.0,2
14207,2022-09-16,Bretagne,53.0,3
14208,2022-09-17,Bretagne,53.0,1
14209,2022-09-18,Bretagne,53.0,0
14210,2022-09-19,Bretagne,53.0,1
14211,2022-09-20,Bretagne,53.0,4
14212,2022-09-21,Bretagne,53.0,2
14213,2022-09-22,Bretagne,53.0,1
14214,2022-09-23,Bretagne,53.0,2
14215,2022-09-24,Bretagne,53.0,0
14216,2022-09-25,Bretagne,53.0,0
14217,2022-09-26,Bretagne,53.0,1
14218,2022-09-27,Bretagne,53.0,1
14219,2022-09-28,Bretagne,53.0,1
14220,2022-09-29,Bretagne,53.0,2
14221,2022-09-30,Bretagne,53.0,4
14222,2022-10-01,Bretagne,53.0,1
14223,2022-10-02,Bretagne,53.0,0
14224,2022-10-03,Bretagne,53.0,1
14225,2022-10-04,Bretagne,53.0,5
14226,2022-10-05,Bretagne,53.0,10
14227,2022-10-06,Bretagne,53.0,1
14228,2022-10-07,Bretagne,53.0,0
14229,2022-10-08,Bretagne,53.0,1
14230,2022-10-09,Bretagne,53.0,1
14231,2022-10-10,Bretagne,53.0,8
14232,2022-10-11,Bretagne,53.0,6
14233,2022-10-12,Bretagne,53.0,4
14234,2022-10-13,Bretagne,53.0,4
14235,2022-10-14,Bretagne,53.0,5
14236,2022-10-15,Bretagne,53.0,3
14237,2022-10-16,Bretagne,53.0,0
14238,2022-10-17,Bretagne,53.0,8
14239,2022-10-18,Bretagne,53.0,3
14240,2022-10-19,Bretagne,53.0,2
14241,2022-10-20,Bretagne,53.0,10
14242,2022-10-21,Bretagne,53.0,4
14243,2022-10-22,Bretagne,53.0,0
14244,2022-10-23,Bretagne,53.0,1
14245,2022-10-24,Bretagne,53.0,10
14246,2022-10-25,Bretagne,53.0,1
14247,2022-10-26,Bretagne,53.0,5
14248,2022-10-27,Bretagne,53.0,2
14249,2022-10-28,Bretagne,53.0,1
14250,2022-10-29,Bretagne,53.0,1
14251,2022-10-30,Bretagne,53.0,0
14252,2022-10-31,Bretagne,53.0,7
14253,2022-11-01,Bretagne,53.0,3
14254,2022-11-02,Bretagne,53.0,7
14255,2022-11-03,Bretagne,53.0,3
14256,2022-11-04,Bretagne,53.0,1
14257,2022-11-05,Bretagne,53.0,1
14258,2022-11-06,Bretagne,53.0,0
14259,2022-11-07,Bretagne,53.0,6
14260,2022-11-08,Bretagne,53.0,2
14261,2022-11-09,Bretagne,53.0,4
14262,2022-11-10,Bretagne,53.0,4
14263,2022-11-11,Bretagne,53.0,0
14264,2022-11-12,Bretagne,53.0,0
14265,2022-11-13,Bretagne,53.0,0
14266,2022-11-14,Bretagne,53.0,3
14267,2022-11-15,Bretagne,53.0,5
14268,2022-11-16,Bretagne,53.0,5
14269,2022-11-17,Bretagne,53.0,2
14270,2022-11-18,Bretagne,53.0,3
14271,2022-11-19,Bretagne,53.0,3
14272,2022-11-20,Bretagne,53.0,1
14273,2022-11-21,Bretagne,53.0,5
14274,2022-11-22,Bretagne,53.0,1
14275,2022-11-23,Bretagne,53.0,4
14276,2022-11-24,Bretagne,53.0,2
14277,2022-11-25,Bretagne,53.0,6
14278,2022-11-26,Bretagne,53.0,0
14279,2022-11-27,Bretagne,53.0,0
14280,2022-11-28,Bretagne,53.0,8
14281,2022-11-29,Bretagne,53.0,1
14282,2022-11-30,Bretagne,53.0,6
14283,2022-12-01,Bretagne,53.0,7
14284,2022-12-02,Bretagne,53.0,4
14285,2022-12-03,Bretagne,53.0,2
14286,2022-12-04,Bretagne,53.0,0
14287,2022-12-05,Bretagne,53.0,4
14288,2022-12-06,Bretagne,53.0,4
14289,2022-12-07,Bretagne,53.0,6
14290,2022-12-08,Bretagne,53.0,2
14291,2022-12-09,Bretagne,53.0,4
14292,2022-12-10,Bretagne,53.0,2
14293,2022-12-11,Bretagne,53.0,0
14294,2022-12-12,Bretagne,53.0,4
14295,2022-12-13,Bretagne,53.0,8
14296,2022-12-14,Bretagne,53.0,11
14297,2022-12-15,Bretagne,53.0,7
14298,2022-12-16,Bretagne,53.0,8
14299,2022-12-17,Bretagne,53.0,2
14300,2022-12-18,Bretagne,53.0,0
14301,2022-12-19,Bretagne,53.0,9
14302,2022-12-20,Bretagne,53.0,12
14303,2022-12-21,Bretagne,53.0,6
14304,2022-12-22,Bretagne,53.0,4
14305,2022-12-23,Bretagne,53.0,14
14306,2022-12-24,Bretagne,53.0,1
14307,2022-12-25,Bretagne,53.0,0
14308,2022-12-26,Bretagne,53.0,12
14309,2022-12-27,Bretagne,53.0,12
14310,2022-12-28,Bretagne,53.0,7
14311,2022-12-29,Bretagne,53.0,8
14312,2022-12-30,Bretagne,53.0,5
14313,2022-12-31,Bretagne,53.0,1
14314,2023-01-01,Bretagne,53.0,7
14315,2023-01-02,Bretagne,53.0,9
14316,2023-01-03,Bretagne,53.0,13
14317,2023-01-04,Bretagne,53.0,8
14318,2023-01-05,Bretagne,53.0,3
14319,2023-01-06,Bretagne,53.0,4
14320,2023-01-07,Bretagne,53.0,0
14321,2023-01-08,Bretagne,53.0,2
14322,2023-01-09,Bretagne,53.0,8
14323,2023-01-10,Bretagne,53.0,5
14324,2023-01-11,Bretagne,53.0,9
14325,2023-01-12,Bretagne,53.0,3
14326,2023-01-13,Bretagne,53.0,6
14327,2023-01-14,Bretagne,53.0,0
14328,2023-01-15,Bretagne,53.0,0
14329,2023-01-16,Bretagne,53.0,4
14330,2023-01-17,Bretagne,53.0,5
14331,2023-01-18,Bretagne,53.0,2
14332,2023-01-19,Bretagne,53.0,2
14333,2023-01-20,Bretagne,53.0,2
14334,2023-01-21,Bretagne,53.0,0
14335,2023-01-22,Bretagne,53.0,0
14336,2023-01-23,Bretagne,53.0,4
14337,2023-01-24,Bretagne,53.0,1
14338,2023-01-25,Bretagne,53.0,2
14339,2023-01-26,Bretagne,53.0,1
14340,2023-01-27,Bretagne,53.0,0
14341,2023-01-28,Bretagne,53.0,0
14342,2023-01-29,Bretagne,53.0,1
14343,2023-01-30,Bretagne,53.0,3
14344,2023-01-31,Bretagne,53.0,2
14345,2023-02-01,Bretagne,53.0,2
14346,2023-02-02,Bretagne,53.0,3
14347,2023-02-03,Bretagne,53.0,6
14348,2023-02-04,Bretagne,53.0,0
14349,2023-02-05,Bretagne,53.0,0
14350,2023-02-06,Bretagne,53.0,4
14351,2023-02-07,Bretagne,53.0,0
14352,2023-02-08,Bretagne,53.0,22
14353,2023-02-09,Bretagne,53.0,1
14354,2023-02-10,Bretagne,53.0,6
14355,2023-02-11,Bretagne,53.0,0
14356,2023-02-12,Bretagne,53.0,0
14357,2023-02-13,Bretagne,53.0,0
14358,2023-02-14,Bretagne,53.0,1
14359,2023-02-15,Bretagne,53.0,0
14360,2023-02-16,Bretagne,53.0,0
14361,2023-02-17,Bretagne,53.0,1
14362,2023-02-18,Bretagne,53.0,1
14363,2023-02-19,Bretagne,53.0,0
14364,2023-02-20,Bretagne,53.0,3
14365,2023-02-21,Bretagne,53.0,1
14366,2023-02-22,Bretagne,53.0,0
14367,2023-02-23,Bretagne,53.0,0
14368,2023-02-24,Bretagne,53.0,4
14369,2023-02-25,Bretagne,53.0,1
14370,2023-02-26,Bretagne,53.0,0
14371,2023-02-27,Bretagne,53.0,0
14372,2023-02-28,Bretagne,53.0,0
14373,2023-03-01,Bretagne,53.0,2
14374,2023-03-02,Bretagne,53.0,0
14375,2023-03-03,Bretagne,53.0,2
14376,2023-03-04,Bretagne,53.0,0
14377,2023-03-05,Bretagne,53.0,0
14378,2023-03-06,Bretagne,53.0,1
14379,2023-03-07,Bretagne,53.0,0
14380,2023-03-08,Bretagne,53.0,2
14381,2023-03-09,Bretagne,53.0,1
14382,2023-03-10,Bretagne,53.0,0
14383,2023-03-11,Bretagne,53.0,0
14384,2023-03-12,Bretagne,53.0,0
14385,2023-03-13,Bretagne,53.0,1
14386,2023-03-14,Bretagne,53.0,2
14387,2023-03-15,Bretagne,53.0,2
14388,2023-03-16,Bretagne,53.0,1
14389,2023-03-17,Bretagne,53.0,1
14390,2023-03-18,Bretagne,53.0,0
14391,2023-03-19,Bretagne,53.0,0
14392,2023-03-20,Bretagne,53.0,1
14393,2023-03-21,Bretagne,53.0,1
14394,2023-03-22,Bretagne,53.0,2
14395,2023-03-23,Bretagne,53.0,1
14396,2023-03-24,Bretagne,53.0,1
14397,2023-03-25,Bretagne,53.0,0
14398,2023-03-26,Bretagne,53.0,0
14399,2023-03-27,Bretagne,53.0,2
14400,2023-03-28,Bretagne,53.0,1
14401,2023-03-29,Bretagne,53.0,0
14402,2023-03-30,Bretagne,53.0,1
14403,2023-03-31,Bretagne,53.0,0
14404,2020-03-19,Nouvelle-Aquitaine,75.0,7
14405,2020-03-20,Nouvelle-Aquitaine,75.0,6
14406,2020-03-21,Nouvelle-Aquitaine,75.0,19
14407,2020-03-22,Nouvelle-Aquitaine,75.0,5
14408,2020-03-23,Nouvelle-Aquitaine,75.0,13
14409,2020-03-24,Nouvelle-Aquitaine,75.0,31
14410,2020-03-25,Nouvelle-Aquitaine,75.0,23
14411,2020-03-26,Nouvelle-Aquitaine,75.0,28
14412,2020-03-27,Nouvelle-Aquitaine,75.0,27
14413,2020-03-28,Nouvelle-Aquitaine,75.0,23
14414,2020-03-29,Nouvelle-Aquitaine,75.0,35
14415,2020-03-30,Nouvelle-Aquitaine,75.0,25
14416,2020-03-31,Nouvelle-Aquitaine,75.0,32
14417,2020-04-01,Nouvelle-Aquitaine,75.0,23
14418,2020-04-02,Nouvelle-Aquitaine,75.0,19
14419,2020-04-03,Nouvelle-Aquitaine,75.0,12
14420,2020-04-04,Nouvelle-Aquitaine,75.0,11
14421,2020-04-05,Nouvelle-Aquitaine,75.0,7
14422,2020-04-06,Nouvelle-Aquitaine,75.0,11
14423,2020-04-07,Nouvelle-Aquitaine,75.0,14
14424,2020-04-08,Nouvelle-Aquitaine,75.0,18
14425,2020-04-09,Nouvelle-Aquitaine,75.0,12
14426,2020-04-10,Nouvelle-Aquitaine,75.0,13
14427,2020-04-11,Nouvelle-Aquitaine,75.0,5
14428,2020-04-12,Nouvelle-Aquitaine,75.0,4
14429,2020-04-13,Nouvelle-Aquitaine,75.0,10
14430,2020-04-14,Nouvelle-Aquitaine,75.0,5
14431,2020-04-15,Nouvelle-Aquitaine,75.0,5
14432,2020-04-16,Nouvelle-Aquitaine,75.0,2
14433,2020-04-17,Nouvelle-Aquitaine,75.0,6
14434,2020-04-18,Nouvelle-Aquitaine,75.0,5
14435,2020-04-19,Nouvelle-Aquitaine,75.0,5
14436,2020-04-20,Nouvelle-Aquitaine,75.0,4
14437,2020-04-21,Nouvelle-Aquitaine,75.0,0
14438,2020-04-22,Nouvelle-Aquitaine,75.0,3
14439,2020-04-23,Nouvelle-Aquitaine,75.0,5
14440,2020-04-24,Nouvelle-Aquitaine,75.0,3
14441,2020-04-25,Nouvelle-Aquitaine,75.0,0
14442,2020-04-26,Nouvelle-Aquitaine,75.0,3
14443,2020-04-27,Nouvelle-Aquitaine,75.0,2
14444,2020-04-28,Nouvelle-Aquitaine,75.0,2
14445,2020-04-29,Nouvelle-Aquitaine,75.0,3
14446,2020-04-30,Nouvelle-Aquitaine,75.0,2
14447,2020-05-01,Nouvelle-Aquitaine,75.0,2
14448,2020-05-02,Nouvelle-Aquitaine,75.0,0
14449,2020-05-03,Nouvelle-Aquitaine,75.0,4
14450,2020-05-04,Nouvelle-Aquitaine,75.0,3
14451,2020-05-05,Nouvelle-Aquitaine,75.0,3
14452,2020-05-06,Nouvelle-Aquitaine,75.0,0
14453,2020-05-07,Nouvelle-Aquitaine,75.0,3
14454,2020-05-08,Nouvelle-Aquitaine,75.0,1
14455,2020-05-09,Nouvelle-Aquitaine,75.0,1
14456,2020-05-10,Nouvelle-Aquitaine,75.0,1
14457,2020-05-11,Nouvelle-Aquitaine,75.0,4
14458,2020-05-12,Nouvelle-Aquitaine,75.0,0
14459,2020-05-13,Nouvelle-Aquitaine,75.0,3
14460,2020-05-14,Nouvelle-Aquitaine,75.0,0
14461,2020-05-15,Nouvelle-Aquitaine,75.0,0
14462,2020-05-16,Nouvelle-Aquitaine,75.0,0
14463,2020-05-17,Nouvelle-Aquitaine,75.0,0
14464,2020-05-18,Nouvelle-Aquitaine,75.0,1
14465,2020-05-19,Nouvelle-Aquitaine,75.0,5
14466,2020-05-20,Nouvelle-Aquitaine,75.0,0
14467,2020-05-21,Nouvelle-Aquitaine,75.0,0
14468,2020-05-22,Nouvelle-Aquitaine,75.0,2
14469,2020-05-23,Nouvelle-Aquitaine,75.0,2
14470,2020-05-24,Nouvelle-Aquitaine,75.0,1
14471,2020-05-25,Nouvelle-Aquitaine,75.0,3
14472,2020-05-26,Nouvelle-Aquitaine,75.0,1
14473,2020-05-27,Nouvelle-Aquitaine,75.0,1
14474,2020-05-28,Nouvelle-Aquitaine,75.0,1
14475,2020-05-29,Nouvelle-Aquitaine,75.0,1
14476,2020-05-30,Nouvelle-Aquitaine,75.0,0
14477,2020-05-31,Nouvelle-Aquitaine,75.0,1
14478,2020-06-01,Nouvelle-Aquitaine,75.0,0
14479,2020-06-02,Nouvelle-Aquitaine,75.0,1
14480,2020-06-03,Nouvelle-Aquitaine,75.0,0
14481,2020-06-04,Nouvelle-Aquitaine,75.0,1
14482,2020-06-05,Nouvelle-Aquitaine,75.0,0
14483,2020-06-06,Nouvelle-Aquitaine,75.0,0
14484,2020-06-07,Nouvelle-Aquitaine,75.0,0
14485,2020-06-08,Nouvelle-Aquitaine,75.0,0
14486,2020-06-09,Nouvelle-Aquitaine,75.0,0
14487,2020-06-10,Nouvelle-Aquitaine,75.0,3
14488,2020-06-11,Nouvelle-Aquitaine,75.0,0
14489,2020-06-12,Nouvelle-Aquitaine,75.0,0
14490,2020-06-13,Nouvelle-Aquitaine,75.0,0
14491,2020-06-14,Nouvelle-Aquitaine,75.0,0
14492,2020-06-15,Nouvelle-Aquitaine,75.0,0
14493,2020-06-16,Nouvelle-Aquitaine,75.0,0
14494,2020-06-17,Nouvelle-Aquitaine,75.0,0
14495,2020-06-18,Nouvelle-Aquitaine,75.0,0
14496,2020-06-19,Nouvelle-Aquitaine,75.0,0
14497,2020-06-20,Nouvelle-Aquitaine,75.0,0
14498,2020-06-21,Nouvelle-Aquitaine,75.0,0
14499,2020-06-22,Nouvelle-Aquitaine,75.0,0
14500,2020-06-23,Nouvelle-Aquitaine,75.0,0
14501,2020-06-24,Nouvelle-Aquitaine,75.0,0
14502,2020-06-25,Nouvelle-Aquitaine,75.0,0
14503,2020-06-26,Nouvelle-Aquitaine,75.0,0
14504,2020-06-27,Nouvelle-Aquitaine,75.0,0
14505,2020-06-28,Nouvelle-Aquitaine,75.0,0
14506,2020-06-29,Nouvelle-Aquitaine,75.0,2
14507,2020-06-30,Nouvelle-Aquitaine,75.0,0
14508,2020-07-01,Nouvelle-Aquitaine,75.0,0
14509,2020-07-02,Nouvelle-Aquitaine,75.0,0
14510,2020-07-03,Nouvelle-Aquitaine,75.0,0
14511,2020-07-04,Nouvelle-Aquitaine,75.0,0
14512,2020-07-05,Nouvelle-Aquitaine,75.0,0
14513,2020-07-06,Nouvelle-Aquitaine,75.0,0
14514,2020-07-07,Nouvelle-Aquitaine,75.0,0
14515,2020-07-08,Nouvelle-Aquitaine,75.0,0
14516,2020-07-09,Nouvelle-Aquitaine,75.0,0
14517,2020-07-10,Nouvelle-Aquitaine,75.0,0
14518,2020-07-11,Nouvelle-Aquitaine,75.0,0
14519,2020-07-12,Nouvelle-Aquitaine,75.0,0
14520,2020-07-13,Nouvelle-Aquitaine,75.0,0
14521,2020-07-14,Nouvelle-Aquitaine,75.0,0
14522,2020-07-15,Nouvelle-Aquitaine,75.0,2
14523,2020-07-16,Nouvelle-Aquitaine,75.0,1
14524,2020-07-17,Nouvelle-Aquitaine,75.0,0
14525,2020-07-18,Nouvelle-Aquitaine,75.0,0
14526,2020-07-19,Nouvelle-Aquitaine,75.0,0
14527,2020-07-20,Nouvelle-Aquitaine,75.0,6
14528,2020-07-21,Nouvelle-Aquitaine,75.0,0
14529,2020-07-22,Nouvelle-Aquitaine,75.0,0
14530,2020-07-23,Nouvelle-Aquitaine,75.0,0
14531,2020-07-24,Nouvelle-Aquitaine,75.0,0
14532,2020-07-25,Nouvelle-Aquitaine,75.0,0
14533,2020-07-26,Nouvelle-Aquitaine,75.0,0
14534,2020-07-27,Nouvelle-Aquitaine,75.0,0
14535,2020-07-28,Nouvelle-Aquitaine,75.0,0
14536,2020-07-29,Nouvelle-Aquitaine,75.0,2
14537,2020-07-30,Nouvelle-Aquitaine,75.0,0
14538,2020-07-31,Nouvelle-Aquitaine,75.0,0
14539,2020-08-01,Nouvelle-Aquitaine,75.0,1
14540,2020-08-02,Nouvelle-Aquitaine,75.0,0
14541,2020-08-03,Nouvelle-Aquitaine,75.0,0
14542,2020-08-04,Nouvelle-Aquitaine,75.0,0
14543,2020-08-05,Nouvelle-Aquitaine,75.0,1
14544,2020-08-06,Nouvelle-Aquitaine,75.0,0
14545,2020-08-07,Nouvelle-Aquitaine,75.0,0
14546,2020-08-08,Nouvelle-Aquitaine,75.0,0
14547,2020-08-09,Nouvelle-Aquitaine,75.0,0
14548,2020-08-10,Nouvelle-Aquitaine,75.0,2
14549,2020-08-11,Nouvelle-Aquitaine,75.0,2
14550,2020-08-12,Nouvelle-Aquitaine,75.0,1
14551,2020-08-13,Nouvelle-Aquitaine,75.0,1
14552,2020-08-14,Nouvelle-Aquitaine,75.0,0
14553,2020-08-15,Nouvelle-Aquitaine,75.0,0
14554,2020-08-16,Nouvelle-Aquitaine,75.0,0
14555,2020-08-17,Nouvelle-Aquitaine,75.0,2
14556,2020-08-18,Nouvelle-Aquitaine,75.0,0
14557,2020-08-19,Nouvelle-Aquitaine,75.0,2
14558,2020-08-20,Nouvelle-Aquitaine,75.0,0
14559,2020-08-21,Nouvelle-Aquitaine,75.0,3
14560,2020-08-22,Nouvelle-Aquitaine,75.0,1
14561,2020-08-23,Nouvelle-Aquitaine,75.0,0
14562,2020-08-24,Nouvelle-Aquitaine,75.0,4
14563,2020-08-25,Nouvelle-Aquitaine,75.0,1
14564,2020-08-26,Nouvelle-Aquitaine,75.0,0
14565,2020-08-27,Nouvelle-Aquitaine,75.0,2
14566,2020-08-28,Nouvelle-Aquitaine,75.0,1
14567,2020-08-29,Nouvelle-Aquitaine,75.0,0
14568,2020-08-30,Nouvelle-Aquitaine,75.0,1
14569,2020-08-31,Nouvelle-Aquitaine,75.0,2
14570,2020-09-01,Nouvelle-Aquitaine,75.0,4
14571,2020-09-02,Nouvelle-Aquitaine,75.0,1
14572,2020-09-03,Nouvelle-Aquitaine,75.0,6
14573,2020-09-04,Nouvelle-Aquitaine,75.0,4
14574,2020-09-05,Nouvelle-Aquitaine,75.0,2
14575,2020-09-06,Nouvelle-Aquitaine,75.0,0
14576,2020-09-07,Nouvelle-Aquitaine,75.0,4
14577,2020-09-08,Nouvelle-Aquitaine,75.0,7
14578,2020-09-09,Nouvelle-Aquitaine,75.0,6
14579,2020-09-10,Nouvelle-Aquitaine,75.0,3
14580,2020-09-11,Nouvelle-Aquitaine,75.0,4
14581,2020-09-12,Nouvelle-Aquitaine,75.0,2
14582,2020-09-13,Nouvelle-Aquitaine,75.0,3
14583,2020-09-14,Nouvelle-Aquitaine,75.0,5
14584,2020-09-15,Nouvelle-Aquitaine,75.0,6
14585,2020-09-16,Nouvelle-Aquitaine,75.0,6
14586,2020-09-17,Nouvelle-Aquitaine,75.0,1
14587,2020-09-18,Nouvelle-Aquitaine,75.0,9
14588,2020-09-19,Nouvelle-Aquitaine,75.0,3
14589,2020-09-20,Nouvelle-Aquitaine,75.0,3
14590,2020-09-21,Nouvelle-Aquitaine,75.0,8
14591,2020-09-22,Nouvelle-Aquitaine,75.0,5
14592,2020-09-23,Nouvelle-Aquitaine,75.0,5
14593,2020-09-24,Nouvelle-Aquitaine,75.0,8
14594,2020-09-25,Nouvelle-Aquitaine,75.0,4
14595,2020-09-26,Nouvelle-Aquitaine,75.0,2
14596,2020-09-27,Nouvelle-Aquitaine,75.0,2
14597,2020-09-28,Nouvelle-Aquitaine,75.0,6
14598,2020-09-29,Nouvelle-Aquitaine,75.0,8
14599,2020-09-30,Nouvelle-Aquitaine,75.0,5
14600,2020-10-01,Nouvelle-Aquitaine,75.0,5
14601,2020-10-02,Nouvelle-Aquitaine,75.0,8
14602,2020-10-03,Nouvelle-Aquitaine,75.0,7
14603,2020-10-04,Nouvelle-Aquitaine,75.0,11
14604,2020-10-05,Nouvelle-Aquitaine,75.0,10
14605,2020-10-06,Nouvelle-Aquitaine,75.0,5
14606,2020-10-07,Nouvelle-Aquitaine,75.0,7
14607,2020-10-08,Nouvelle-Aquitaine,75.0,7
14608,2020-10-09,Nouvelle-Aquitaine,75.0,1
14609,2020-10-10,Nouvelle-Aquitaine,75.0,2
14610,2020-10-11,Nouvelle-Aquitaine,75.0,4
14611,2020-10-12,Nouvelle-Aquitaine,75.0,3
14612,2020-10-13,Nouvelle-Aquitaine,75.0,7
14613,2020-10-14,Nouvelle-Aquitaine,75.0,6
14614,2020-10-15,Nouvelle-Aquitaine,75.0,8
14615,2020-10-16,Nouvelle-Aquitaine,75.0,9
14616,2020-10-17,Nouvelle-Aquitaine,75.0,2
14617,2020-10-18,Nouvelle-Aquitaine,75.0,4
14618,2020-10-19,Nouvelle-Aquitaine,75.0,8
14619,2020-10-20,Nouvelle-Aquitaine,75.0,12
14620,2020-10-21,Nouvelle-Aquitaine,75.0,13
14621,2020-10-22,Nouvelle-Aquitaine,75.0,10
14622,2020-10-23,Nouvelle-Aquitaine,75.0,11
14623,2020-10-24,Nouvelle-Aquitaine,75.0,9
14624,2020-10-25,Nouvelle-Aquitaine,75.0,5
14625,2020-10-26,Nouvelle-Aquitaine,75.0,9
14626,2020-10-27,Nouvelle-Aquitaine,75.0,30
14627,2020-10-28,Nouvelle-Aquitaine,75.0,9
14628,2020-10-29,Nouvelle-Aquitaine,75.0,20
14629,2020-10-30,Nouvelle-Aquitaine,75.0,16
14630,2020-10-31,Nouvelle-Aquitaine,75.0,13
14631,2020-11-01,Nouvelle-Aquitaine,75.0,18
14632,2020-11-02,Nouvelle-Aquitaine,75.0,20
14633,2020-11-03,Nouvelle-Aquitaine,75.0,26
14634,2020-11-04,Nouvelle-Aquitaine,75.0,30
14635,2020-11-05,Nouvelle-Aquitaine,75.0,18
14636,2020-11-06,Nouvelle-Aquitaine,75.0,23
14637,2020-11-07,Nouvelle-Aquitaine,75.0,12
14638,2020-11-08,Nouvelle-Aquitaine,75.0,9
14639,2020-11-09,Nouvelle-Aquitaine,75.0,29
14640,2020-11-10,Nouvelle-Aquitaine,75.0,16
14641,2020-11-11,Nouvelle-Aquitaine,75.0,23
14642,2020-11-12,Nouvelle-Aquitaine,75.0,11
14643,2020-11-13,Nouvelle-Aquitaine,75.0,24
14644,2020-11-14,Nouvelle-Aquitaine,75.0,8
14645,2020-11-15,Nouvelle-Aquitaine,75.0,24
14646,2020-11-16,Nouvelle-Aquitaine,75.0,21
14647,2020-11-17,Nouvelle-Aquitaine,75.0,25
14648,2020-11-18,Nouvelle-Aquitaine,75.0,15
14649,2020-11-19,Nouvelle-Aquitaine,75.0,21
14650,2020-11-20,Nouvelle-Aquitaine,75.0,13
14651,2020-11-21,Nouvelle-Aquitaine,75.0,3
14652,2020-11-22,Nouvelle-Aquitaine,75.0,5
14653,2020-11-23,Nouvelle-Aquitaine,75.0,12
14654,2020-11-24,Nouvelle-Aquitaine,75.0,12
14655,2020-11-25,Nouvelle-Aquitaine,75.0,12
14656,2020-11-26,Nouvelle-Aquitaine,75.0,6
14657,2020-11-27,Nouvelle-Aquitaine,75.0,8
14658,2020-11-28,Nouvelle-Aquitaine,75.0,3
14659,2020-11-29,Nouvelle-Aquitaine,75.0,4
14660,2020-11-30,Nouvelle-Aquitaine,75.0,15
14661,2020-12-01,Nouvelle-Aquitaine,75.0,8
14662,2020-12-02,Nouvelle-Aquitaine,75.0,4
14663,2020-12-03,Nouvelle-Aquitaine,75.0,8
14664,2020-12-04,Nouvelle-Aquitaine,75.0,14
14665,2020-12-05,Nouvelle-Aquitaine,75.0,9
14666,2020-12-06,Nouvelle-Aquitaine,75.0,13
14667,2020-12-07,Nouvelle-Aquitaine,75.0,8
14668,2020-12-08,Nouvelle-Aquitaine,75.0,10
14669,2020-12-09,Nouvelle-Aquitaine,75.0,8
14670,2020-12-10,Nouvelle-Aquitaine,75.0,11
14671,2020-12-11,Nouvelle-Aquitaine,75.0,15
14672,2020-12-12,Nouvelle-Aquitaine,75.0,4
14673,2020-12-13,Nouvelle-Aquitaine,75.0,2
14674,2020-12-14,Nouvelle-Aquitaine,75.0,14
14675,2020-12-15,Nouvelle-Aquitaine,75.0,10
14676,2020-12-16,Nouvelle-Aquitaine,75.0,13
14677,2020-12-17,Nouvelle-Aquitaine,75.0,4
14678,2020-12-18,Nouvelle-Aquitaine,75.0,9
14679,2020-12-19,Nouvelle-Aquitaine,75.0,3
14680,2020-12-20,Nouvelle-Aquitaine,75.0,6
14681,2020-12-21,Nouvelle-Aquitaine,75.0,11
14682,2020-12-22,Nouvelle-Aquitaine,75.0,11
14683,2020-12-23,Nouvelle-Aquitaine,75.0,6
14684,2020-12-24,Nouvelle-Aquitaine,75.0,9
14685,2020-12-25,Nouvelle-Aquitaine,75.0,4
14686,2020-12-26,Nouvelle-Aquitaine,75.0,5
14687,2020-12-27,Nouvelle-Aquitaine,75.0,7
14688,2020-12-28,Nouvelle-Aquitaine,75.0,14
14689,2020-12-29,Nouvelle-Aquitaine,75.0,13
14690,2020-12-30,Nouvelle-Aquitaine,75.0,8
14691,2020-12-31,Nouvelle-Aquitaine,75.0,7
14692,2021-01-01,Nouvelle-Aquitaine,75.0,7
14693,2021-01-02,Nouvelle-Aquitaine,75.0,0
14694,2021-01-03,Nouvelle-Aquitaine,75.0,6
14695,2021-01-04,Nouvelle-Aquitaine,75.0,10
14696,2021-01-05,Nouvelle-Aquitaine,75.0,17
14697,2021-01-06,Nouvelle-Aquitaine,75.0,15
14698,2021-01-07,Nouvelle-Aquitaine,75.0,9
14699,2021-01-08,Nouvelle-Aquitaine,75.0,5
14700,2021-01-09,Nouvelle-Aquitaine,75.0,11
14701,2021-01-10,Nouvelle-Aquitaine,75.0,11
14702,2021-01-11,Nouvelle-Aquitaine,75.0,9
14703,2021-01-12,Nouvelle-Aquitaine,75.0,11
14704,2021-01-13,Nouvelle-Aquitaine,75.0,9
14705,2021-01-14,Nouvelle-Aquitaine,75.0,12
14706,2021-01-15,Nouvelle-Aquitaine,75.0,12
14707,2021-01-16,Nouvelle-Aquitaine,75.0,8
14708,2021-01-17,Nouvelle-Aquitaine,75.0,12
14709,2021-01-18,Nouvelle-Aquitaine,75.0,17
14710,2021-01-19,Nouvelle-Aquitaine,75.0,18
14711,2021-01-20,Nouvelle-Aquitaine,75.0,16
14712,2021-01-21,Nouvelle-Aquitaine,75.0,13
14713,2021-01-22,Nouvelle-Aquitaine,75.0,18
14714,2021-01-23,Nouvelle-Aquitaine,75.0,16
14715,2021-01-24,Nouvelle-Aquitaine,75.0,11
14716,2021-01-25,Nouvelle-Aquitaine,75.0,13
14717,2021-01-26,Nouvelle-Aquitaine,75.0,20
14718,2021-01-27,Nouvelle-Aquitaine,75.0,29
14719,2021-01-28,Nouvelle-Aquitaine,75.0,16
14720,2021-01-29,Nouvelle-Aquitaine,75.0,18
14721,2021-01-30,Nouvelle-Aquitaine,75.0,17
14722,2021-01-31,Nouvelle-Aquitaine,75.0,9
14723,2021-02-01,Nouvelle-Aquitaine,75.0,24
14724,2021-02-02,Nouvelle-Aquitaine,75.0,25
14725,2021-02-03,Nouvelle-Aquitaine,75.0,29
14726,2021-02-04,Nouvelle-Aquitaine,75.0,11
14727,2021-02-05,Nouvelle-Aquitaine,75.0,15
14728,2021-02-06,Nouvelle-Aquitaine,75.0,13
14729,2021-02-07,Nouvelle-Aquitaine,75.0,11
14730,2021-02-08,Nouvelle-Aquitaine,75.0,23
14731,2021-02-09,Nouvelle-Aquitaine,75.0,17
14732,2021-02-10,Nouvelle-Aquitaine,75.0,20
14733,2021-02-11,Nouvelle-Aquitaine,75.0,11
14734,2021-02-12,Nouvelle-Aquitaine,75.0,13
14735,2021-02-13,Nouvelle-Aquitaine,75.0,7
14736,2021-02-14,Nouvelle-Aquitaine,75.0,6
14737,2021-02-15,Nouvelle-Aquitaine,75.0,13
14738,2021-02-16,Nouvelle-Aquitaine,75.0,12
14739,2021-02-17,Nouvelle-Aquitaine,75.0,10
14740,2021-02-18,Nouvelle-Aquitaine,75.0,14
14741,2021-02-19,Nouvelle-Aquitaine,75.0,16
14742,2021-02-20,Nouvelle-Aquitaine,75.0,9
14743,2021-02-21,Nouvelle-Aquitaine,75.0,8
14744,2021-02-22,Nouvelle-Aquitaine,75.0,10
14745,2021-02-23,Nouvelle-Aquitaine,75.0,15
14746,2021-02-24,Nouvelle-Aquitaine,75.0,8
14747,2021-02-25,Nouvelle-Aquitaine,75.0,9
14748,2021-02-26,Nouvelle-Aquitaine,75.0,15
14749,2021-02-27,Nouvelle-Aquitaine,75.0,10
14750,2021-02-28,Nouvelle-Aquitaine,75.0,4
14751,2021-03-01,Nouvelle-Aquitaine,75.0,19
14752,2021-03-02,Nouvelle-Aquitaine,75.0,18
14753,2021-03-03,Nouvelle-Aquitaine,75.0,13
14754,2021-03-04,Nouvelle-Aquitaine,75.0,12
14755,2021-03-05,Nouvelle-Aquitaine,75.0,14
14756,2021-03-06,Nouvelle-Aquitaine,75.0,7
14757,2021-03-07,Nouvelle-Aquitaine,75.0,15
14758,2021-03-08,Nouvelle-Aquitaine,75.0,24
14759,2021-03-09,Nouvelle-Aquitaine,75.0,11
14760,2021-03-10,Nouvelle-Aquitaine,75.0,13
14761,2021-03-11,Nouvelle-Aquitaine,75.0,14
14762,2021-03-12,Nouvelle-Aquitaine,75.0,9
14763,2021-03-13,Nouvelle-Aquitaine,75.0,7
14764,2021-03-14,Nouvelle-Aquitaine,75.0,8
14765,2021-03-15,Nouvelle-Aquitaine,75.0,18
14766,2021-03-16,Nouvelle-Aquitaine,75.0,15
14767,2021-03-17,Nouvelle-Aquitaine,75.0,18
14768,2021-03-18,Nouvelle-Aquitaine,75.0,16
14769,2021-03-19,Nouvelle-Aquitaine,75.0,13
14770,2021-03-20,Nouvelle-Aquitaine,75.0,12
14771,2021-03-21,Nouvelle-Aquitaine,75.0,13
14772,2021-03-22,Nouvelle-Aquitaine,75.0,19
14773,2021-03-23,Nouvelle-Aquitaine,75.0,16
14774,2021-03-24,Nouvelle-Aquitaine,75.0,14
14775,2021-03-25,Nouvelle-Aquitaine,75.0,9
14776,2021-03-26,Nouvelle-Aquitaine,75.0,23
14777,2021-03-27,Nouvelle-Aquitaine,75.0,4
14778,2021-03-28,Nouvelle-Aquitaine,75.0,9
14779,2021-03-29,Nouvelle-Aquitaine,75.0,23
14780,2021-03-30,Nouvelle-Aquitaine,75.0,30
14781,2021-03-31,Nouvelle-Aquitaine,75.0,21
14782,2021-04-01,Nouvelle-Aquitaine,75.0,23
14783,2021-04-02,Nouvelle-Aquitaine,75.0,14
14784,2021-04-03,Nouvelle-Aquitaine,75.0,12
14785,2021-04-04,Nouvelle-Aquitaine,75.0,12
14786,2021-04-05,Nouvelle-Aquitaine,75.0,8
14787,2021-04-06,Nouvelle-Aquitaine,75.0,31
14788,2021-04-07,Nouvelle-Aquitaine,75.0,33
14789,2021-04-08,Nouvelle-Aquitaine,75.0,12
14790,2021-04-09,Nouvelle-Aquitaine,75.0,21
14791,2021-04-10,Nouvelle-Aquitaine,75.0,15
14792,2021-04-11,Nouvelle-Aquitaine,75.0,6
14793,2021-04-12,Nouvelle-Aquitaine,75.0,28
14794,2021-04-13,Nouvelle-Aquitaine,75.0,23
14795,2021-04-14,Nouvelle-Aquitaine,75.0,14
14796,2021-04-15,Nouvelle-Aquitaine,75.0,17
14797,2021-04-16,Nouvelle-Aquitaine,75.0,21
14798,2021-04-17,Nouvelle-Aquitaine,75.0,7
14799,2021-04-18,Nouvelle-Aquitaine,75.0,7
14800,2021-04-19,Nouvelle-Aquitaine,75.0,29
14801,2021-04-20,Nouvelle-Aquitaine,75.0,27
14802,2021-04-21,Nouvelle-Aquitaine,75.0,24
14803,2021-04-22,Nouvelle-Aquitaine,75.0,19
14804,2021-04-23,Nouvelle-Aquitaine,75.0,15
14805,2021-04-24,Nouvelle-Aquitaine,75.0,13
14806,2021-04-25,Nouvelle-Aquitaine,75.0,17
14807,2021-04-26,Nouvelle-Aquitaine,75.0,33
14808,2021-04-27,Nouvelle-Aquitaine,75.0,25
14809,2021-04-28,Nouvelle-Aquitaine,75.0,21
14810,2021-04-29,Nouvelle-Aquitaine,75.0,29
14811,2021-04-30,Nouvelle-Aquitaine,75.0,24
14812,2021-05-01,Nouvelle-Aquitaine,75.0,17
14813,2021-05-02,Nouvelle-Aquitaine,75.0,8
14814,2021-05-03,Nouvelle-Aquitaine,75.0,24
14815,2021-05-04,Nouvelle-Aquitaine,75.0,20
14816,2021-05-05,Nouvelle-Aquitaine,75.0,17
14817,2021-05-06,Nouvelle-Aquitaine,75.0,8
14818,2021-05-07,Nouvelle-Aquitaine,75.0,11
14819,2021-05-08,Nouvelle-Aquitaine,75.0,7
14820,2021-05-09,Nouvelle-Aquitaine,75.0,4
14821,2021-05-10,Nouvelle-Aquitaine,75.0,15
14822,2021-05-11,Nouvelle-Aquitaine,75.0,12
14823,2021-05-12,Nouvelle-Aquitaine,75.0,13
14824,2021-05-13,Nouvelle-Aquitaine,75.0,4
14825,2021-05-14,Nouvelle-Aquitaine,75.0,5
14826,2021-05-15,Nouvelle-Aquitaine,75.0,5
14827,2021-05-16,Nouvelle-Aquitaine,75.0,6
14828,2021-05-17,Nouvelle-Aquitaine,75.0,9
14829,2021-05-18,Nouvelle-Aquitaine,75.0,8
14830,2021-05-19,Nouvelle-Aquitaine,75.0,6
14831,2021-05-20,Nouvelle-Aquitaine,75.0,9
14832,2021-05-21,Nouvelle-Aquitaine,75.0,3
14833,2021-05-22,Nouvelle-Aquitaine,75.0,6
14834,2021-05-23,Nouvelle-Aquitaine,75.0,3
14835,2021-05-24,Nouvelle-Aquitaine,75.0,3
14836,2021-05-25,Nouvelle-Aquitaine,75.0,13
14837,2021-05-26,Nouvelle-Aquitaine,75.0,10
14838,2021-05-27,Nouvelle-Aquitaine,75.0,2
14839,2021-05-28,Nouvelle-Aquitaine,75.0,7
14840,2021-05-29,Nouvelle-Aquitaine,75.0,2
14841,2021-05-30,Nouvelle-Aquitaine,75.0,1
14842,2021-05-31,Nouvelle-Aquitaine,75.0,10
14843,2021-06-01,Nouvelle-Aquitaine,75.0,6
14844,2021-06-02,Nouvelle-Aquitaine,75.0,5
14845,2021-06-03,Nouvelle-Aquitaine,75.0,5
14846,2021-06-04,Nouvelle-Aquitaine,75.0,6
14847,2021-06-05,Nouvelle-Aquitaine,75.0,1
14848,2021-06-06,Nouvelle-Aquitaine,75.0,4
14849,2021-06-07,Nouvelle-Aquitaine,75.0,5
14850,2021-06-08,Nouvelle-Aquitaine,75.0,9
14851,2021-06-09,Nouvelle-Aquitaine,75.0,7
14852,2021-06-10,Nouvelle-Aquitaine,75.0,3
14853,2021-06-11,Nouvelle-Aquitaine,75.0,6
14854,2021-06-12,Nouvelle-Aquitaine,75.0,4
14855,2021-06-13,Nouvelle-Aquitaine,75.0,3
14856,2021-06-14,Nouvelle-Aquitaine,75.0,3
14857,2021-06-15,Nouvelle-Aquitaine,75.0,2
14858,2021-06-16,Nouvelle-Aquitaine,75.0,4
14859,2021-06-17,Nouvelle-Aquitaine,75.0,1
14860,2021-06-18,Nouvelle-Aquitaine,75.0,2
14861,2021-06-19,Nouvelle-Aquitaine,75.0,0
14862,2021-06-20,Nouvelle-Aquitaine,75.0,1
14863,2021-06-21,Nouvelle-Aquitaine,75.0,3
14864,2021-06-22,Nouvelle-Aquitaine,75.0,2
14865,2021-06-23,Nouvelle-Aquitaine,75.0,3
14866,2021-06-24,Nouvelle-Aquitaine,75.0,2
14867,2021-06-25,Nouvelle-Aquitaine,75.0,1
14868,2021-06-26,Nouvelle-Aquitaine,75.0,1
14869,2021-06-27,Nouvelle-Aquitaine,75.0,0
14870,2021-06-28,Nouvelle-Aquitaine,75.0,1
14871,2021-06-29,Nouvelle-Aquitaine,75.0,2
14872,2021-06-30,Nouvelle-Aquitaine,75.0,0
14873,2021-07-01,Nouvelle-Aquitaine,75.0,1
14874,2021-07-02,Nouvelle-Aquitaine,75.0,2
14875,2021-07-03,Nouvelle-Aquitaine,75.0,1
14876,2021-07-04,Nouvelle-Aquitaine,75.0,0
14877,2021-07-05,Nouvelle-Aquitaine,75.0,2
14878,2021-07-06,Nouvelle-Aquitaine,75.0,0
14879,2021-07-07,Nouvelle-Aquitaine,75.0,0
14880,2021-07-08,Nouvelle-Aquitaine,75.0,0
14881,2021-07-09,Nouvelle-Aquitaine,75.0,4
14882,2021-07-10,Nouvelle-Aquitaine,75.0,0
14883,2021-07-11,Nouvelle-Aquitaine,75.0,0
14884,2021-07-12,Nouvelle-Aquitaine,75.0,3
14885,2021-07-13,Nouvelle-Aquitaine,75.0,0
14886,2021-07-14,Nouvelle-Aquitaine,75.0,0
14887,2021-07-15,Nouvelle-Aquitaine,75.0,1
14888,2021-07-16,Nouvelle-Aquitaine,75.0,0
14889,2021-07-17,Nouvelle-Aquitaine,75.0,2
14890,2021-07-18,Nouvelle-Aquitaine,75.0,0
14891,2021-07-19,Nouvelle-Aquitaine,75.0,6
14892,2021-07-20,Nouvelle-Aquitaine,75.0,5
14893,2021-07-21,Nouvelle-Aquitaine,75.0,4
14894,2021-07-22,Nouvelle-Aquitaine,75.0,5
14895,2021-07-23,Nouvelle-Aquitaine,75.0,4
14896,2021-07-24,Nouvelle-Aquitaine,75.0,4
14897,2021-07-25,Nouvelle-Aquitaine,75.0,1
14898,2021-07-26,Nouvelle-Aquitaine,75.0,8
14899,2021-07-27,Nouvelle-Aquitaine,75.0,2
14900,2021-07-28,Nouvelle-Aquitaine,75.0,10
14901,2021-07-29,Nouvelle-Aquitaine,75.0,10
14902,2021-07-30,Nouvelle-Aquitaine,75.0,8
14903,2021-07-31,Nouvelle-Aquitaine,75.0,4
14904,2021-08-01,Nouvelle-Aquitaine,75.0,6
14905,2021-08-02,Nouvelle-Aquitaine,75.0,16
14906,2021-08-03,Nouvelle-Aquitaine,75.0,17
14907,2021-08-04,Nouvelle-Aquitaine,75.0,16
14908,2021-08-05,Nouvelle-Aquitaine,75.0,12
14909,2021-08-06,Nouvelle-Aquitaine,75.0,11
14910,2021-08-07,Nouvelle-Aquitaine,75.0,7
14911,2021-08-08,Nouvelle-Aquitaine,75.0,11
14912,2021-08-09,Nouvelle-Aquitaine,75.0,13
14913,2021-08-10,Nouvelle-Aquitaine,75.0,20
14914,2021-08-11,Nouvelle-Aquitaine,75.0,16
14915,2021-08-12,Nouvelle-Aquitaine,75.0,13
14916,2021-08-13,Nouvelle-Aquitaine,75.0,6
14917,2021-08-14,Nouvelle-Aquitaine,75.0,11
14918,2021-08-15,Nouvelle-Aquitaine,75.0,10
14919,2021-08-16,Nouvelle-Aquitaine,75.0,13
14920,2021-08-17,Nouvelle-Aquitaine,75.0,15
14921,2021-08-18,Nouvelle-Aquitaine,75.0,18
14922,2021-08-19,Nouvelle-Aquitaine,75.0,19
14923,2021-08-20,Nouvelle-Aquitaine,75.0,10
14924,2021-08-21,Nouvelle-Aquitaine,75.0,12
14925,2021-08-22,Nouvelle-Aquitaine,75.0,2
14926,2021-08-23,Nouvelle-Aquitaine,75.0,21
14927,2021-08-24,Nouvelle-Aquitaine,75.0,11
14928,2021-08-25,Nouvelle-Aquitaine,75.0,15
14929,2021-08-26,Nouvelle-Aquitaine,75.0,11
14930,2021-08-27,Nouvelle-Aquitaine,75.0,17
14931,2021-08-28,Nouvelle-Aquitaine,75.0,3
14932,2021-08-29,Nouvelle-Aquitaine,75.0,5
14933,2021-08-30,Nouvelle-Aquitaine,75.0,12
14934,2021-08-31,Nouvelle-Aquitaine,75.0,16
14935,2021-09-01,Nouvelle-Aquitaine,75.0,11
14936,2021-09-02,Nouvelle-Aquitaine,75.0,6
14937,2021-09-03,Nouvelle-Aquitaine,75.0,7
14938,2021-09-04,Nouvelle-Aquitaine,75.0,5
14939,2021-09-05,Nouvelle-Aquitaine,75.0,3
14940,2021-09-06,Nouvelle-Aquitaine,75.0,11
14941,2021-09-07,Nouvelle-Aquitaine,75.0,14
14942,2021-09-08,Nouvelle-Aquitaine,75.0,9
14943,2021-09-09,Nouvelle-Aquitaine,75.0,1
14944,2021-09-10,Nouvelle-Aquitaine,75.0,7
14945,2021-09-11,Nouvelle-Aquitaine,75.0,1
14946,2021-09-12,Nouvelle-Aquitaine,75.0,2
14947,2021-09-13,Nouvelle-Aquitaine,75.0,4
14948,2021-09-14,Nouvelle-Aquitaine,75.0,5
14949,2021-09-15,Nouvelle-Aquitaine,75.0,2
14950,2021-09-16,Nouvelle-Aquitaine,75.0,2
14951,2021-09-17,Nouvelle-Aquitaine,75.0,2
14952,2021-09-18,Nouvelle-Aquitaine,75.0,2
14953,2021-09-19,Nouvelle-Aquitaine,75.0,1
14954,2021-09-20,Nouvelle-Aquitaine,75.0,4
14955,2021-09-21,Nouvelle-Aquitaine,75.0,10
14956,2021-09-22,Nouvelle-Aquitaine,75.0,7
14957,2021-09-23,Nouvelle-Aquitaine,75.0,4
14958,2021-09-24,Nouvelle-Aquitaine,75.0,8
14959,2021-09-25,Nouvelle-Aquitaine,75.0,2
14960,2021-09-26,Nouvelle-Aquitaine,75.0,0
14961,2021-09-27,Nouvelle-Aquitaine,75.0,10
14962,2021-09-28,Nouvelle-Aquitaine,75.0,2
14963,2021-09-29,Nouvelle-Aquitaine,75.0,2
14964,2021-09-30,Nouvelle-Aquitaine,75.0,5
14965,2021-10-01,Nouvelle-Aquitaine,75.0,3
14966,2021-10-02,Nouvelle-Aquitaine,75.0,2
14967,2021-10-03,Nouvelle-Aquitaine,75.0,2
14968,2021-10-04,Nouvelle-Aquitaine,75.0,3
14969,2021-10-05,Nouvelle-Aquitaine,75.0,4
14970,2021-10-06,Nouvelle-Aquitaine,75.0,4
14971,2021-10-07,Nouvelle-Aquitaine,75.0,3
14972,2021-10-08,Nouvelle-Aquitaine,75.0,1
14973,2021-10-09,Nouvelle-Aquitaine,75.0,2
14974,2021-10-10,Nouvelle-Aquitaine,75.0,1
14975,2021-10-11,Nouvelle-Aquitaine,75.0,4
14976,2021-10-12,Nouvelle-Aquitaine,75.0,4
14977,2021-10-13,Nouvelle-Aquitaine,75.0,3
14978,2021-10-14,Nouvelle-Aquitaine,75.0,2
14979,2021-10-15,Nouvelle-Aquitaine,75.0,4
14980,2021-10-16,Nouvelle-Aquitaine,75.0,0
14981,2021-10-17,Nouvelle-Aquitaine,75.0,0
14982,2021-10-18,Nouvelle-Aquitaine,75.0,6
14983,2021-10-19,Nouvelle-Aquitaine,75.0,3
14984,2021-10-20,Nouvelle-Aquitaine,75.0,2
14985,2021-10-21,Nouvelle-Aquitaine,75.0,5
14986,2021-10-22,Nouvelle-Aquitaine,75.0,5
14987,2021-10-23,Nouvelle-Aquitaine,75.0,1
14988,2021-10-24,Nouvelle-Aquitaine,75.0,2
14989,2021-10-25,Nouvelle-Aquitaine,75.0,6
14990,2021-10-26,Nouvelle-Aquitaine,75.0,9
14991,2021-10-27,Nouvelle-Aquitaine,75.0,3
14992,2021-10-28,Nouvelle-Aquitaine,75.0,2
14993,2021-10-29,Nouvelle-Aquitaine,75.0,2
14994,2021-10-30,Nouvelle-Aquitaine,75.0,0
14995,2021-10-31,Nouvelle-Aquitaine,75.0,2
14996,2021-11-01,Nouvelle-Aquitaine,75.0,1
14997,2021-11-02,Nouvelle-Aquitaine,75.0,18
14998,2021-11-03,Nouvelle-Aquitaine,75.0,11
14999,2021-11-04,Nouvelle-Aquitaine,75.0,9
15000,2021-11-05,Nouvelle-Aquitaine,75.0,5
15001,2021-11-06,Nouvelle-Aquitaine,75.0,3
15002,2021-11-07,Nouvelle-Aquitaine,75.0,5
15003,2021-11-08,Nouvelle-Aquitaine,75.0,11
15004,2021-11-09,Nouvelle-Aquitaine,75.0,5
15005,2021-11-10,Nouvelle-Aquitaine,75.0,7
15006,2021-11-11,Nouvelle-Aquitaine,75.0,3
15007,2021-11-12,Nouvelle-Aquitaine,75.0,9
15008,2021-11-13,Nouvelle-Aquitaine,75.0,9
15009,2021-11-14,Nouvelle-Aquitaine,75.0,0
15010,2021-11-15,Nouvelle-Aquitaine,75.0,14
15011,2021-11-16,Nouvelle-Aquitaine,75.0,13
15012,2021-11-17,Nouvelle-Aquitaine,75.0,9
15013,2021-11-18,Nouvelle-Aquitaine,75.0,13
15014,2021-11-19,Nouvelle-Aquitaine,75.0,12
15015,2021-11-20,Nouvelle-Aquitaine,75.0,4
15016,2021-11-21,Nouvelle-Aquitaine,75.0,1
15017,2021-11-22,Nouvelle-Aquitaine,75.0,13
15018,2021-11-23,Nouvelle-Aquitaine,75.0,12
15019,2021-11-24,Nouvelle-Aquitaine,75.0,4
15020,2021-11-25,Nouvelle-Aquitaine,75.0,12
15021,2021-11-26,Nouvelle-Aquitaine,75.0,14
15022,2021-11-27,Nouvelle-Aquitaine,75.0,5
15023,2021-11-28,Nouvelle-Aquitaine,75.0,1
15024,2021-11-29,Nouvelle-Aquitaine,75.0,21
15025,2021-11-30,Nouvelle-Aquitaine,75.0,19
15026,2021-12-01,Nouvelle-Aquitaine,75.0,14
15027,2021-12-02,Nouvelle-Aquitaine,75.0,10
15028,2021-12-03,Nouvelle-Aquitaine,75.0,19
15029,2021-12-04,Nouvelle-Aquitaine,75.0,15
15030,2021-12-05,Nouvelle-Aquitaine,75.0,1
15031,2021-12-06,Nouvelle-Aquitaine,75.0,11
15032,2021-12-07,Nouvelle-Aquitaine,75.0,39
15033,2021-12-08,Nouvelle-Aquitaine,75.0,23
15034,2021-12-09,Nouvelle-Aquitaine,75.0,16
15035,2021-12-10,Nouvelle-Aquitaine,75.0,20
15036,2021-12-11,Nouvelle-Aquitaine,75.0,11
15037,2021-12-12,Nouvelle-Aquitaine,75.0,15
15038,2021-12-13,Nouvelle-Aquitaine,75.0,24
15039,2021-12-14,Nouvelle-Aquitaine,75.0,18
15040,2021-12-15,Nouvelle-Aquitaine,75.0,25
15041,2021-12-16,Nouvelle-Aquitaine,75.0,9
15042,2021-12-17,Nouvelle-Aquitaine,75.0,24
15043,2021-12-18,Nouvelle-Aquitaine,75.0,7
15044,2021-12-19,Nouvelle-Aquitaine,75.0,10
15045,2021-12-20,Nouvelle-Aquitaine,75.0,26
15046,2021-12-21,Nouvelle-Aquitaine,75.0,28
15047,2021-12-22,Nouvelle-Aquitaine,75.0,24
15048,2021-12-23,Nouvelle-Aquitaine,75.0,11
15049,2021-12-24,Nouvelle-Aquitaine,75.0,24
15050,2021-12-25,Nouvelle-Aquitaine,75.0,6
15051,2021-12-26,Nouvelle-Aquitaine,75.0,7
15052,2021-12-27,Nouvelle-Aquitaine,75.0,16
15053,2021-12-28,Nouvelle-Aquitaine,75.0,26
15054,2021-12-29,Nouvelle-Aquitaine,75.0,21
15055,2021-12-30,Nouvelle-Aquitaine,75.0,14
15056,2021-12-31,Nouvelle-Aquitaine,75.0,13
15057,2022-01-01,Nouvelle-Aquitaine,75.0,8
15058,2022-01-02,Nouvelle-Aquitaine,75.0,2
15059,2022-01-03,Nouvelle-Aquitaine,75.0,26
15060,2022-01-04,Nouvelle-Aquitaine,75.0,35
15061,2022-01-05,Nouvelle-Aquitaine,75.0,22
15062,2022-01-06,Nouvelle-Aquitaine,75.0,23
15063,2022-01-07,Nouvelle-Aquitaine,75.0,16
15064,2022-01-08,Nouvelle-Aquitaine,75.0,13
15065,2022-01-09,Nouvelle-Aquitaine,75.0,12
15066,2022-01-10,Nouvelle-Aquitaine,75.0,15
15067,2022-01-11,Nouvelle-Aquitaine,75.0,26
15068,2022-01-12,Nouvelle-Aquitaine,75.0,29
15069,2022-01-13,Nouvelle-Aquitaine,75.0,15
15070,2022-01-14,Nouvelle-Aquitaine,75.0,17
15071,2022-01-15,Nouvelle-Aquitaine,75.0,4
15072,2022-01-16,Nouvelle-Aquitaine,75.0,4
15073,2022-01-17,Nouvelle-Aquitaine,75.0,25
15074,2022-01-18,Nouvelle-Aquitaine,75.0,23
15075,2022-01-19,Nouvelle-Aquitaine,75.0,18
15076,2022-01-20,Nouvelle-Aquitaine,75.0,19
15077,2022-01-21,Nouvelle-Aquitaine,75.0,27
15078,2022-01-22,Nouvelle-Aquitaine,75.0,12
15079,2022-01-23,Nouvelle-Aquitaine,75.0,10
15080,2022-01-24,Nouvelle-Aquitaine,75.0,28
15081,2022-01-25,Nouvelle-Aquitaine,75.0,26
15082,2022-01-26,Nouvelle-Aquitaine,75.0,30
15083,2022-01-27,Nouvelle-Aquitaine,75.0,20
15084,2022-01-28,Nouvelle-Aquitaine,75.0,18
15085,2022-01-29,Nouvelle-Aquitaine,75.0,10
15086,2022-01-30,Nouvelle-Aquitaine,75.0,7
15087,2022-01-31,Nouvelle-Aquitaine,75.0,26
15088,2022-02-01,Nouvelle-Aquitaine,75.0,22
15089,2022-02-02,Nouvelle-Aquitaine,75.0,30
15090,2022-02-03,Nouvelle-Aquitaine,75.0,24
15091,2022-02-04,Nouvelle-Aquitaine,75.0,32
15092,2022-02-05,Nouvelle-Aquitaine,75.0,19
15093,2022-02-06,Nouvelle-Aquitaine,75.0,8
15094,2022-02-07,Nouvelle-Aquitaine,75.0,34
15095,2022-02-08,Nouvelle-Aquitaine,75.0,14
15096,2022-02-09,Nouvelle-Aquitaine,75.0,26
15097,2022-02-10,Nouvelle-Aquitaine,75.0,27
15098,2022-02-11,Nouvelle-Aquitaine,75.0,33
15099,2022-02-12,Nouvelle-Aquitaine,75.0,11
15100,2022-02-13,Nouvelle-Aquitaine,75.0,16
15101,2022-02-14,Nouvelle-Aquitaine,75.0,26
15102,2022-02-15,Nouvelle-Aquitaine,75.0,28
15103,2022-02-16,Nouvelle-Aquitaine,75.0,19
15104,2022-02-17,Nouvelle-Aquitaine,75.0,18
15105,2022-02-18,Nouvelle-Aquitaine,75.0,23
15106,2022-02-19,Nouvelle-Aquitaine,75.0,11
15107,2022-02-20,Nouvelle-Aquitaine,75.0,9
15108,2022-02-21,Nouvelle-Aquitaine,75.0,20
15109,2022-02-22,Nouvelle-Aquitaine,75.0,17
15110,2022-02-23,Nouvelle-Aquitaine,75.0,14
15111,2022-02-24,Nouvelle-Aquitaine,75.0,11
15112,2022-02-25,Nouvelle-Aquitaine,75.0,11
15113,2022-02-26,Nouvelle-Aquitaine,75.0,6
15114,2022-02-27,Nouvelle-Aquitaine,75.0,6
15115,2022-02-28,Nouvelle-Aquitaine,75.0,13
15116,2022-03-01,Nouvelle-Aquitaine,75.0,24
15117,2022-03-02,Nouvelle-Aquitaine,75.0,10
15118,2022-03-03,Nouvelle-Aquitaine,75.0,10
15119,2022-03-04,Nouvelle-Aquitaine,75.0,12
15120,2022-03-05,Nouvelle-Aquitaine,75.0,7
15121,2022-03-06,Nouvelle-Aquitaine,75.0,5
15122,2022-03-07,Nouvelle-Aquitaine,75.0,9
15123,2022-03-08,Nouvelle-Aquitaine,75.0,5
15124,2022-03-09,Nouvelle-Aquitaine,75.0,3
15125,2022-03-10,Nouvelle-Aquitaine,75.0,11
15126,2022-03-11,Nouvelle-Aquitaine,75.0,6
15127,2022-03-12,Nouvelle-Aquitaine,75.0,8
15128,2022-03-13,Nouvelle-Aquitaine,75.0,2
15129,2022-03-14,Nouvelle-Aquitaine,75.0,8
15130,2022-03-15,Nouvelle-Aquitaine,75.0,20
15131,2022-03-16,Nouvelle-Aquitaine,75.0,5
15132,2022-03-17,Nouvelle-Aquitaine,75.0,7
15133,2022-03-18,Nouvelle-Aquitaine,75.0,7
15134,2022-03-19,Nouvelle-Aquitaine,75.0,2
15135,2022-03-20,Nouvelle-Aquitaine,75.0,2
15136,2022-03-21,Nouvelle-Aquitaine,75.0,10
15137,2022-03-22,Nouvelle-Aquitaine,75.0,16
15138,2022-03-23,Nouvelle-Aquitaine,75.0,15
15139,2022-03-24,Nouvelle-Aquitaine,75.0,5
15140,2022-03-25,Nouvelle-Aquitaine,75.0,2
15141,2022-03-26,Nouvelle-Aquitaine,75.0,6
15142,2022-03-27,Nouvelle-Aquitaine,75.0,0
15143,2022-03-28,Nouvelle-Aquitaine,75.0,11
15144,2022-03-29,Nouvelle-Aquitaine,75.0,7
15145,2022-03-30,Nouvelle-Aquitaine,75.0,7
15146,2022-03-31,Nouvelle-Aquitaine,75.0,14
15147,2022-04-01,Nouvelle-Aquitaine,75.0,8
15148,2022-04-02,Nouvelle-Aquitaine,75.0,4
15149,2022-04-03,Nouvelle-Aquitaine,75.0,1
15150,2022-04-04,Nouvelle-Aquitaine,75.0,6
15151,2022-04-05,Nouvelle-Aquitaine,75.0,28
15152,2022-04-06,Nouvelle-Aquitaine,75.0,10
15153,2022-04-07,Nouvelle-Aquitaine,75.0,11
15154,2022-04-08,Nouvelle-Aquitaine,75.0,13
15155,2022-04-09,Nouvelle-Aquitaine,75.0,3
15156,2022-04-10,Nouvelle-Aquitaine,75.0,1
15157,2022-04-11,Nouvelle-Aquitaine,75.0,10
15158,2022-04-12,Nouvelle-Aquitaine,75.0,23
15159,2022-04-13,Nouvelle-Aquitaine,75.0,14
15160,2022-04-14,Nouvelle-Aquitaine,75.0,8
15161,2022-04-15,Nouvelle-Aquitaine,75.0,16
15162,2022-04-16,Nouvelle-Aquitaine,75.0,7
15163,2022-04-17,Nouvelle-Aquitaine,75.0,10
15164,2022-04-18,Nouvelle-Aquitaine,75.0,6
15165,2022-04-19,Nouvelle-Aquitaine,75.0,12
15166,2022-04-20,Nouvelle-Aquitaine,75.0,10
15167,2022-04-21,Nouvelle-Aquitaine,75.0,11
15168,2022-04-22,Nouvelle-Aquitaine,75.0,11
15169,2022-04-23,Nouvelle-Aquitaine,75.0,4
15170,2022-04-24,Nouvelle-Aquitaine,75.0,4
15171,2022-04-25,Nouvelle-Aquitaine,75.0,11
15172,2022-04-26,Nouvelle-Aquitaine,75.0,12
15173,2022-04-27,Nouvelle-Aquitaine,75.0,12
15174,2022-04-28,Nouvelle-Aquitaine,75.0,3
15175,2022-04-29,Nouvelle-Aquitaine,75.0,10
15176,2022-04-30,Nouvelle-Aquitaine,75.0,2
15177,2022-05-01,Nouvelle-Aquitaine,75.0,5
15178,2022-05-02,Nouvelle-Aquitaine,75.0,7
15179,2022-05-03,Nouvelle-Aquitaine,75.0,12
15180,2022-05-04,Nouvelle-Aquitaine,75.0,1
15181,2022-05-05,Nouvelle-Aquitaine,75.0,4
15182,2022-05-06,Nouvelle-Aquitaine,75.0,9
15183,2022-05-07,Nouvelle-Aquitaine,75.0,5
15184,2022-05-08,Nouvelle-Aquitaine,75.0,3
15185,2022-05-09,Nouvelle-Aquitaine,75.0,5
15186,2022-05-10,Nouvelle-Aquitaine,75.0,11
15187,2022-05-11,Nouvelle-Aquitaine,75.0,6
15188,2022-05-12,Nouvelle-Aquitaine,75.0,6
15189,2022-05-13,Nouvelle-Aquitaine,75.0,5
15190,2022-05-14,Nouvelle-Aquitaine,75.0,5
15191,2022-05-15,Nouvelle-Aquitaine,75.0,1
15192,2022-05-16,Nouvelle-Aquitaine,75.0,13
15193,2022-05-17,Nouvelle-Aquitaine,75.0,6
15194,2022-05-18,Nouvelle-Aquitaine,75.0,3
15195,2022-05-19,Nouvelle-Aquitaine,75.0,4
15196,2022-05-20,Nouvelle-Aquitaine,75.0,7
15197,2022-05-21,Nouvelle-Aquitaine,75.0,3
15198,2022-05-22,Nouvelle-Aquitaine,75.0,1
15199,2022-05-23,Nouvelle-Aquitaine,75.0,1
15200,2022-05-24,Nouvelle-Aquitaine,75.0,6
15201,2022-05-25,Nouvelle-Aquitaine,75.0,2
15202,2022-05-26,Nouvelle-Aquitaine,75.0,4
15203,2022-05-27,Nouvelle-Aquitaine,75.0,3
15204,2022-05-28,Nouvelle-Aquitaine,75.0,2
15205,2022-05-29,Nouvelle-Aquitaine,75.0,0
15206,2022-05-30,Nouvelle-Aquitaine,75.0,8
15207,2022-05-31,Nouvelle-Aquitaine,75.0,4
15208,2022-06-01,Nouvelle-Aquitaine,75.0,1
15209,2022-06-02,Nouvelle-Aquitaine,75.0,5
15210,2022-06-03,Nouvelle-Aquitaine,75.0,3
15211,2022-06-04,Nouvelle-Aquitaine,75.0,6
15212,2022-06-05,Nouvelle-Aquitaine,75.0,0
15213,2022-06-06,Nouvelle-Aquitaine,75.0,0
15214,2022-06-07,Nouvelle-Aquitaine,75.0,4
15215,2022-06-08,Nouvelle-Aquitaine,75.0,12
15216,2022-06-09,Nouvelle-Aquitaine,75.0,5
15217,2022-06-10,Nouvelle-Aquitaine,75.0,6
15218,2022-06-11,Nouvelle-Aquitaine,75.0,2
15219,2022-06-12,Nouvelle-Aquitaine,75.0,0
15220,2022-06-13,Nouvelle-Aquitaine,75.0,1
15221,2022-06-14,Nouvelle-Aquitaine,75.0,2
15222,2022-06-15,Nouvelle-Aquitaine,75.0,4
15223,2022-06-16,Nouvelle-Aquitaine,75.0,4
15224,2022-06-17,Nouvelle-Aquitaine,75.0,3
15225,2022-06-18,Nouvelle-Aquitaine,75.0,0
15226,2022-06-19,Nouvelle-Aquitaine,75.0,0
15227,2022-06-20,Nouvelle-Aquitaine,75.0,6
15228,2022-06-21,Nouvelle-Aquitaine,75.0,4
15229,2022-06-22,Nouvelle-Aquitaine,75.0,5
15230,2022-06-23,Nouvelle-Aquitaine,75.0,4
15231,2022-06-24,Nouvelle-Aquitaine,75.0,7
15232,2022-06-25,Nouvelle-Aquitaine,75.0,3
15233,2022-06-26,Nouvelle-Aquitaine,75.0,0
15234,2022-06-27,Nouvelle-Aquitaine,75.0,13
15235,2022-06-28,Nouvelle-Aquitaine,75.0,3
15236,2022-06-29,Nouvelle-Aquitaine,75.0,3
15237,2022-06-30,Nouvelle-Aquitaine,75.0,5
15238,2022-07-01,Nouvelle-Aquitaine,75.0,9
15239,2022-07-02,Nouvelle-Aquitaine,75.0,4
15240,2022-07-03,Nouvelle-Aquitaine,75.0,0
15241,2022-07-04,Nouvelle-Aquitaine,75.0,8
15242,2022-07-05,Nouvelle-Aquitaine,75.0,8
15243,2022-07-06,Nouvelle-Aquitaine,75.0,14
15244,2022-07-07,Nouvelle-Aquitaine,75.0,8
15245,2022-07-08,Nouvelle-Aquitaine,75.0,7
15246,2022-07-09,Nouvelle-Aquitaine,75.0,11
15247,2022-07-10,Nouvelle-Aquitaine,75.0,3
15248,2022-07-11,Nouvelle-Aquitaine,75.0,14
15249,2022-07-12,Nouvelle-Aquitaine,75.0,7
15250,2022-07-13,Nouvelle-Aquitaine,75.0,9
15251,2022-07-14,Nouvelle-Aquitaine,75.0,8
15252,2022-07-15,Nouvelle-Aquitaine,75.0,13
15253,2022-07-16,Nouvelle-Aquitaine,75.0,3
15254,2022-07-17,Nouvelle-Aquitaine,75.0,1
15255,2022-07-18,Nouvelle-Aquitaine,75.0,11
15256,2022-07-19,Nouvelle-Aquitaine,75.0,16
15257,2022-07-20,Nouvelle-Aquitaine,75.0,14
15258,2022-07-21,Nouvelle-Aquitaine,75.0,17
15259,2022-07-22,Nouvelle-Aquitaine,75.0,7
15260,2022-07-23,Nouvelle-Aquitaine,75.0,7
15261,2022-07-24,Nouvelle-Aquitaine,75.0,1
15262,2022-07-25,Nouvelle-Aquitaine,75.0,14
15263,2022-07-26,Nouvelle-Aquitaine,75.0,13
15264,2022-07-27,Nouvelle-Aquitaine,75.0,9
15265,2022-07-28,Nouvelle-Aquitaine,75.0,4
15266,2022-07-29,Nouvelle-Aquitaine,75.0,10
15267,2022-07-30,Nouvelle-Aquitaine,75.0,7
15268,2022-07-31,Nouvelle-Aquitaine,75.0,1
15269,2022-08-01,Nouvelle-Aquitaine,75.0,4
15270,2022-08-02,Nouvelle-Aquitaine,75.0,11
15271,2022-08-03,Nouvelle-Aquitaine,75.0,11
15272,2022-08-04,Nouvelle-Aquitaine,75.0,11
15273,2022-08-05,Nouvelle-Aquitaine,75.0,9
15274,2022-08-06,Nouvelle-Aquitaine,75.0,6
15275,2022-08-07,Nouvelle-Aquitaine,75.0,0
15276,2022-08-08,Nouvelle-Aquitaine,75.0,8
15277,2022-08-09,Nouvelle-Aquitaine,75.0,7
15278,2022-08-10,Nouvelle-Aquitaine,75.0,7
15279,2022-08-11,Nouvelle-Aquitaine,75.0,4
15280,2022-08-12,Nouvelle-Aquitaine,75.0,5
15281,2022-08-13,Nouvelle-Aquitaine,75.0,0
15282,2022-08-14,Nouvelle-Aquitaine,75.0,1
15283,2022-08-15,Nouvelle-Aquitaine,75.0,2
15284,2022-08-16,Nouvelle-Aquitaine,75.0,6
15285,2022-08-17,Nouvelle-Aquitaine,75.0,8
15286,2022-08-18,Nouvelle-Aquitaine,75.0,13
15287,2022-08-19,Nouvelle-Aquitaine,75.0,7
15288,2022-08-20,Nouvelle-Aquitaine,75.0,3
15289,2022-08-21,Nouvelle-Aquitaine,75.0,0
15290,2022-08-22,Nouvelle-Aquitaine,75.0,3
15291,2022-08-23,Nouvelle-Aquitaine,75.0,9
15292,2022-08-24,Nouvelle-Aquitaine,75.0,7
15293,2022-08-25,Nouvelle-Aquitaine,75.0,4
15294,2022-08-26,Nouvelle-Aquitaine,75.0,3
15295,2022-08-27,Nouvelle-Aquitaine,75.0,1
15296,2022-08-28,Nouvelle-Aquitaine,75.0,0
15297,2022-08-29,Nouvelle-Aquitaine,75.0,11
15298,2022-08-30,Nouvelle-Aquitaine,75.0,4
15299,2022-08-31,Nouvelle-Aquitaine,75.0,4
15300,2022-09-01,Nouvelle-Aquitaine,75.0,2
15301,2022-09-02,Nouvelle-Aquitaine,75.0,4
15302,2022-09-03,Nouvelle-Aquitaine,75.0,1
15303,2022-09-04,Nouvelle-Aquitaine,75.0,1
15304,2022-09-05,Nouvelle-Aquitaine,75.0,4
15305,2022-09-06,Nouvelle-Aquitaine,75.0,4
15306,2022-09-07,Nouvelle-Aquitaine,75.0,5
15307,2022-09-08,Nouvelle-Aquitaine,75.0,4
15308,2022-09-09,Nouvelle-Aquitaine,75.0,2
15309,2022-09-10,Nouvelle-Aquitaine,75.0,4
15310,2022-09-11,Nouvelle-Aquitaine,75.0,0
15311,2022-09-12,Nouvelle-Aquitaine,75.0,3
15312,2022-09-13,Nouvelle-Aquitaine,75.0,10
15313,2022-09-14,Nouvelle-Aquitaine,75.0,6
15314,2022-09-15,Nouvelle-Aquitaine,75.0,4
15315,2022-09-16,Nouvelle-Aquitaine,75.0,2
15316,2022-09-17,Nouvelle-Aquitaine,75.0,1
15317,2022-09-18,Nouvelle-Aquitaine,75.0,0
15318,2022-09-19,Nouvelle-Aquitaine,75.0,2
15319,2022-09-20,Nouvelle-Aquitaine,75.0,3
15320,2022-09-21,Nouvelle-Aquitaine,75.0,2
15321,2022-09-22,Nouvelle-Aquitaine,75.0,5
15322,2022-09-23,Nouvelle-Aquitaine,75.0,3
15323,2022-09-24,Nouvelle-Aquitaine,75.0,3
15324,2022-09-25,Nouvelle-Aquitaine,75.0,0
15325,2022-09-26,Nouvelle-Aquitaine,75.0,5
15326,2022-09-27,Nouvelle-Aquitaine,75.0,7
15327,2022-09-28,Nouvelle-Aquitaine,75.0,8
15328,2022-09-29,Nouvelle-Aquitaine,75.0,5
15329,2022-09-30,Nouvelle-Aquitaine,75.0,2
15330,2022-10-01,Nouvelle-Aquitaine,75.0,1
15331,2022-10-02,Nouvelle-Aquitaine,75.0,0
15332,2022-10-03,Nouvelle-Aquitaine,75.0,11
15333,2022-10-04,Nouvelle-Aquitaine,75.0,5
15334,2022-10-05,Nouvelle-Aquitaine,75.0,8
15335,2022-10-06,Nouvelle-Aquitaine,75.0,7
15336,2022-10-07,Nouvelle-Aquitaine,75.0,6
15337,2022-10-08,Nouvelle-Aquitaine,75.0,1
15338,2022-10-09,Nouvelle-Aquitaine,75.0,0
15339,2022-10-10,Nouvelle-Aquitaine,75.0,7
15340,2022-10-11,Nouvelle-Aquitaine,75.0,11
15341,2022-10-12,Nouvelle-Aquitaine,75.0,5
15342,2022-10-13,Nouvelle-Aquitaine,75.0,11
15343,2022-10-14,Nouvelle-Aquitaine,75.0,8
15344,2022-10-15,Nouvelle-Aquitaine,75.0,4
15345,2022-10-16,Nouvelle-Aquitaine,75.0,0
15346,2022-10-17,Nouvelle-Aquitaine,75.0,11
15347,2022-10-18,Nouvelle-Aquitaine,75.0,13
15348,2022-10-19,Nouvelle-Aquitaine,75.0,11
15349,2022-10-20,Nouvelle-Aquitaine,75.0,6
15350,2022-10-21,Nouvelle-Aquitaine,75.0,8
15351,2022-10-22,Nouvelle-Aquitaine,75.0,8
15352,2022-10-23,Nouvelle-Aquitaine,75.0,1
15353,2022-10-24,Nouvelle-Aquitaine,75.0,10
15354,2022-10-25,Nouvelle-Aquitaine,75.0,6
15355,2022-10-26,Nouvelle-Aquitaine,75.0,4
15356,2022-10-27,Nouvelle-Aquitaine,75.0,9
15357,2022-10-28,Nouvelle-Aquitaine,75.0,9
15358,2022-10-29,Nouvelle-Aquitaine,75.0,3
15359,2022-10-30,Nouvelle-Aquitaine,75.0,1
15360,2022-10-31,Nouvelle-Aquitaine,75.0,3
15361,2022-11-01,Nouvelle-Aquitaine,75.0,1
15362,2022-11-02,Nouvelle-Aquitaine,75.0,7
15363,2022-11-03,Nouvelle-Aquitaine,75.0,13
15364,2022-11-04,Nouvelle-Aquitaine,75.0,5
15365,2022-11-05,Nouvelle-Aquitaine,75.0,4
15366,2022-11-06,Nouvelle-Aquitaine,75.0,0
15367,2022-11-07,Nouvelle-Aquitaine,75.0,4
15368,2022-11-08,Nouvelle-Aquitaine,75.0,8
15369,2022-11-09,Nouvelle-Aquitaine,75.0,4
15370,2022-11-10,Nouvelle-Aquitaine,75.0,2
15371,2022-11-11,Nouvelle-Aquitaine,75.0,4
15372,2022-11-12,Nouvelle-Aquitaine,75.0,2
15373,2022-11-13,Nouvelle-Aquitaine,75.0,1
15374,2022-11-14,Nouvelle-Aquitaine,75.0,7
15375,2022-11-15,Nouvelle-Aquitaine,75.0,10
15376,2022-11-16,Nouvelle-Aquitaine,75.0,7
15377,2022-11-17,Nouvelle-Aquitaine,75.0,4
15378,2022-11-18,Nouvelle-Aquitaine,75.0,8
15379,2022-11-19,Nouvelle-Aquitaine,75.0,3
15380,2022-11-20,Nouvelle-Aquitaine,75.0,2
15381,2022-11-21,Nouvelle-Aquitaine,75.0,7
15382,2022-11-22,Nouvelle-Aquitaine,75.0,4
15383,2022-11-23,Nouvelle-Aquitaine,75.0,6
15384,2022-11-24,Nouvelle-Aquitaine,75.0,3
15385,2022-11-25,Nouvelle-Aquitaine,75.0,4
15386,2022-11-26,Nouvelle-Aquitaine,75.0,5
15387,2022-11-27,Nouvelle-Aquitaine,75.0,3
15388,2022-11-28,Nouvelle-Aquitaine,75.0,7
15389,2022-11-29,Nouvelle-Aquitaine,75.0,7
15390,2022-11-30,Nouvelle-Aquitaine,75.0,11
15391,2022-12-01,Nouvelle-Aquitaine,75.0,7
15392,2022-12-02,Nouvelle-Aquitaine,75.0,8
15393,2022-12-03,Nouvelle-Aquitaine,75.0,4
15394,2022-12-04,Nouvelle-Aquitaine,75.0,1
15395,2022-12-05,Nouvelle-Aquitaine,75.0,4
15396,2022-12-06,Nouvelle-Aquitaine,75.0,16
15397,2022-12-07,Nouvelle-Aquitaine,75.0,11
15398,2022-12-08,Nouvelle-Aquitaine,75.0,18
15399,2022-12-09,Nouvelle-Aquitaine,75.0,9
15400,2022-12-10,Nouvelle-Aquitaine,75.0,4
15401,2022-12-11,Nouvelle-Aquitaine,75.0,0
15402,2022-12-12,Nouvelle-Aquitaine,75.0,8
15403,2022-12-13,Nouvelle-Aquitaine,75.0,14
15404,2022-12-14,Nouvelle-Aquitaine,75.0,11
15405,2022-12-15,Nouvelle-Aquitaine,75.0,9
15406,2022-12-16,Nouvelle-Aquitaine,75.0,11
15407,2022-12-17,Nouvelle-Aquitaine,75.0,10
15408,2022-12-18,Nouvelle-Aquitaine,75.0,3
15409,2022-12-19,Nouvelle-Aquitaine,75.0,15
15410,2022-12-20,Nouvelle-Aquitaine,75.0,29
15411,2022-12-21,Nouvelle-Aquitaine,75.0,13
15412,2022-12-22,Nouvelle-Aquitaine,75.0,9
15413,2022-12-23,Nouvelle-Aquitaine,75.0,14
15414,2022-12-24,Nouvelle-Aquitaine,75.0,3
15415,2022-12-25,Nouvelle-Aquitaine,75.0,0
15416,2022-12-26,Nouvelle-Aquitaine,75.0,8
15417,2022-12-27,Nouvelle-Aquitaine,75.0,19
15418,2022-12-28,Nouvelle-Aquitaine,75.0,3
15419,2022-12-29,Nouvelle-Aquitaine,75.0,5
15420,2022-12-30,Nouvelle-Aquitaine,75.0,8
15421,2022-12-31,Nouvelle-Aquitaine,75.0,3
15422,2023-01-01,Nouvelle-Aquitaine,75.0,0
15423,2023-01-02,Nouvelle-Aquitaine,75.0,11
15424,2023-01-03,Nouvelle-Aquitaine,75.0,10
15425,2023-01-04,Nouvelle-Aquitaine,75.0,12
15426,2023-01-05,Nouvelle-Aquitaine,75.0,16
15427,2023-01-06,Nouvelle-Aquitaine,75.0,4
15428,2023-01-07,Nouvelle-Aquitaine,75.0,3
15429,2023-01-08,Nouvelle-Aquitaine,75.0,0
15430,2023-01-09,Nouvelle-Aquitaine,75.0,5
15431,2023-01-10,Nouvelle-Aquitaine,75.0,14
15432,2023-01-11,Nouvelle-Aquitaine,75.0,7
15433,2023-01-12,Nouvelle-Aquitaine,75.0,5
15434,2023-01-13,Nouvelle-Aquitaine,75.0,11
15435,2023-01-14,Nouvelle-Aquitaine,75.0,10
15436,2023-01-15,Nouvelle-Aquitaine,75.0,0
15437,2023-01-16,Nouvelle-Aquitaine,75.0,6
15438,2023-01-17,Nouvelle-Aquitaine,75.0,7
15439,2023-01-18,Nouvelle-Aquitaine,75.0,3
15440,2023-01-19,Nouvelle-Aquitaine,75.0,4
15441,2023-01-20,Nouvelle-Aquitaine,75.0,1
15442,2023-01-21,Nouvelle-Aquitaine,75.0,2
15443,2023-01-22,Nouvelle-Aquitaine,75.0,0
15444,2023-01-23,Nouvelle-Aquitaine,75.0,3
15445,2023-01-24,Nouvelle-Aquitaine,75.0,5
15446,2023-01-25,Nouvelle-Aquitaine,75.0,2
15447,2023-01-26,Nouvelle-Aquitaine,75.0,3
15448,2023-01-27,Nouvelle-Aquitaine,75.0,0
15449,2023-01-28,Nouvelle-Aquitaine,75.0,0
15450,2023-01-29,Nouvelle-Aquitaine,75.0,0
15451,2023-01-30,Nouvelle-Aquitaine,75.0,5
15452,2023-01-31,Nouvelle-Aquitaine,75.0,3
15453,2023-02-01,Nouvelle-Aquitaine,75.0,3
15454,2023-02-02,Nouvelle-Aquitaine,75.0,1
15455,2023-02-03,Nouvelle-Aquitaine,75.0,1
15456,2023-02-04,Nouvelle-Aquitaine,75.0,0
15457,2023-02-05,Nouvelle-Aquitaine,75.0,0
15458,2023-02-06,Nouvelle-Aquitaine,75.0,1
15459,2023-02-07,Nouvelle-Aquitaine,75.0,9
15460,2023-02-08,Nouvelle-Aquitaine,75.0,13
15461,2023-02-09,Nouvelle-Aquitaine,75.0,2
15462,2023-02-10,Nouvelle-Aquitaine,75.0,4
15463,2023-02-11,Nouvelle-Aquitaine,75.0,3
15464,2023-02-12,Nouvelle-Aquitaine,75.0,0
15465,2023-02-13,Nouvelle-Aquitaine,75.0,2
15466,2023-02-14,Nouvelle-Aquitaine,75.0,1
15467,2023-02-15,Nouvelle-Aquitaine,75.0,0
15468,2023-02-16,Nouvelle-Aquitaine,75.0,2
15469,2023-02-17,Nouvelle-Aquitaine,75.0,0
15470,2023-02-18,Nouvelle-Aquitaine,75.0,0
15471,2023-02-19,Nouvelle-Aquitaine,75.0,0
15472,2023-02-20,Nouvelle-Aquitaine,75.0,4
15473,2023-02-21,Nouvelle-Aquitaine,75.0,5
15474,2023-02-22,Nouvelle-Aquitaine,75.0,1
15475,2023-02-23,Nouvelle-Aquitaine,75.0,1
15476,2023-02-24,Nouvelle-Aquitaine,75.0,0
15477,2023-02-25,Nouvelle-Aquitaine,75.0,0
15478,2023-02-26,Nouvelle-Aquitaine,75.0,0
15479,2023-02-27,Nouvelle-Aquitaine,75.0,1
15480,2023-02-28,Nouvelle-Aquitaine,75.0,3
15481,2023-03-01,Nouvelle-Aquitaine,75.0,0
15482,2023-03-02,Nouvelle-Aquitaine,75.0,0
15483,2023-03-03,Nouvelle-Aquitaine,75.0,1
15484,2023-03-04,Nouvelle-Aquitaine,75.0,1
15485,2023-03-05,Nouvelle-Aquitaine,75.0,0
15486,2023-03-06,Nouvelle-Aquitaine,75.0,1
15487,2023-03-07,Nouvelle-Aquitaine,75.0,5
15488,2023-03-08,Nouvelle-Aquitaine,75.0,0
15489,2023-03-09,Nouvelle-Aquitaine,75.0,3
15490,2023-03-10,Nouvelle-Aquitaine,75.0,5
15491,2023-03-11,Nouvelle-Aquitaine,75.0,0
15492,2023-03-12,Nouvelle-Aquitaine,75.0,0
15493,2023-03-13,Nouvelle-Aquitaine,75.0,6
15494,2023-03-14,Nouvelle-Aquitaine,75.0,1
15495,2023-03-15,Nouvelle-Aquitaine,75.0,3
15496,2023-03-16,Nouvelle-Aquitaine,75.0,1
15497,2023-03-17,Nouvelle-Aquitaine,75.0,0
15498,2023-03-18,Nouvelle-Aquitaine,75.0,0
15499,2023-03-19,Nouvelle-Aquitaine,75.0,0
15500,2023-03-20,Nouvelle-Aquitaine,75.0,1
15501,2023-03-21,Nouvelle-Aquitaine,75.0,6
15502,2023-03-22,Nouvelle-Aquitaine,75.0,0
15503,2023-03-23,Nouvelle-Aquitaine,75.0,2
15504,2023-03-24,Nouvelle-Aquitaine,75.0,1
15505,2023-03-25,Nouvelle-Aquitaine,75.0,1
15506,2023-03-26,Nouvelle-Aquitaine,75.0,0
15507,2023-03-27,Nouvelle-Aquitaine,75.0,1
15508,2023-03-28,Nouvelle-Aquitaine,75.0,0
15509,2023-03-29,Nouvelle-Aquitaine,75.0,0
15510,2023-03-30,Nouvelle-Aquitaine,75.0,5
15511,2023-03-31,Nouvelle-Aquitaine,75.0,4
15512,2020-03-19,Occitanie,76.0,29
15513,2020-03-20,Occitanie,76.0,19
15514,2020-03-21,Occitanie,76.0,10
15515,2020-03-22,Occitanie,76.0,16
15516,2020-03-23,Occitanie,76.0,30
15517,2020-03-24,Occitanie,76.0,32
15518,2020-03-25,Occitanie,76.0,34
15519,2020-03-26,Occitanie,76.0,44
15520,2020-03-27,Occitanie,76.0,26
15521,2020-03-28,Occitanie,76.0,35
15522,2020-03-29,Occitanie,76.0,27
15523,2020-03-30,Occitanie,76.0,51
15524,2020-03-31,Occitanie,76.0,27
15525,2020-04-01,Occitanie,76.0,41
15526,2020-04-02,Occitanie,76.0,32
15527,2020-04-03,Occitanie,76.0,19
15528,2020-04-04,Occitanie,76.0,17
15529,2020-04-05,Occitanie,76.0,17
15530,2020-04-06,Occitanie,76.0,26
15531,2020-04-07,Occitanie,76.0,20
15532,2020-04-08,Occitanie,76.0,21
15533,2020-04-09,Occitanie,76.0,10
15534,2020-04-10,Occitanie,76.0,23
15535,2020-04-11,Occitanie,76.0,10
15536,2020-04-12,Occitanie,76.0,3
15537,2020-04-13,Occitanie,76.0,9
15538,2020-04-14,Occitanie,76.0,11
15539,2020-04-15,Occitanie,76.0,14
15540,2020-04-16,Occitanie,76.0,8
15541,2020-04-17,Occitanie,76.0,11
15542,2020-04-18,Occitanie,76.0,4
15543,2020-04-19,Occitanie,76.0,10
15544,2020-04-20,Occitanie,76.0,16
15545,2020-04-21,Occitanie,76.0,5
15546,2020-04-22,Occitanie,76.0,5
15547,2020-04-23,Occitanie,76.0,6
15548,2020-04-24,Occitanie,76.0,6
15549,2020-04-25,Occitanie,76.0,0
15550,2020-04-26,Occitanie,76.0,0
15551,2020-04-27,Occitanie,76.0,6
15552,2020-04-28,Occitanie,76.0,6
15553,2020-04-29,Occitanie,76.0,3
15554,2020-04-30,Occitanie,76.0,5
15555,2020-05-01,Occitanie,76.0,1
15556,2020-05-02,Occitanie,76.0,2
15557,2020-05-03,Occitanie,76.0,0
15558,2020-05-04,Occitanie,76.0,2
15559,2020-05-05,Occitanie,76.0,5
15560,2020-05-06,Occitanie,76.0,1
15561,2020-05-07,Occitanie,76.0,3
15562,2020-05-08,Occitanie,76.0,6
15563,2020-05-09,Occitanie,76.0,2
15564,2020-05-10,Occitanie,76.0,1
15565,2020-05-11,Occitanie,76.0,2
15566,2020-05-12,Occitanie,76.0,6
15567,2020-05-13,Occitanie,76.0,6
15568,2020-05-14,Occitanie,76.0,3
15569,2020-05-15,Occitanie,76.0,2
15570,2020-05-16,Occitanie,76.0,3
15571,2020-05-17,Occitanie,76.0,1
15572,2020-05-18,Occitanie,76.0,4
15573,2020-05-19,Occitanie,76.0,0
15574,2020-05-20,Occitanie,76.0,0
15575,2020-05-21,Occitanie,76.0,0
15576,2020-05-22,Occitanie,76.0,3
15577,2020-05-23,Occitanie,76.0,0
15578,2020-05-24,Occitanie,76.0,1
15579,2020-05-25,Occitanie,76.0,1
15580,2020-05-26,Occitanie,76.0,4
15581,2020-05-27,Occitanie,76.0,0
15582,2020-05-28,Occitanie,76.0,3
15583,2020-05-29,Occitanie,76.0,0
15584,2020-05-30,Occitanie,76.0,0
15585,2020-05-31,Occitanie,76.0,0
15586,2020-06-01,Occitanie,76.0,0
15587,2020-06-02,Occitanie,76.0,3
15588,2020-06-03,Occitanie,76.0,0
15589,2020-06-04,Occitanie,76.0,1
15590,2020-06-05,Occitanie,76.0,1
15591,2020-06-06,Occitanie,76.0,0
15592,2020-06-07,Occitanie,76.0,0
15593,2020-06-08,Occitanie,76.0,0
15594,2020-06-09,Occitanie,76.0,0
15595,2020-06-10,Occitanie,76.0,1
15596,2020-06-11,Occitanie,76.0,1
15597,2020-06-12,Occitanie,76.0,1
15598,2020-06-13,Occitanie,76.0,0
15599,2020-06-14,Occitanie,76.0,0
15600,2020-06-15,Occitanie,76.0,0
15601,2020-06-16,Occitanie,76.0,0
15602,2020-06-17,Occitanie,76.0,0
15603,2020-06-18,Occitanie,76.0,0
15604,2020-06-19,Occitanie,76.0,0
15605,2020-06-20,Occitanie,76.0,0
15606,2020-06-21,Occitanie,76.0,0
15607,2020-06-22,Occitanie,76.0,0
15608,2020-06-23,Occitanie,76.0,1
15609,2020-06-24,Occitanie,76.0,0
15610,2020-06-25,Occitanie,76.0,1
15611,2020-06-26,Occitanie,76.0,1
15612,2020-06-27,Occitanie,76.0,1
15613,2020-06-28,Occitanie,76.0,1
15614,2020-06-29,Occitanie,76.0,1
15615,2020-06-30,Occitanie,76.0,0
15616,2020-07-01,Occitanie,76.0,0
15617,2020-07-02,Occitanie,76.0,0
15618,2020-07-03,Occitanie,76.0,0
15619,2020-07-04,Occitanie,76.0,0
15620,2020-07-05,Occitanie,76.0,0
15621,2020-07-06,Occitanie,76.0,0
15622,2020-07-07,Occitanie,76.0,1
15623,2020-07-08,Occitanie,76.0,0
15624,2020-07-09,Occitanie,76.0,0
15625,2020-07-10,Occitanie,76.0,0
15626,2020-07-11,Occitanie,76.0,0
15627,2020-07-12,Occitanie,76.0,0
15628,2020-07-13,Occitanie,76.0,0
15629,2020-07-14,Occitanie,76.0,0
15630,2020-07-15,Occitanie,76.0,0
15631,2020-07-16,Occitanie,76.0,1
15632,2020-07-17,Occitanie,76.0,0
15633,2020-07-18,Occitanie,76.0,0
15634,2020-07-19,Occitanie,76.0,0
15635,2020-07-20,Occitanie,76.0,0
15636,2020-07-21,Occitanie,76.0,0
15637,2020-07-22,Occitanie,76.0,0
15638,2020-07-23,Occitanie,76.0,1
15639,2020-07-24,Occitanie,76.0,1
15640,2020-07-25,Occitanie,76.0,1
15641,2020-07-26,Occitanie,76.0,0
15642,2020-07-27,Occitanie,76.0,1
15643,2020-07-28,Occitanie,76.0,1
15644,2020-07-29,Occitanie,76.0,1
15645,2020-07-30,Occitanie,76.0,0
15646,2020-07-31,Occitanie,76.0,1
15647,2020-08-01,Occitanie,76.0,1
15648,2020-08-02,Occitanie,76.0,0
15649,2020-08-03,Occitanie,76.0,2
15650,2020-08-04,Occitanie,76.0,0
15651,2020-08-05,Occitanie,76.0,0
15652,2020-08-06,Occitanie,76.0,1
15653,2020-08-07,Occitanie,76.0,0
15654,2020-08-08,Occitanie,76.0,2
15655,2020-08-09,Occitanie,76.0,0
15656,2020-08-10,Occitanie,76.0,0
15657,2020-08-11,Occitanie,76.0,1
15658,2020-08-12,Occitanie,76.0,0
15659,2020-08-13,Occitanie,76.0,1
15660,2020-08-14,Occitanie,76.0,0
15661,2020-08-15,Occitanie,76.0,2
15662,2020-08-16,Occitanie,76.0,0
15663,2020-08-17,Occitanie,76.0,0
15664,2020-08-18,Occitanie,76.0,3
15665,2020-08-19,Occitanie,76.0,4
15666,2020-08-20,Occitanie,76.0,1
15667,2020-08-21,Occitanie,76.0,2
15668,2020-08-22,Occitanie,76.0,0
15669,2020-08-23,Occitanie,76.0,0
15670,2020-08-24,Occitanie,76.0,4
15671,2020-08-25,Occitanie,76.0,2
15672,2020-08-26,Occitanie,76.0,3
15673,2020-08-27,Occitanie,76.0,3
15674,2020-08-28,Occitanie,76.0,3
15675,2020-08-29,Occitanie,76.0,1
15676,2020-08-30,Occitanie,76.0,0
15677,2020-08-31,Occitanie,76.0,4
15678,2020-09-01,Occitanie,76.0,5
15679,2020-09-02,Occitanie,76.0,7
15680,2020-09-03,Occitanie,76.0,6
15681,2020-09-04,Occitanie,76.0,0
15682,2020-09-05,Occitanie,76.0,1
15683,2020-09-06,Occitanie,76.0,2
15684,2020-09-07,Occitanie,76.0,8
15685,2020-09-08,Occitanie,76.0,8
15686,2020-09-09,Occitanie,76.0,4
15687,2020-09-10,Occitanie,76.0,6
15688,2020-09-11,Occitanie,76.0,5
15689,2020-09-12,Occitanie,76.0,2
15690,2020-09-13,Occitanie,76.0,1
15691,2020-09-14,Occitanie,76.0,8
15692,2020-09-15,Occitanie,76.0,8
15693,2020-09-16,Occitanie,76.0,11
15694,2020-09-17,Occitanie,76.0,10
15695,2020-09-18,Occitanie,76.0,7
15696,2020-09-19,Occitanie,76.0,7
15697,2020-09-20,Occitanie,76.0,1
15698,2020-09-21,Occitanie,76.0,17
15699,2020-09-22,Occitanie,76.0,8
15700,2020-09-23,Occitanie,76.0,10
15701,2020-09-24,Occitanie,76.0,13
15702,2020-09-25,Occitanie,76.0,8
15703,2020-09-26,Occitanie,76.0,8
15704,2020-09-27,Occitanie,76.0,6
15705,2020-09-28,Occitanie,76.0,10
15706,2020-09-29,Occitanie,76.0,25
15707,2020-09-30,Occitanie,76.0,12
15708,2020-10-01,Occitanie,76.0,4
15709,2020-10-02,Occitanie,76.0,12
15710,2020-10-03,Occitanie,76.0,15
15711,2020-10-04,Occitanie,76.0,11
15712,2020-10-05,Occitanie,76.0,13
15713,2020-10-06,Occitanie,76.0,17
15714,2020-10-07,Occitanie,76.0,12
15715,2020-10-08,Occitanie,76.0,14
15716,2020-10-09,Occitanie,76.0,22
15717,2020-10-10,Occitanie,76.0,14
15718,2020-10-11,Occitanie,76.0,2
15719,2020-10-12,Occitanie,76.0,15
15720,2020-10-13,Occitanie,76.0,23
15721,2020-10-14,Occitanie,76.0,28
15722,2020-10-15,Occitanie,76.0,17
15723,2020-10-16,Occitanie,76.0,32
15724,2020-10-17,Occitanie,76.0,15
15725,2020-10-18,Occitanie,76.0,16
15726,2020-10-19,Occitanie,76.0,22
15727,2020-10-20,Occitanie,76.0,23
15728,2020-10-21,Occitanie,76.0,40
15729,2020-10-22,Occitanie,76.0,28
15730,2020-10-23,Occitanie,76.0,19
15731,2020-10-24,Occitanie,76.0,31
15732,2020-10-25,Occitanie,76.0,23
15733,2020-10-26,Occitanie,76.0,23
15734,2020-10-27,Occitanie,76.0,37
15735,2020-10-28,Occitanie,76.0,42
15736,2020-10-29,Occitanie,76.0,37
15737,2020-10-30,Occitanie,76.0,23
15738,2020-10-31,Occitanie,76.0,34
15739,2020-11-01,Occitanie,76.0,33
15740,2020-11-02,Occitanie,76.0,31
15741,2020-11-03,Occitanie,76.0,30
15742,2020-11-04,Occitanie,76.0,66
15743,2020-11-05,Occitanie,76.0,41
15744,2020-11-06,Occitanie,76.0,32
15745,2020-11-07,Occitanie,76.0,25
15746,2020-11-08,Occitanie,76.0,22
15747,2020-11-09,Occitanie,76.0,37
15748,2020-11-10,Occitanie,76.0,35
15749,2020-11-11,Occitanie,76.0,20
15750,2020-11-12,Occitanie,76.0,32
15751,2020-11-13,Occitanie,76.0,45
15752,2020-11-14,Occitanie,76.0,28
15753,2020-11-15,Occitanie,76.0,27
15754,2020-11-16,Occitanie,76.0,22
15755,2020-11-17,Occitanie,76.0,18
15756,2020-11-18,Occitanie,76.0,33
15757,2020-11-19,Occitanie,76.0,34
15758,2020-11-20,Occitanie,76.0,23
15759,2020-11-21,Occitanie,76.0,17
15760,2020-11-22,Occitanie,76.0,9
15761,2020-11-23,Occitanie,76.0,18
15762,2020-11-24,Occitanie,76.0,22
15763,2020-11-25,Occitanie,76.0,17
15764,2020-11-26,Occitanie,76.0,20
15765,2020-11-27,Occitanie,76.0,8
15766,2020-11-28,Occitanie,76.0,5
15767,2020-11-29,Occitanie,76.0,6
15768,2020-11-30,Occitanie,76.0,16
15769,2020-12-01,Occitanie,76.0,9
15770,2020-12-02,Occitanie,76.0,9
15771,2020-12-03,Occitanie,76.0,13
15772,2020-12-04,Occitanie,76.0,15
15773,2020-12-05,Occitanie,76.0,7
15774,2020-12-06,Occitanie,76.0,4
15775,2020-12-07,Occitanie,76.0,13
15776,2020-12-08,Occitanie,76.0,14
15777,2020-12-09,Occitanie,76.0,7
15778,2020-12-10,Occitanie,76.0,8
15779,2020-12-11,Occitanie,76.0,9
15780,2020-12-12,Occitanie,76.0,8
15781,2020-12-13,Occitanie,76.0,5
15782,2020-12-14,Occitanie,76.0,9
15783,2020-12-15,Occitanie,76.0,10
15784,2020-12-16,Occitanie,76.0,10
15785,2020-12-17,Occitanie,76.0,18
15786,2020-12-18,Occitanie,76.0,10
15787,2020-12-19,Occitanie,76.0,12
15788,2020-12-20,Occitanie,76.0,6
15789,2020-12-21,Occitanie,76.0,8
15790,2020-12-22,Occitanie,76.0,19
15791,2020-12-23,Occitanie,76.0,25
15792,2020-12-24,Occitanie,76.0,16
15793,2020-12-25,Occitanie,76.0,6
15794,2020-12-26,Occitanie,76.0,4
15795,2020-12-27,Occitanie,76.0,3
15796,2020-12-28,Occitanie,76.0,11
15797,2020-12-29,Occitanie,76.0,11
15798,2020-12-30,Occitanie,76.0,16
15799,2020-12-31,Occitanie,76.0,9
15800,2021-01-01,Occitanie,76.0,8
15801,2021-01-02,Occitanie,76.0,5
15802,2021-01-03,Occitanie,76.0,3
15803,2021-01-04,Occitanie,76.0,27
15804,2021-01-05,Occitanie,76.0,9
15805,2021-01-06,Occitanie,76.0,16
15806,2021-01-07,Occitanie,76.0,6
15807,2021-01-08,Occitanie,76.0,23
15808,2021-01-09,Occitanie,76.0,12
15809,2021-01-10,Occitanie,76.0,6
15810,2021-01-11,Occitanie,76.0,25
15811,2021-01-12,Occitanie,76.0,16
15812,2021-01-13,Occitanie,76.0,18
15813,2021-01-14,Occitanie,76.0,12
15814,2021-01-15,Occitanie,76.0,19
15815,2021-01-16,Occitanie,76.0,11
15816,2021-01-17,Occitanie,76.0,9
15817,2021-01-18,Occitanie,76.0,16
15818,2021-01-19,Occitanie,76.0,31
15819,2021-01-20,Occitanie,76.0,30
15820,2021-01-21,Occitanie,76.0,16
15821,2021-01-22,Occitanie,76.0,15
15822,2021-01-23,Occitanie,76.0,14
15823,2021-01-24,Occitanie,76.0,9
15824,2021-01-25,Occitanie,76.0,15
15825,2021-01-26,Occitanie,76.0,32
15826,2021-01-27,Occitanie,76.0,28
15827,2021-01-28,Occitanie,76.0,21
15828,2021-01-29,Occitanie,76.0,32
15829,2021-01-30,Occitanie,76.0,16
15830,2021-01-31,Occitanie,76.0,9
15831,2021-02-01,Occitanie,76.0,21
15832,2021-02-02,Occitanie,76.0,34
15833,2021-02-03,Occitanie,76.0,35
15834,2021-02-04,Occitanie,76.0,21
15835,2021-02-05,Occitanie,76.0,37
15836,2021-02-06,Occitanie,76.0,11
15837,2021-02-07,Occitanie,76.0,11
15838,2021-02-08,Occitanie,76.0,32
15839,2021-02-09,Occitanie,76.0,22
15840,2021-02-10,Occitanie,76.0,25
15841,2021-02-11,Occitanie,76.0,20
15842,2021-02-12,Occitanie,76.0,24
15843,2021-02-13,Occitanie,76.0,18
15844,2021-02-14,Occitanie,76.0,5
15845,2021-02-15,Occitanie,76.0,23
15846,2021-02-16,Occitanie,76.0,23
15847,2021-02-17,Occitanie,76.0,27
15848,2021-02-18,Occitanie,76.0,19
15849,2021-02-19,Occitanie,76.0,14
15850,2021-02-20,Occitanie,76.0,21
15851,2021-02-21,Occitanie,76.0,8
15852,2021-02-22,Occitanie,76.0,22
15853,2021-02-23,Occitanie,76.0,14
15854,2021-02-24,Occitanie,76.0,11
15855,2021-02-25,Occitanie,76.0,18
15856,2021-02-26,Occitanie,76.0,17
15857,2021-02-27,Occitanie,76.0,20
15858,2021-02-28,Occitanie,76.0,13
15859,2021-03-01,Occitanie,76.0,18
15860,2021-03-02,Occitanie,76.0,23
15861,2021-03-03,Occitanie,76.0,18
15862,2021-03-04,Occitanie,76.0,10
15863,2021-03-05,Occitanie,76.0,22
15864,2021-03-06,Occitanie,76.0,16
15865,2021-03-07,Occitanie,76.0,5
15866,2021-03-08,Occitanie,76.0,20
15867,2021-03-09,Occitanie,76.0,21
15868,2021-03-10,Occitanie,76.0,31
15869,2021-03-11,Occitanie,76.0,23
15870,2021-03-12,Occitanie,76.0,13
15871,2021-03-13,Occitanie,76.0,9
15872,2021-03-14,Occitanie,76.0,14
15873,2021-03-15,Occitanie,76.0,27
15874,2021-03-16,Occitanie,76.0,17
15875,2021-03-17,Occitanie,76.0,18
15876,2021-03-18,Occitanie,76.0,13
15877,2021-03-19,Occitanie,76.0,15
15878,2021-03-20,Occitanie,76.0,21
15879,2021-03-21,Occitanie,76.0,8
15880,2021-03-22,Occitanie,76.0,37
15881,2021-03-23,Occitanie,76.0,25
15882,2021-03-24,Occitanie,76.0,18
15883,2021-03-25,Occitanie,76.0,22
15884,2021-03-26,Occitanie,76.0,30
15885,2021-03-27,Occitanie,76.0,27
15886,2021-03-28,Occitanie,76.0,10
15887,2021-03-29,Occitanie,76.0,23
15888,2021-03-30,Occitanie,76.0,33
15889,2021-03-31,Occitanie,76.0,34
15890,2021-04-01,Occitanie,76.0,24
15891,2021-04-02,Occitanie,76.0,42
15892,2021-04-03,Occitanie,76.0,22
15893,2021-04-04,Occitanie,76.0,23
15894,2021-04-05,Occitanie,76.0,17
15895,2021-04-06,Occitanie,76.0,65
15896,2021-04-07,Occitanie,76.0,50
15897,2021-04-08,Occitanie,76.0,32
15898,2021-04-09,Occitanie,76.0,30
15899,2021-04-10,Occitanie,76.0,23
15900,2021-04-11,Occitanie,76.0,21
15901,2021-04-12,Occitanie,76.0,32
15902,2021-04-13,Occitanie,76.0,27
15903,2021-04-14,Occitanie,76.0,25
15904,2021-04-15,Occitanie,76.0,39
15905,2021-04-16,Occitanie,76.0,33
15906,2021-04-17,Occitanie,76.0,29
15907,2021-04-18,Occitanie,76.0,11
15908,2021-04-19,Occitanie,76.0,33
15909,2021-04-20,Occitanie,76.0,37
15910,2021-04-21,Occitanie,76.0,30
15911,2021-04-22,Occitanie,76.0,33
15912,2021-04-23,Occitanie,76.0,26
15913,2021-04-24,Occitanie,76.0,34
15914,2021-04-25,Occitanie,76.0,11
15915,2021-04-26,Occitanie,76.0,32
15916,2021-04-27,Occitanie,76.0,38
15917,2021-04-28,Occitanie,76.0,24
15918,2021-04-29,Occitanie,76.0,28
15919,2021-04-30,Occitanie,76.0,13
15920,2021-05-01,Occitanie,76.0,19
15921,2021-05-02,Occitanie,76.0,11
15922,2021-05-03,Occitanie,76.0,24
15923,2021-05-04,Occitanie,76.0,17
15924,2021-05-05,Occitanie,76.0,24
15925,2021-05-06,Occitanie,76.0,18
15926,2021-05-07,Occitanie,76.0,12
15927,2021-05-08,Occitanie,76.0,18
15928,2021-05-09,Occitanie,76.0,11
15929,2021-05-10,Occitanie,76.0,18
15930,2021-05-11,Occitanie,76.0,19
15931,2021-05-12,Occitanie,76.0,10
15932,2021-05-13,Occitanie,76.0,6
15933,2021-05-14,Occitanie,76.0,12
15934,2021-05-15,Occitanie,76.0,5
15935,2021-05-16,Occitanie,76.0,7
15936,2021-05-17,Occitanie,76.0,12
15937,2021-05-18,Occitanie,76.0,6
15938,2021-05-19,Occitanie,76.0,12
15939,2021-05-20,Occitanie,76.0,9
15940,2021-05-21,Occitanie,76.0,4
15941,2021-05-22,Occitanie,76.0,8
15942,2021-05-23,Occitanie,76.0,3
15943,2021-05-24,Occitanie,76.0,7
15944,2021-05-25,Occitanie,76.0,10
15945,2021-05-26,Occitanie,76.0,11
15946,2021-05-27,Occitanie,76.0,5
15947,2021-05-28,Occitanie,76.0,6
15948,2021-05-29,Occitanie,76.0,7
15949,2021-05-30,Occitanie,76.0,2
15950,2021-05-31,Occitanie,76.0,18
15951,2021-06-01,Occitanie,76.0,8
15952,2021-06-02,Occitanie,76.0,6
15953,2021-06-03,Occitanie,76.0,10
15954,2021-06-04,Occitanie,76.0,5
15955,2021-06-05,Occitanie,76.0,2
15956,2021-06-06,Occitanie,76.0,3
15957,2021-06-07,Occitanie,76.0,2
15958,2021-06-08,Occitanie,76.0,8
15959,2021-06-09,Occitanie,76.0,3
15960,2021-06-10,Occitanie,76.0,3
15961,2021-06-11,Occitanie,76.0,3
15962,2021-06-12,Occitanie,76.0,2
15963,2021-06-13,Occitanie,76.0,0
15964,2021-06-14,Occitanie,76.0,7
15965,2021-06-15,Occitanie,76.0,3
15966,2021-06-16,Occitanie,76.0,0
15967,2021-06-17,Occitanie,76.0,6
15968,2021-06-18,Occitanie,76.0,4
15969,2021-06-19,Occitanie,76.0,0
15970,2021-06-20,Occitanie,76.0,0
15971,2021-06-21,Occitanie,76.0,7
15972,2021-06-22,Occitanie,76.0,1
15973,2021-06-23,Occitanie,76.0,1
15974,2021-06-24,Occitanie,76.0,1
15975,2021-06-25,Occitanie,76.0,0
15976,2021-06-26,Occitanie,76.0,0
15977,2021-06-27,Occitanie,76.0,0
15978,2021-06-28,Occitanie,76.0,0
15979,2021-06-29,Occitanie,76.0,2
15980,2021-06-30,Occitanie,76.0,0
15981,2021-07-01,Occitanie,76.0,1
15982,2021-07-02,Occitanie,76.0,0
15983,2021-07-03,Occitanie,76.0,1
15984,2021-07-04,Occitanie,76.0,0
15985,2021-07-05,Occitanie,76.0,1
15986,2021-07-06,Occitanie,76.0,0
15987,2021-07-07,Occitanie,76.0,2
15988,2021-07-08,Occitanie,76.0,1
15989,2021-07-09,Occitanie,76.0,0
15990,2021-07-10,Occitanie,76.0,0
15991,2021-07-11,Occitanie,76.0,0
15992,2021-07-12,Occitanie,76.0,8
15993,2021-07-13,Occitanie,76.0,7
15994,2021-07-14,Occitanie,76.0,1
15995,2021-07-15,Occitanie,76.0,5
15996,2021-07-16,Occitanie,76.0,4
15997,2021-07-17,Occitanie,76.0,0
15998,2021-07-18,Occitanie,76.0,0
15999,2021-07-19,Occitanie,76.0,14
16000,2021-07-20,Occitanie,76.0,6
16001,2021-07-21,Occitanie,76.0,3
16002,2021-07-22,Occitanie,76.0,10
16003,2021-07-23,Occitanie,76.0,7
16004,2021-07-24,Occitanie,76.0,3
16005,2021-07-25,Occitanie,76.0,6
16006,2021-07-26,Occitanie,76.0,19
16007,2021-07-27,Occitanie,76.0,15
16008,2021-07-28,Occitanie,76.0,10
16009,2021-07-29,Occitanie,76.0,9
16010,2021-07-30,Occitanie,76.0,34
16011,2021-07-31,Occitanie,76.0,24
16012,2021-08-01,Occitanie,76.0,16
16013,2021-08-02,Occitanie,76.0,18
16014,2021-08-03,Occitanie,76.0,30
16015,2021-08-04,Occitanie,76.0,36
16016,2021-08-05,Occitanie,76.0,22
16017,2021-08-06,Occitanie,76.0,34
16018,2021-08-07,Occitanie,76.0,30
16019,2021-08-08,Occitanie,76.0,39
16020,2021-08-09,Occitanie,76.0,32
16021,2021-08-10,Occitanie,76.0,32
16022,2021-08-11,Occitanie,76.0,20
16023,2021-08-12,Occitanie,76.0,40
16024,2021-08-13,Occitanie,76.0,37
16025,2021-08-14,Occitanie,76.0,24
16026,2021-08-15,Occitanie,76.0,8
16027,2021-08-16,Occitanie,76.0,22
16028,2021-08-17,Occitanie,76.0,42
16029,2021-08-18,Occitanie,76.0,34
16030,2021-08-19,Occitanie,76.0,26
16031,2021-08-20,Occitanie,76.0,35
16032,2021-08-21,Occitanie,76.0,24
16033,2021-08-22,Occitanie,76.0,10
16034,2021-08-23,Occitanie,76.0,32
16035,2021-08-24,Occitanie,76.0,19
16036,2021-08-25,Occitanie,76.0,31
16037,2021-08-26,Occitanie,76.0,22
16038,2021-08-27,Occitanie,76.0,28
16039,2021-08-28,Occitanie,76.0,15
16040,2021-08-29,Occitanie,76.0,16
16041,2021-08-30,Occitanie,76.0,14
16042,2021-08-31,Occitanie,76.0,25
16043,2021-09-01,Occitanie,76.0,34
16044,2021-09-02,Occitanie,76.0,16
16045,2021-09-03,Occitanie,76.0,17
16046,2021-09-04,Occitanie,76.0,10
16047,2021-09-05,Occitanie,76.0,8
16048,2021-09-06,Occitanie,76.0,16
16049,2021-09-07,Occitanie,76.0,17
16050,2021-09-08,Occitanie,76.0,15
16051,2021-09-09,Occitanie,76.0,13
16052,2021-09-10,Occitanie,76.0,12
16053,2021-09-11,Occitanie,76.0,11
16054,2021-09-12,Occitanie,76.0,3
16055,2021-09-13,Occitanie,76.0,13
16056,2021-09-14,Occitanie,76.0,6
16057,2021-09-15,Occitanie,76.0,8
16058,2021-09-16,Occitanie,76.0,10
16059,2021-09-17,Occitanie,76.0,7
16060,2021-09-18,Occitanie,76.0,8
16061,2021-09-19,Occitanie,76.0,0
16062,2021-09-20,Occitanie,76.0,10
16063,2021-09-21,Occitanie,76.0,4
16064,2021-09-22,Occitanie,76.0,6
16065,2021-09-23,Occitanie,76.0,3
16066,2021-09-24,Occitanie,76.0,4
16067,2021-09-25,Occitanie,76.0,14
16068,2021-09-26,Occitanie,76.0,3
16069,2021-09-27,Occitanie,76.0,4
16070,2021-09-28,Occitanie,76.0,3
16071,2021-09-29,Occitanie,76.0,3
16072,2021-09-30,Occitanie,76.0,3
16073,2021-10-01,Occitanie,76.0,1
16074,2021-10-02,Occitanie,76.0,2
16075,2021-10-03,Occitanie,76.0,3
16076,2021-10-04,Occitanie,76.0,3
16077,2021-10-05,Occitanie,76.0,4
16078,2021-10-06,Occitanie,76.0,0
16079,2021-10-07,Occitanie,76.0,3
16080,2021-10-08,Occitanie,76.0,1
16081,2021-10-09,Occitanie,76.0,6
16082,2021-10-10,Occitanie,76.0,1
16083,2021-10-11,Occitanie,76.0,4
16084,2021-10-12,Occitanie,76.0,2
16085,2021-10-13,Occitanie,76.0,6
16086,2021-10-14,Occitanie,76.0,6
16087,2021-10-15,Occitanie,76.0,1
16088,2021-10-16,Occitanie,76.0,1
16089,2021-10-17,Occitanie,76.0,4
16090,2021-10-18,Occitanie,76.0,4
16091,2021-10-19,Occitanie,76.0,4
16092,2021-10-20,Occitanie,76.0,4
16093,2021-10-21,Occitanie,76.0,0
16094,2021-10-22,Occitanie,76.0,2
16095,2021-10-23,Occitanie,76.0,5
16096,2021-10-24,Occitanie,76.0,4
16097,2021-10-25,Occitanie,76.0,6
16098,2021-10-26,Occitanie,76.0,8
16099,2021-10-27,Occitanie,76.0,3
16100,2021-10-28,Occitanie,76.0,5
16101,2021-10-29,Occitanie,76.0,4
16102,2021-10-30,Occitanie,76.0,4
16103,2021-10-31,Occitanie,76.0,1
16104,2021-11-01,Occitanie,76.0,2
16105,2021-11-02,Occitanie,76.0,10
16106,2021-11-03,Occitanie,76.0,6
16107,2021-11-04,Occitanie,76.0,3
16108,2021-11-05,Occitanie,76.0,6
16109,2021-11-06,Occitanie,76.0,2
16110,2021-11-07,Occitanie,76.0,2
16111,2021-11-08,Occitanie,76.0,12
16112,2021-11-09,Occitanie,76.0,5
16113,2021-11-10,Occitanie,76.0,3
16114,2021-11-11,Occitanie,76.0,6
16115,2021-11-12,Occitanie,76.0,18
16116,2021-11-13,Occitanie,76.0,8
16117,2021-11-14,Occitanie,76.0,6
16118,2021-11-15,Occitanie,76.0,21
16119,2021-11-16,Occitanie,76.0,12
16120,2021-11-17,Occitanie,76.0,14
16121,2021-11-18,Occitanie,76.0,14
16122,2021-11-19,Occitanie,76.0,11
16123,2021-11-20,Occitanie,76.0,2
16124,2021-11-21,Occitanie,76.0,0
16125,2021-11-22,Occitanie,76.0,22
16126,2021-11-23,Occitanie,76.0,21
16127,2021-11-24,Occitanie,76.0,22
16128,2021-11-25,Occitanie,76.0,17
16129,2021-11-26,Occitanie,76.0,23
16130,2021-11-27,Occitanie,76.0,14
16131,2021-11-28,Occitanie,76.0,6
16132,2021-11-29,Occitanie,76.0,36
16133,2021-11-30,Occitanie,76.0,31
16134,2021-12-01,Occitanie,76.0,22
16135,2021-12-02,Occitanie,76.0,26
16136,2021-12-03,Occitanie,76.0,38
16137,2021-12-04,Occitanie,76.0,10
16138,2021-12-05,Occitanie,76.0,12
16139,2021-12-06,Occitanie,76.0,27
16140,2021-12-07,Occitanie,76.0,35
16141,2021-12-08,Occitanie,76.0,26
16142,2021-12-09,Occitanie,76.0,36
16143,2021-12-10,Occitanie,76.0,23
16144,2021-12-11,Occitanie,76.0,21
16145,2021-12-12,Occitanie,76.0,16
16146,2021-12-13,Occitanie,76.0,37
16147,2021-12-14,Occitanie,76.0,33
16148,2021-12-15,Occitanie,76.0,31
16149,2021-12-16,Occitanie,76.0,25
16150,2021-12-17,Occitanie,76.0,30
16151,2021-12-18,Occitanie,76.0,17
16152,2021-12-19,Occitanie,76.0,18
16153,2021-12-20,Occitanie,76.0,35
16154,2021-12-21,Occitanie,76.0,30
16155,2021-12-22,Occitanie,76.0,32
16156,2021-12-23,Occitanie,76.0,41
16157,2021-12-24,Occitanie,76.0,24
16158,2021-12-25,Occitanie,76.0,17
16159,2021-12-26,Occitanie,76.0,7
16160,2021-12-27,Occitanie,76.0,24
16161,2021-12-28,Occitanie,76.0,50
16162,2021-12-29,Occitanie,76.0,39
16163,2021-12-30,Occitanie,76.0,30
16164,2021-12-31,Occitanie,76.0,36
16165,2022-01-01,Occitanie,76.0,31
16166,2022-01-02,Occitanie,76.0,14
16167,2022-01-03,Occitanie,76.0,50
16168,2022-01-04,Occitanie,76.0,34
16169,2022-01-05,Occitanie,76.0,44
16170,2022-01-06,Occitanie,76.0,27
16171,2022-01-07,Occitanie,76.0,34
16172,2022-01-08,Occitanie,76.0,26
16173,2022-01-09,Occitanie,76.0,17
16174,2022-01-10,Occitanie,76.0,27
16175,2022-01-11,Occitanie,76.0,29
16176,2022-01-12,Occitanie,76.0,35
16177,2022-01-13,Occitanie,76.0,27
16178,2022-01-14,Occitanie,76.0,29
16179,2022-01-15,Occitanie,76.0,18
16180,2022-01-16,Occitanie,76.0,11
16181,2022-01-17,Occitanie,76.0,31
16182,2022-01-18,Occitanie,76.0,21
16183,2022-01-19,Occitanie,76.0,36
16184,2022-01-20,Occitanie,76.0,21
16185,2022-01-21,Occitanie,76.0,30
16186,2022-01-22,Occitanie,76.0,23
16187,2022-01-23,Occitanie,76.0,18
16188,2022-01-24,Occitanie,76.0,22
16189,2022-01-25,Occitanie,76.0,31
16190,2022-01-26,Occitanie,76.0,30
16191,2022-01-27,Occitanie,76.0,37
16192,2022-01-28,Occitanie,76.0,40
16193,2022-01-29,Occitanie,76.0,17
16194,2022-01-30,Occitanie,76.0,16
16195,2022-01-31,Occitanie,76.0,34
16196,2022-02-01,Occitanie,76.0,47
16197,2022-02-02,Occitanie,76.0,43
16198,2022-02-03,Occitanie,76.0,34
16199,2022-02-04,Occitanie,76.0,38
16200,2022-02-05,Occitanie,76.0,20
16201,2022-02-06,Occitanie,76.0,16
16202,2022-02-07,Occitanie,76.0,24
16203,2022-02-08,Occitanie,76.0,36
16204,2022-02-09,Occitanie,76.0,20
16205,2022-02-10,Occitanie,76.0,35
16206,2022-02-11,Occitanie,76.0,25
16207,2022-02-12,Occitanie,76.0,12
16208,2022-02-13,Occitanie,76.0,15
16209,2022-02-14,Occitanie,76.0,17
16210,2022-02-15,Occitanie,76.0,39
16211,2022-02-16,Occitanie,76.0,22
16212,2022-02-17,Occitanie,76.0,31
16213,2022-02-18,Occitanie,76.0,19
16214,2022-02-19,Occitanie,76.0,18
16215,2022-02-20,Occitanie,76.0,8
16216,2022-02-21,Occitanie,76.0,18
16217,2022-02-22,Occitanie,76.0,17
16218,2022-02-23,Occitanie,76.0,20
16219,2022-02-24,Occitanie,76.0,11
16220,2022-02-25,Occitanie,76.0,11
16221,2022-02-26,Occitanie,76.0,14
16222,2022-02-27,Occitanie,76.0,3
16223,2022-02-28,Occitanie,76.0,13
16224,2022-03-01,Occitanie,76.0,15
16225,2022-03-02,Occitanie,76.0,18
16226,2022-03-03,Occitanie,76.0,10
16227,2022-03-04,Occitanie,76.0,11
16228,2022-03-05,Occitanie,76.0,4
16229,2022-03-06,Occitanie,76.0,5
16230,2022-03-07,Occitanie,76.0,12
16231,2022-03-08,Occitanie,76.0,11
16232,2022-03-09,Occitanie,76.0,9
16233,2022-03-10,Occitanie,76.0,15
16234,2022-03-11,Occitanie,76.0,15
16235,2022-03-12,Occitanie,76.0,2
16236,2022-03-13,Occitanie,76.0,5
16237,2022-03-14,Occitanie,76.0,16
16238,2022-03-15,Occitanie,76.0,12
16239,2022-03-16,Occitanie,76.0,12
16240,2022-03-17,Occitanie,76.0,13
16241,2022-03-18,Occitanie,76.0,5
16242,2022-03-19,Occitanie,76.0,8
16243,2022-03-20,Occitanie,76.0,3
16244,2022-03-21,Occitanie,76.0,10
16245,2022-03-22,Occitanie,76.0,6
16246,2022-03-23,Occitanie,76.0,7
16247,2022-03-24,Occitanie,76.0,7
16248,2022-03-25,Occitanie,76.0,15
16249,2022-03-26,Occitanie,76.0,5
16250,2022-03-27,Occitanie,76.0,6
16251,2022-03-28,Occitanie,76.0,17
16252,2022-03-29,Occitanie,76.0,9
16253,2022-03-30,Occitanie,76.0,11
16254,2022-03-31,Occitanie,76.0,10
16255,2022-04-01,Occitanie,76.0,8
16256,2022-04-02,Occitanie,76.0,12
16257,2022-04-03,Occitanie,76.0,4
16258,2022-04-04,Occitanie,76.0,20
16259,2022-04-05,Occitanie,76.0,21
16260,2022-04-06,Occitanie,76.0,9
16261,2022-04-07,Occitanie,76.0,13
16262,2022-04-08,Occitanie,76.0,15
16263,2022-04-09,Occitanie,76.0,10
16264,2022-04-10,Occitanie,76.0,3
16265,2022-04-11,Occitanie,76.0,22
16266,2022-04-12,Occitanie,76.0,29
16267,2022-04-13,Occitanie,76.0,22
16268,2022-04-14,Occitanie,76.0,16
16269,2022-04-15,Occitanie,76.0,26
16270,2022-04-16,Occitanie,76.0,10
16271,2022-04-17,Occitanie,76.0,3
16272,2022-04-18,Occitanie,76.0,2
16273,2022-04-19,Occitanie,76.0,24
16274,2022-04-20,Occitanie,76.0,28
16275,2022-04-21,Occitanie,76.0,14
16276,2022-04-22,Occitanie,76.0,16
16277,2022-04-23,Occitanie,76.0,4
16278,2022-04-24,Occitanie,76.0,5
16279,2022-04-25,Occitanie,76.0,19
16280,2022-04-26,Occitanie,76.0,14
16281,2022-04-27,Occitanie,76.0,12
16282,2022-04-28,Occitanie,76.0,17
16283,2022-04-29,Occitanie,76.0,9
16284,2022-04-30,Occitanie,76.0,3
16285,2022-05-01,Occitanie,76.0,2
16286,2022-05-02,Occitanie,76.0,11
16287,2022-05-03,Occitanie,76.0,8
16288,2022-05-04,Occitanie,76.0,3
16289,2022-05-05,Occitanie,76.0,12
16290,2022-05-06,Occitanie,76.0,10
16291,2022-05-07,Occitanie,76.0,6
16292,2022-05-08,Occitanie,76.0,1
16293,2022-05-09,Occitanie,76.0,17
16294,2022-05-10,Occitanie,76.0,12
16295,2022-05-11,Occitanie,76.0,10
16296,2022-05-12,Occitanie,76.0,8
16297,2022-05-13,Occitanie,76.0,5
16298,2022-05-14,Occitanie,76.0,2
16299,2022-05-15,Occitanie,76.0,1
16300,2022-05-16,Occitanie,76.0,8
16301,2022-05-17,Occitanie,76.0,13
16302,2022-05-18,Occitanie,76.0,8
16303,2022-05-19,Occitanie,76.0,6
16304,2022-05-20,Occitanie,76.0,5
16305,2022-05-21,Occitanie,76.0,4
16306,2022-05-22,Occitanie,76.0,0
16307,2022-05-23,Occitanie,76.0,8
16308,2022-05-24,Occitanie,76.0,9
16309,2022-05-25,Occitanie,76.0,4
16310,2022-05-26,Occitanie,76.0,6
16311,2022-05-27,Occitanie,76.0,5
16312,2022-05-28,Occitanie,76.0,3
16313,2022-05-29,Occitanie,76.0,0
16314,2022-05-30,Occitanie,76.0,9
16315,2022-05-31,Occitanie,76.0,8
16316,2022-06-01,Occitanie,76.0,5
16317,2022-06-02,Occitanie,76.0,6
16318,2022-06-03,Occitanie,76.0,8
16319,2022-06-04,Occitanie,76.0,5
16320,2022-06-05,Occitanie,76.0,1
16321,2022-06-06,Occitanie,76.0,1
16322,2022-06-07,Occitanie,76.0,6
16323,2022-06-08,Occitanie,76.0,2
16324,2022-06-09,Occitanie,76.0,8
16325,2022-06-10,Occitanie,76.0,6
16326,2022-06-11,Occitanie,76.0,3
16327,2022-06-12,Occitanie,76.0,1
16328,2022-06-13,Occitanie,76.0,5
16329,2022-06-14,Occitanie,76.0,8
16330,2022-06-15,Occitanie,76.0,8
16331,2022-06-16,Occitanie,76.0,7
16332,2022-06-17,Occitanie,76.0,4
16333,2022-06-18,Occitanie,76.0,2
16334,2022-06-19,Occitanie,76.0,3
16335,2022-06-20,Occitanie,76.0,8
16336,2022-06-21,Occitanie,76.0,8
16337,2022-06-22,Occitanie,76.0,3
16338,2022-06-23,Occitanie,76.0,9
16339,2022-06-24,Occitanie,76.0,8
16340,2022-06-25,Occitanie,76.0,1
16341,2022-06-26,Occitanie,76.0,2
16342,2022-06-27,Occitanie,76.0,10
16343,2022-06-28,Occitanie,76.0,12
16344,2022-06-29,Occitanie,76.0,13
16345,2022-06-30,Occitanie,76.0,7
16346,2022-07-01,Occitanie,76.0,7
16347,2022-07-02,Occitanie,76.0,9
16348,2022-07-03,Occitanie,76.0,2
16349,2022-07-04,Occitanie,76.0,16
16350,2022-07-05,Occitanie,76.0,14
16351,2022-07-06,Occitanie,76.0,16
16352,2022-07-07,Occitanie,76.0,23
16353,2022-07-08,Occitanie,76.0,15
16354,2022-07-09,Occitanie,76.0,8
16355,2022-07-10,Occitanie,76.0,1
16356,2022-07-11,Occitanie,76.0,27
16357,2022-07-12,Occitanie,76.0,18
16358,2022-07-13,Occitanie,76.0,18
16359,2022-07-14,Occitanie,76.0,9
16360,2022-07-15,Occitanie,76.0,34
16361,2022-07-16,Occitanie,76.0,14
16362,2022-07-17,Occitanie,76.0,1
16363,2022-07-18,Occitanie,76.0,19
16364,2022-07-19,Occitanie,76.0,20
16365,2022-07-20,Occitanie,76.0,19
16366,2022-07-21,Occitanie,76.0,27
16367,2022-07-22,Occitanie,76.0,11
16368,2022-07-23,Occitanie,76.0,8
16369,2022-07-24,Occitanie,76.0,5
16370,2022-07-25,Occitanie,76.0,20
16371,2022-07-26,Occitanie,76.0,23
16372,2022-07-27,Occitanie,76.0,8
16373,2022-07-28,Occitanie,76.0,10
16374,2022-07-29,Occitanie,76.0,7
16375,2022-07-30,Occitanie,76.0,15
16376,2022-07-31,Occitanie,76.0,5
16377,2022-08-01,Occitanie,76.0,13
16378,2022-08-02,Occitanie,76.0,11
16379,2022-08-03,Occitanie,76.0,15
16380,2022-08-04,Occitanie,76.0,10
16381,2022-08-05,Occitanie,76.0,13
16382,2022-08-06,Occitanie,76.0,7
16383,2022-08-07,Occitanie,76.0,2
16384,2022-08-08,Occitanie,76.0,6
16385,2022-08-09,Occitanie,76.0,21
16386,2022-08-10,Occitanie,76.0,4
16387,2022-08-11,Occitanie,76.0,12
16388,2022-08-12,Occitanie,76.0,6
16389,2022-08-13,Occitanie,76.0,1
16390,2022-08-14,Occitanie,76.0,3
16391,2022-08-15,Occitanie,76.0,5
16392,2022-08-16,Occitanie,76.0,10
16393,2022-08-17,Occitanie,76.0,13
16394,2022-08-18,Occitanie,76.0,12
16395,2022-08-19,Occitanie,76.0,4
16396,2022-08-20,Occitanie,76.0,6
16397,2022-08-21,Occitanie,76.0,1
16398,2022-08-22,Occitanie,76.0,3
16399,2022-08-23,Occitanie,76.0,4
16400,2022-08-24,Occitanie,76.0,3
16401,2022-08-25,Occitanie,76.0,4
16402,2022-08-26,Occitanie,76.0,6
16403,2022-08-27,Occitanie,76.0,3
16404,2022-08-28,Occitanie,76.0,1
16405,2022-08-29,Occitanie,76.0,8
16406,2022-08-30,Occitanie,76.0,13
16407,2022-08-31,Occitanie,76.0,5
16408,2022-09-01,Occitanie,76.0,4
16409,2022-09-02,Occitanie,76.0,4
16410,2022-09-03,Occitanie,76.0,2
16411,2022-09-04,Occitanie,76.0,2
16412,2022-09-05,Occitanie,76.0,1
16413,2022-09-06,Occitanie,76.0,8
16414,2022-09-07,Occitanie,76.0,4
16415,2022-09-08,Occitanie,76.0,4
16416,2022-09-09,Occitanie,76.0,5
16417,2022-09-10,Occitanie,76.0,0
16418,2022-09-11,Occitanie,76.0,0
16419,2022-09-12,Occitanie,76.0,5
16420,2022-09-13,Occitanie,76.0,7
16421,2022-09-14,Occitanie,76.0,3
16422,2022-09-15,Occitanie,76.0,6
16423,2022-09-16,Occitanie,76.0,2
16424,2022-09-17,Occitanie,76.0,1
16425,2022-09-18,Occitanie,76.0,1
16426,2022-09-19,Occitanie,76.0,9
16427,2022-09-20,Occitanie,76.0,3
16428,2022-09-21,Occitanie,76.0,3
16429,2022-09-22,Occitanie,76.0,6
16430,2022-09-23,Occitanie,76.0,3
16431,2022-09-24,Occitanie,76.0,7
16432,2022-09-25,Occitanie,76.0,1
16433,2022-09-26,Occitanie,76.0,9
16434,2022-09-27,Occitanie,76.0,1
16435,2022-09-28,Occitanie,76.0,9
16436,2022-09-29,Occitanie,76.0,8
16437,2022-09-30,Occitanie,76.0,5
16438,2022-10-01,Occitanie,76.0,2
16439,2022-10-02,Occitanie,76.0,0
16440,2022-10-03,Occitanie,76.0,7
16441,2022-10-04,Occitanie,76.0,8
16442,2022-10-05,Occitanie,76.0,9
16443,2022-10-06,Occitanie,76.0,4
16444,2022-10-07,Occitanie,76.0,7
16445,2022-10-08,Occitanie,76.0,1
16446,2022-10-09,Occitanie,76.0,1
16447,2022-10-10,Occitanie,76.0,7
16448,2022-10-11,Occitanie,76.0,4
16449,2022-10-12,Occitanie,76.0,3
16450,2022-10-13,Occitanie,76.0,9
16451,2022-10-14,Occitanie,76.0,11
16452,2022-10-15,Occitanie,76.0,1
16453,2022-10-16,Occitanie,76.0,3
16454,2022-10-17,Occitanie,76.0,13
16455,2022-10-18,Occitanie,76.0,11
16456,2022-10-19,Occitanie,76.0,4
16457,2022-10-20,Occitanie,76.0,11
16458,2022-10-21,Occitanie,76.0,7
16459,2022-10-22,Occitanie,76.0,3
16460,2022-10-23,Occitanie,76.0,0
16461,2022-10-24,Occitanie,76.0,8
16462,2022-10-25,Occitanie,76.0,9
16463,2022-10-26,Occitanie,76.0,6
16464,2022-10-27,Occitanie,76.0,2
16465,2022-10-28,Occitanie,76.0,9
16466,2022-10-29,Occitanie,76.0,1
16467,2022-10-30,Occitanie,76.0,3
16468,2022-10-31,Occitanie,76.0,11
16469,2022-11-01,Occitanie,76.0,4
16470,2022-11-02,Occitanie,76.0,3
16471,2022-11-03,Occitanie,76.0,6
16472,2022-11-04,Occitanie,76.0,1
16473,2022-11-05,Occitanie,76.0,1
16474,2022-11-06,Occitanie,76.0,0
16475,2022-11-07,Occitanie,76.0,7
16476,2022-11-08,Occitanie,76.0,8
16477,2022-11-09,Occitanie,76.0,5
16478,2022-11-10,Occitanie,76.0,5
16479,2022-11-11,Occitanie,76.0,5
16480,2022-11-12,Occitanie,76.0,2
16481,2022-11-13,Occitanie,76.0,0
16482,2022-11-14,Occitanie,76.0,12
16483,2022-11-15,Occitanie,76.0,7
16484,2022-11-16,Occitanie,76.0,5
16485,2022-11-17,Occitanie,76.0,9
16486,2022-11-18,Occitanie,76.0,7
16487,2022-11-19,Occitanie,76.0,4
16488,2022-11-20,Occitanie,76.0,2
16489,2022-11-21,Occitanie,76.0,16
16490,2022-11-22,Occitanie,76.0,6
16491,2022-11-23,Occitanie,76.0,8
16492,2022-11-24,Occitanie,76.0,9
16493,2022-11-25,Occitanie,76.0,9
16494,2022-11-26,Occitanie,76.0,6
16495,2022-11-27,Occitanie,76.0,0
16496,2022-11-28,Occitanie,76.0,17
16497,2022-11-29,Occitanie,76.0,12
16498,2022-11-30,Occitanie,76.0,2
16499,2022-12-01,Occitanie,76.0,16
16500,2022-12-02,Occitanie,76.0,20
16501,2022-12-03,Occitanie,76.0,4
16502,2022-12-04,Occitanie,76.0,1
16503,2022-12-05,Occitanie,76.0,17
16504,2022-12-06,Occitanie,76.0,19
16505,2022-12-07,Occitanie,76.0,6
16506,2022-12-08,Occitanie,76.0,28
16507,2022-12-09,Occitanie,76.0,14
16508,2022-12-10,Occitanie,76.0,14
16509,2022-12-11,Occitanie,76.0,2
16510,2022-12-12,Occitanie,76.0,36
16511,2022-12-13,Occitanie,76.0,23
16512,2022-12-14,Occitanie,76.0,20
16513,2022-12-15,Occitanie,76.0,19
16514,2022-12-16,Occitanie,76.0,15
16515,2022-12-17,Occitanie,76.0,10
16516,2022-12-18,Occitanie,76.0,2
16517,2022-12-19,Occitanie,76.0,20
16518,2022-12-20,Occitanie,76.0,18
16519,2022-12-21,Occitanie,76.0,14
16520,2022-12-22,Occitanie,76.0,7
16521,2022-12-23,Occitanie,76.0,12
16522,2022-12-24,Occitanie,76.0,4
16523,2022-12-25,Occitanie,76.0,1
16524,2022-12-26,Occitanie,76.0,13
16525,2022-12-27,Occitanie,76.0,14
16526,2022-12-28,Occitanie,76.0,51
16527,2022-12-29,Occitanie,76.0,11
16528,2022-12-30,Occitanie,76.0,17
16529,2022-12-31,Occitanie,76.0,9
16530,2023-01-01,Occitanie,76.0,4
16531,2023-01-02,Occitanie,76.0,21
16532,2023-01-03,Occitanie,76.0,10
16533,2023-01-04,Occitanie,76.0,17
16534,2023-01-05,Occitanie,76.0,10
16535,2023-01-06,Occitanie,76.0,8
16536,2023-01-07,Occitanie,76.0,5
16537,2023-01-08,Occitanie,76.0,3
16538,2023-01-09,Occitanie,76.0,10
16539,2023-01-10,Occitanie,76.0,13
16540,2023-01-11,Occitanie,76.0,8
16541,2023-01-12,Occitanie,76.0,6
16542,2023-01-13,Occitanie,76.0,10
16543,2023-01-14,Occitanie,76.0,5
16544,2023-01-15,Occitanie,76.0,3
16545,2023-01-16,Occitanie,76.0,10
16546,2023-01-17,Occitanie,76.0,3
16547,2023-01-18,Occitanie,76.0,7
16548,2023-01-19,Occitanie,76.0,3
16549,2023-01-20,Occitanie,76.0,9
16550,2023-01-21,Occitanie,76.0,3
16551,2023-01-22,Occitanie,76.0,0
16552,2023-01-23,Occitanie,76.0,7
16553,2023-01-24,Occitanie,76.0,0
16554,2023-01-25,Occitanie,76.0,5
16555,2023-01-26,Occitanie,76.0,12
16556,2023-01-27,Occitanie,76.0,7
16557,2023-01-28,Occitanie,76.0,2
16558,2023-01-29,Occitanie,76.0,0
16559,2023-01-30,Occitanie,76.0,4
16560,2023-01-31,Occitanie,76.0,7
16561,2023-02-01,Occitanie,76.0,3
16562,2023-02-02,Occitanie,76.0,1
16563,2023-02-03,Occitanie,76.0,3
16564,2023-02-04,Occitanie,76.0,0
16565,2023-02-05,Occitanie,76.0,0
16566,2023-02-06,Occitanie,76.0,8
16567,2023-02-07,Occitanie,76.0,1
16568,2023-02-08,Occitanie,76.0,104
16569,2023-02-09,Occitanie,76.0,2
16570,2023-02-10,Occitanie,76.0,10
16571,2023-02-11,Occitanie,76.0,0
16572,2023-02-12,Occitanie,76.0,0
16573,2023-02-13,Occitanie,76.0,9
16574,2023-02-14,Occitanie,76.0,1
16575,2023-02-15,Occitanie,76.0,6
16576,2023-02-16,Occitanie,76.0,3
16577,2023-02-17,Occitanie,76.0,4
16578,2023-02-18,Occitanie,76.0,0
16579,2023-02-19,Occitanie,76.0,0
16580,2023-02-20,Occitanie,76.0,4
16581,2023-02-21,Occitanie,76.0,3
16582,2023-02-22,Occitanie,76.0,11
16583,2023-02-23,Occitanie,76.0,3
16584,2023-02-24,Occitanie,76.0,3
16585,2023-02-25,Occitanie,76.0,0
16586,2023-02-26,Occitanie,76.0,0
16587,2023-02-27,Occitanie,76.0,4
16588,2023-02-28,Occitanie,76.0,4
16589,2023-03-01,Occitanie,76.0,0
16590,2023-03-02,Occitanie,76.0,1
16591,2023-03-03,Occitanie,76.0,1
16592,2023-03-04,Occitanie,76.0,0
16593,2023-03-05,Occitanie,76.0,0
16594,2023-03-06,Occitanie,76.0,6
16595,2023-03-07,Occitanie,76.0,0
16596,2023-03-08,Occitanie,76.0,3
16597,2023-03-09,Occitanie,76.0,1
16598,2023-03-10,Occitanie,76.0,1
16599,2023-03-11,Occitanie,76.0,0
16600,2023-03-12,Occitanie,76.0,0
16601,2023-03-13,Occitanie,76.0,2
16602,2023-03-14,Occitanie,76.0,3
16603,2023-03-15,Occitanie,76.0,0
16604,2023-03-16,Occitanie,76.0,2
16605,2023-03-17,Occitanie,76.0,1
16606,2023-03-18,Occitanie,76.0,0
16607,2023-03-19,Occitanie,76.0,0
16608,2023-03-20,Occitanie,76.0,16
16609,2023-03-21,Occitanie,76.0,1
16610,2023-03-22,Occitanie,76.0,5
16611,2023-03-23,Occitanie,76.0,2
16612,2023-03-24,Occitanie,76.0,6
16613,2023-03-25,Occitanie,76.0,0
16614,2023-03-26,Occitanie,76.0,0
16615,2023-03-27,Occitanie,76.0,3
16616,2023-03-28,Occitanie,76.0,1
16617,2023-03-29,Occitanie,76.0,1
16618,2023-03-30,Occitanie,76.0,1
16619,2023-03-31,Occitanie,76.0,3
16620,2020-03-19,Auvergne-Rhône-Alpes,84.0,44
16621,2020-03-20,Auvergne-Rhône-Alpes,84.0,16
16622,2020-03-21,Auvergne-Rhône-Alpes,84.0,15
16623,2020-03-22,Auvergne-Rhône-Alpes,84.0,25
16624,2020-03-23,Auvergne-Rhône-Alpes,84.0,45
16625,2020-03-24,Auvergne-Rhône-Alpes,84.0,47
16626,2020-03-25,Auvergne-Rhône-Alpes,84.0,85
16627,2020-03-26,Auvergne-Rhône-Alpes,84.0,64
16628,2020-03-27,Auvergne-Rhône-Alpes,84.0,77
16629,2020-03-28,Auvergne-Rhône-Alpes,84.0,108
16630,2020-03-29,Auvergne-Rhône-Alpes,84.0,89
16631,2020-03-30,Auvergne-Rhône-Alpes,84.0,116
16632,2020-03-31,Auvergne-Rhône-Alpes,84.0,65
16633,2020-04-01,Auvergne-Rhône-Alpes,84.0,81
16634,2020-04-02,Auvergne-Rhône-Alpes,84.0,64
16635,2020-04-03,Auvergne-Rhône-Alpes,84.0,55
16636,2020-04-04,Auvergne-Rhône-Alpes,84.0,57
16637,2020-04-05,Auvergne-Rhône-Alpes,84.0,68
16638,2020-04-06,Auvergne-Rhône-Alpes,84.0,43
16639,2020-04-07,Auvergne-Rhône-Alpes,84.0,45
16640,2020-04-08,Auvergne-Rhône-Alpes,84.0,39
16641,2020-04-09,Auvergne-Rhône-Alpes,84.0,34
16642,2020-04-10,Auvergne-Rhône-Alpes,84.0,30
16643,2020-04-11,Auvergne-Rhône-Alpes,84.0,29
16644,2020-04-12,Auvergne-Rhône-Alpes,84.0,18
16645,2020-04-13,Auvergne-Rhône-Alpes,84.0,17
16646,2020-04-14,Auvergne-Rhône-Alpes,84.0,23
16647,2020-04-15,Auvergne-Rhône-Alpes,84.0,33
16648,2020-04-16,Auvergne-Rhône-Alpes,84.0,27
16649,2020-04-17,Auvergne-Rhône-Alpes,84.0,16
16650,2020-04-18,Auvergne-Rhône-Alpes,84.0,20
16651,2020-04-19,Auvergne-Rhône-Alpes,84.0,13
16652,2020-04-20,Auvergne-Rhône-Alpes,84.0,21
16653,2020-04-21,Auvergne-Rhône-Alpes,84.0,29
16654,2020-04-22,Auvergne-Rhône-Alpes,84.0,12
16655,2020-04-23,Auvergne-Rhône-Alpes,84.0,9
16656,2020-04-24,Auvergne-Rhône-Alpes,84.0,14
16657,2020-04-25,Auvergne-Rhône-Alpes,84.0,11
16658,2020-04-26,Auvergne-Rhône-Alpes,84.0,2
16659,2020-04-27,Auvergne-Rhône-Alpes,84.0,8
16660,2020-04-28,Auvergne-Rhône-Alpes,84.0,8
16661,2020-04-29,Auvergne-Rhône-Alpes,84.0,9
16662,2020-04-30,Auvergne-Rhône-Alpes,84.0,12
16663,2020-05-01,Auvergne-Rhône-Alpes,84.0,12
16664,2020-05-02,Auvergne-Rhône-Alpes,84.0,9
16665,2020-05-03,Auvergne-Rhône-Alpes,84.0,4
16666,2020-05-04,Auvergne-Rhône-Alpes,84.0,6
16667,2020-05-05,Auvergne-Rhône-Alpes,84.0,9
16668,2020-05-06,Auvergne-Rhône-Alpes,84.0,9
16669,2020-05-07,Auvergne-Rhône-Alpes,84.0,8
16670,2020-05-08,Auvergne-Rhône-Alpes,84.0,6
16671,2020-05-09,Auvergne-Rhône-Alpes,84.0,2
16672,2020-05-10,Auvergne-Rhône-Alpes,84.0,3
16673,2020-05-11,Auvergne-Rhône-Alpes,84.0,7
16674,2020-05-12,Auvergne-Rhône-Alpes,84.0,8
16675,2020-05-13,Auvergne-Rhône-Alpes,84.0,4
16676,2020-05-14,Auvergne-Rhône-Alpes,84.0,5
16677,2020-05-15,Auvergne-Rhône-Alpes,84.0,7
16678,2020-05-16,Auvergne-Rhône-Alpes,84.0,3
16679,2020-05-17,Auvergne-Rhône-Alpes,84.0,3
16680,2020-05-18,Auvergne-Rhône-Alpes,84.0,2
16681,2020-05-19,Auvergne-Rhône-Alpes,84.0,4
16682,2020-05-20,Auvergne-Rhône-Alpes,84.0,2
16683,2020-05-21,Auvergne-Rhône-Alpes,84.0,3
16684,2020-05-22,Auvergne-Rhône-Alpes,84.0,2
16685,2020-05-23,Auvergne-Rhône-Alpes,84.0,2
16686,2020-05-24,Auvergne-Rhône-Alpes,84.0,2
16687,2020-05-25,Auvergne-Rhône-Alpes,84.0,5
16688,2020-05-26,Auvergne-Rhône-Alpes,84.0,1
16689,2020-05-27,Auvergne-Rhône-Alpes,84.0,7
16690,2020-05-28,Auvergne-Rhône-Alpes,84.0,1
16691,2020-05-29,Auvergne-Rhône-Alpes,84.0,1
16692,2020-05-30,Auvergne-Rhône-Alpes,84.0,10
16693,2020-05-31,Auvergne-Rhône-Alpes,84.0,9
16694,2020-06-01,Auvergne-Rhône-Alpes,84.0,0
16695,2020-06-02,Auvergne-Rhône-Alpes,84.0,3
16696,2020-06-03,Auvergne-Rhône-Alpes,84.0,2
16697,2020-06-04,Auvergne-Rhône-Alpes,84.0,3
16698,2020-06-05,Auvergne-Rhône-Alpes,84.0,1
16699,2020-06-06,Auvergne-Rhône-Alpes,84.0,0
16700,2020-06-07,Auvergne-Rhône-Alpes,84.0,0
16701,2020-06-08,Auvergne-Rhône-Alpes,84.0,3
16702,2020-06-09,Auvergne-Rhône-Alpes,84.0,0
16703,2020-06-10,Auvergne-Rhône-Alpes,84.0,2
16704,2020-06-11,Auvergne-Rhône-Alpes,84.0,0
16705,2020-06-12,Auvergne-Rhône-Alpes,84.0,0
16706,2020-06-13,Auvergne-Rhône-Alpes,84.0,1
16707,2020-06-14,Auvergne-Rhône-Alpes,84.0,0
16708,2020-06-15,Auvergne-Rhône-Alpes,84.0,0
16709,2020-06-16,Auvergne-Rhône-Alpes,84.0,1
16710,2020-06-17,Auvergne-Rhône-Alpes,84.0,4
16711,2020-06-18,Auvergne-Rhône-Alpes,84.0,1
16712,2020-06-19,Auvergne-Rhône-Alpes,84.0,1
16713,2020-06-20,Auvergne-Rhône-Alpes,84.0,0
16714,2020-06-21,Auvergne-Rhône-Alpes,84.0,0
16715,2020-06-22,Auvergne-Rhône-Alpes,84.0,0
16716,2020-06-23,Auvergne-Rhône-Alpes,84.0,0
16717,2020-06-24,Auvergne-Rhône-Alpes,84.0,1
16718,2020-06-25,Auvergne-Rhône-Alpes,84.0,1
16719,2020-06-26,Auvergne-Rhône-Alpes,84.0,1
16720,2020-06-27,Auvergne-Rhône-Alpes,84.0,0
16721,2020-06-28,Auvergne-Rhône-Alpes,84.0,0
16722,2020-06-29,Auvergne-Rhône-Alpes,84.0,2
16723,2020-06-30,Auvergne-Rhône-Alpes,84.0,1
16724,2020-07-01,Auvergne-Rhône-Alpes,84.0,0
16725,2020-07-02,Auvergne-Rhône-Alpes,84.0,0
16726,2020-07-03,Auvergne-Rhône-Alpes,84.0,1
16727,2020-07-04,Auvergne-Rhône-Alpes,84.0,1
16728,2020-07-05,Auvergne-Rhône-Alpes,84.0,0
16729,2020-07-06,Auvergne-Rhône-Alpes,84.0,2
16730,2020-07-07,Auvergne-Rhône-Alpes,84.0,2
16731,2020-07-08,Auvergne-Rhône-Alpes,84.0,3
16732,2020-07-09,Auvergne-Rhône-Alpes,84.0,0
16733,2020-07-10,Auvergne-Rhône-Alpes,84.0,1
16734,2020-07-11,Auvergne-Rhône-Alpes,84.0,0
16735,2020-07-12,Auvergne-Rhône-Alpes,84.0,0
16736,2020-07-13,Auvergne-Rhône-Alpes,84.0,1
16737,2020-07-14,Auvergne-Rhône-Alpes,84.0,0
16738,2020-07-15,Auvergne-Rhône-Alpes,84.0,0
16739,2020-07-16,Auvergne-Rhône-Alpes,84.0,2
16740,2020-07-17,Auvergne-Rhône-Alpes,84.0,2
16741,2020-07-18,Auvergne-Rhône-Alpes,84.0,1
16742,2020-07-19,Auvergne-Rhône-Alpes,84.0,0
16743,2020-07-20,Auvergne-Rhône-Alpes,84.0,0
16744,2020-07-21,Auvergne-Rhône-Alpes,84.0,1
16745,2020-07-22,Auvergne-Rhône-Alpes,84.0,1
16746,2020-07-23,Auvergne-Rhône-Alpes,84.0,0
16747,2020-07-24,Auvergne-Rhône-Alpes,84.0,3
16748,2020-07-25,Auvergne-Rhône-Alpes,84.0,0
16749,2020-07-26,Auvergne-Rhône-Alpes,84.0,0
16750,2020-07-27,Auvergne-Rhône-Alpes,84.0,0
16751,2020-07-28,Auvergne-Rhône-Alpes,84.0,2
16752,2020-07-29,Auvergne-Rhône-Alpes,84.0,2
16753,2020-07-30,Auvergne-Rhône-Alpes,84.0,0
16754,2020-07-31,Auvergne-Rhône-Alpes,84.0,0
16755,2020-08-01,Auvergne-Rhône-Alpes,84.0,1
16756,2020-08-02,Auvergne-Rhône-Alpes,84.0,1
16757,2020-08-03,Auvergne-Rhône-Alpes,84.0,2
16758,2020-08-04,Auvergne-Rhône-Alpes,84.0,1
16759,2020-08-05,Auvergne-Rhône-Alpes,84.0,2
16760,2020-08-06,Auvergne-Rhône-Alpes,84.0,1
16761,2020-08-07,Auvergne-Rhône-Alpes,84.0,2
16762,2020-08-08,Auvergne-Rhône-Alpes,84.0,0
16763,2020-08-09,Auvergne-Rhône-Alpes,84.0,0
16764,2020-08-10,Auvergne-Rhône-Alpes,84.0,0
16765,2020-08-11,Auvergne-Rhône-Alpes,84.0,1
16766,2020-08-12,Auvergne-Rhône-Alpes,84.0,2
16767,2020-08-13,Auvergne-Rhône-Alpes,84.0,2
16768,2020-08-14,Auvergne-Rhône-Alpes,84.0,1
16769,2020-08-15,Auvergne-Rhône-Alpes,84.0,0
16770,2020-08-16,Auvergne-Rhône-Alpes,84.0,0
16771,2020-08-17,Auvergne-Rhône-Alpes,84.0,5
16772,2020-08-18,Auvergne-Rhône-Alpes,84.0,2
16773,2020-08-19,Auvergne-Rhône-Alpes,84.0,0
16774,2020-08-20,Auvergne-Rhône-Alpes,84.0,2
16775,2020-08-21,Auvergne-Rhône-Alpes,84.0,2
16776,2020-08-22,Auvergne-Rhône-Alpes,84.0,0
16777,2020-08-23,Auvergne-Rhône-Alpes,84.0,0
16778,2020-08-24,Auvergne-Rhône-Alpes,84.0,2
16779,2020-08-25,Auvergne-Rhône-Alpes,84.0,2
16780,2020-08-26,Auvergne-Rhône-Alpes,84.0,2
16781,2020-08-27,Auvergne-Rhône-Alpes,84.0,1
16782,2020-08-28,Auvergne-Rhône-Alpes,84.0,5
16783,2020-08-29,Auvergne-Rhône-Alpes,84.0,5
16784,2020-08-30,Auvergne-Rhône-Alpes,84.0,1
16785,2020-08-31,Auvergne-Rhône-Alpes,84.0,9
16786,2020-09-01,Auvergne-Rhône-Alpes,84.0,6
16787,2020-09-02,Auvergne-Rhône-Alpes,84.0,4
16788,2020-09-03,Auvergne-Rhône-Alpes,84.0,3
16789,2020-09-04,Auvergne-Rhône-Alpes,84.0,7
16790,2020-09-05,Auvergne-Rhône-Alpes,84.0,1
16791,2020-09-06,Auvergne-Rhône-Alpes,84.0,0
16792,2020-09-07,Auvergne-Rhône-Alpes,84.0,8
16793,2020-09-08,Auvergne-Rhône-Alpes,84.0,10
16794,2020-09-09,Auvergne-Rhône-Alpes,84.0,9
16795,2020-09-10,Auvergne-Rhône-Alpes,84.0,10
16796,2020-09-11,Auvergne-Rhône-Alpes,84.0,3
16797,2020-09-12,Auvergne-Rhône-Alpes,84.0,4
16798,2020-09-13,Auvergne-Rhône-Alpes,84.0,3
16799,2020-09-14,Auvergne-Rhône-Alpes,84.0,14
16800,2020-09-15,Auvergne-Rhône-Alpes,84.0,16
16801,2020-09-16,Auvergne-Rhône-Alpes,84.0,16
16802,2020-09-17,Auvergne-Rhône-Alpes,84.0,10
16803,2020-09-18,Auvergne-Rhône-Alpes,84.0,10
16804,2020-09-19,Auvergne-Rhône-Alpes,84.0,14
16805,2020-09-20,Auvergne-Rhône-Alpes,84.0,3
16806,2020-09-21,Auvergne-Rhône-Alpes,84.0,27
16807,2020-09-22,Auvergne-Rhône-Alpes,84.0,16
16808,2020-09-23,Auvergne-Rhône-Alpes,84.0,13
16809,2020-09-24,Auvergne-Rhône-Alpes,84.0,14
16810,2020-09-25,Auvergne-Rhône-Alpes,84.0,17
16811,2020-09-26,Auvergne-Rhône-Alpes,84.0,5
16812,2020-09-27,Auvergne-Rhône-Alpes,84.0,6
16813,2020-09-28,Auvergne-Rhône-Alpes,84.0,19
16814,2020-09-29,Auvergne-Rhône-Alpes,84.0,18
16815,2020-09-30,Auvergne-Rhône-Alpes,84.0,14
16816,2020-10-01,Auvergne-Rhône-Alpes,84.0,13
16817,2020-10-02,Auvergne-Rhône-Alpes,84.0,15
16818,2020-10-03,Auvergne-Rhône-Alpes,84.0,12
16819,2020-10-04,Auvergne-Rhône-Alpes,84.0,15
16820,2020-10-05,Auvergne-Rhône-Alpes,84.0,17
16821,2020-10-06,Auvergne-Rhône-Alpes,84.0,18
16822,2020-10-07,Auvergne-Rhône-Alpes,84.0,22
16823,2020-10-08,Auvergne-Rhône-Alpes,84.0,15
16824,2020-10-09,Auvergne-Rhône-Alpes,84.0,21
16825,2020-10-10,Auvergne-Rhône-Alpes,84.0,16
16826,2020-10-11,Auvergne-Rhône-Alpes,84.0,14
16827,2020-10-12,Auvergne-Rhône-Alpes,84.0,21
16828,2020-10-13,Auvergne-Rhône-Alpes,84.0,27
16829,2020-10-14,Auvergne-Rhône-Alpes,84.0,27
16830,2020-10-15,Auvergne-Rhône-Alpes,84.0,38
16831,2020-10-16,Auvergne-Rhône-Alpes,84.0,34
16832,2020-10-17,Auvergne-Rhône-Alpes,84.0,28
16833,2020-10-18,Auvergne-Rhône-Alpes,84.0,27
16834,2020-10-19,Auvergne-Rhône-Alpes,84.0,43
16835,2020-10-20,Auvergne-Rhône-Alpes,84.0,48
16836,2020-10-21,Auvergne-Rhône-Alpes,84.0,46
16837,2020-10-22,Auvergne-Rhône-Alpes,84.0,40
16838,2020-10-23,Auvergne-Rhône-Alpes,84.0,52
16839,2020-10-24,Auvergne-Rhône-Alpes,84.0,38
16840,2020-10-25,Auvergne-Rhône-Alpes,84.0,32
16841,2020-10-26,Auvergne-Rhône-Alpes,84.0,81
16842,2020-10-27,Auvergne-Rhône-Alpes,84.0,82
16843,2020-10-28,Auvergne-Rhône-Alpes,84.0,68
16844,2020-10-29,Auvergne-Rhône-Alpes,84.0,76
16845,2020-10-30,Auvergne-Rhône-Alpes,84.0,75
16846,2020-10-31,Auvergne-Rhône-Alpes,84.0,73
16847,2020-11-01,Auvergne-Rhône-Alpes,84.0,50
16848,2020-11-02,Auvergne-Rhône-Alpes,84.0,75
16849,2020-11-03,Auvergne-Rhône-Alpes,84.0,87
16850,2020-11-04,Auvergne-Rhône-Alpes,84.0,94
16851,2020-11-05,Auvergne-Rhône-Alpes,84.0,90
16852,2020-11-06,Auvergne-Rhône-Alpes,84.0,84
16853,2020-11-07,Auvergne-Rhône-Alpes,84.0,98
16854,2020-11-08,Auvergne-Rhône-Alpes,84.0,73
16855,2020-11-09,Auvergne-Rhône-Alpes,84.0,76
16856,2020-11-10,Auvergne-Rhône-Alpes,84.0,91
16857,2020-11-11,Auvergne-Rhône-Alpes,84.0,73
16858,2020-11-12,Auvergne-Rhône-Alpes,84.0,71
16859,2020-11-13,Auvergne-Rhône-Alpes,84.0,80
16860,2020-11-14,Auvergne-Rhône-Alpes,84.0,88
16861,2020-11-15,Auvergne-Rhône-Alpes,84.0,52
16862,2020-11-16,Auvergne-Rhône-Alpes,84.0,65
16863,2020-11-17,Auvergne-Rhône-Alpes,84.0,72
16864,2020-11-18,Auvergne-Rhône-Alpes,84.0,72
16865,2020-11-19,Auvergne-Rhône-Alpes,84.0,58
16866,2020-11-20,Auvergne-Rhône-Alpes,84.0,42
16867,2020-11-21,Auvergne-Rhône-Alpes,84.0,41
16868,2020-11-22,Auvergne-Rhône-Alpes,84.0,38
16869,2020-11-23,Auvergne-Rhône-Alpes,84.0,45
16870,2020-11-24,Auvergne-Rhône-Alpes,84.0,53
16871,2020-11-25,Auvergne-Rhône-Alpes,84.0,67
16872,2020-11-26,Auvergne-Rhône-Alpes,84.0,41
16873,2020-11-27,Auvergne-Rhône-Alpes,84.0,43
16874,2020-11-28,Auvergne-Rhône-Alpes,84.0,27
16875,2020-11-29,Auvergne-Rhône-Alpes,84.0,22
16876,2020-11-30,Auvergne-Rhône-Alpes,84.0,24
16877,2020-12-01,Auvergne-Rhône-Alpes,84.0,42
16878,2020-12-02,Auvergne-Rhône-Alpes,84.0,40
16879,2020-12-03,Auvergne-Rhône-Alpes,84.0,28
16880,2020-12-04,Auvergne-Rhône-Alpes,84.0,34
16881,2020-12-05,Auvergne-Rhône-Alpes,84.0,25
16882,2020-12-06,Auvergne-Rhône-Alpes,84.0,19
16883,2020-12-07,Auvergne-Rhône-Alpes,84.0,34
16884,2020-12-08,Auvergne-Rhône-Alpes,84.0,38
16885,2020-12-09,Auvergne-Rhône-Alpes,84.0,34
16886,2020-12-10,Auvergne-Rhône-Alpes,84.0,34
16887,2020-12-11,Auvergne-Rhône-Alpes,84.0,29
16888,2020-12-12,Auvergne-Rhône-Alpes,84.0,27
16889,2020-12-13,Auvergne-Rhône-Alpes,84.0,15
16890,2020-12-14,Auvergne-Rhône-Alpes,84.0,33
16891,2020-12-15,Auvergne-Rhône-Alpes,84.0,34
16892,2020-12-16,Auvergne-Rhône-Alpes,84.0,40
16893,2020-12-17,Auvergne-Rhône-Alpes,84.0,28
16894,2020-12-18,Auvergne-Rhône-Alpes,84.0,26
16895,2020-12-19,Auvergne-Rhône-Alpes,84.0,14
16896,2020-12-20,Auvergne-Rhône-Alpes,84.0,15
16897,2020-12-21,Auvergne-Rhône-Alpes,84.0,30
16898,2020-12-22,Auvergne-Rhône-Alpes,84.0,37
16899,2020-12-23,Auvergne-Rhône-Alpes,84.0,24
16900,2020-12-24,Auvergne-Rhône-Alpes,84.0,25
16901,2020-12-25,Auvergne-Rhône-Alpes,84.0,19
16902,2020-12-26,Auvergne-Rhône-Alpes,84.0,14
16903,2020-12-27,Auvergne-Rhône-Alpes,84.0,24
16904,2020-12-28,Auvergne-Rhône-Alpes,84.0,38
16905,2020-12-29,Auvergne-Rhône-Alpes,84.0,43
16906,2020-12-30,Auvergne-Rhône-Alpes,84.0,24
16907,2020-12-31,Auvergne-Rhône-Alpes,84.0,27
16908,2021-01-01,Auvergne-Rhône-Alpes,84.0,8
16909,2021-01-02,Auvergne-Rhône-Alpes,84.0,6
16910,2021-01-03,Auvergne-Rhône-Alpes,84.0,15
16911,2021-01-04,Auvergne-Rhône-Alpes,84.0,36
16912,2021-01-05,Auvergne-Rhône-Alpes,84.0,48
16913,2021-01-06,Auvergne-Rhône-Alpes,84.0,30
16914,2021-01-07,Auvergne-Rhône-Alpes,84.0,36
16915,2021-01-08,Auvergne-Rhône-Alpes,84.0,37
16916,2021-01-09,Auvergne-Rhône-Alpes,84.0,19
16917,2021-01-10,Auvergne-Rhône-Alpes,84.0,8
16918,2021-01-11,Auvergne-Rhône-Alpes,84.0,30
16919,2021-01-12,Auvergne-Rhône-Alpes,84.0,44
16920,2021-01-13,Auvergne-Rhône-Alpes,84.0,29
16921,2021-01-14,Auvergne-Rhône-Alpes,84.0,36
16922,2021-01-15,Auvergne-Rhône-Alpes,84.0,46
16923,2021-01-16,Auvergne-Rhône-Alpes,84.0,32
16924,2021-01-17,Auvergne-Rhône-Alpes,84.0,22
16925,2021-01-18,Auvergne-Rhône-Alpes,84.0,48
16926,2021-01-19,Auvergne-Rhône-Alpes,84.0,52
16927,2021-01-20,Auvergne-Rhône-Alpes,84.0,33
16928,2021-01-21,Auvergne-Rhône-Alpes,84.0,39
16929,2021-01-22,Auvergne-Rhône-Alpes,84.0,38
16930,2021-01-23,Auvergne-Rhône-Alpes,84.0,21
16931,2021-01-24,Auvergne-Rhône-Alpes,84.0,16
16932,2021-01-25,Auvergne-Rhône-Alpes,84.0,45
16933,2021-01-26,Auvergne-Rhône-Alpes,84.0,55
16934,2021-01-27,Auvergne-Rhône-Alpes,84.0,32
16935,2021-01-28,Auvergne-Rhône-Alpes,84.0,33
16936,2021-01-29,Auvergne-Rhône-Alpes,84.0,51
16937,2021-01-30,Auvergne-Rhône-Alpes,84.0,19
16938,2021-01-31,Auvergne-Rhône-Alpes,84.0,14
16939,2021-02-01,Auvergne-Rhône-Alpes,84.0,58
16940,2021-02-02,Auvergne-Rhône-Alpes,84.0,31
16941,2021-02-03,Auvergne-Rhône-Alpes,84.0,23
16942,2021-02-04,Auvergne-Rhône-Alpes,84.0,38
16943,2021-02-05,Auvergne-Rhône-Alpes,84.0,28
16944,2021-02-06,Auvergne-Rhône-Alpes,84.0,20
16945,2021-02-07,Auvergne-Rhône-Alpes,84.0,8
16946,2021-02-08,Auvergne-Rhône-Alpes,84.0,45
16947,2021-02-09,Auvergne-Rhône-Alpes,84.0,37
16948,2021-02-10,Auvergne-Rhône-Alpes,84.0,42
16949,2021-02-11,Auvergne-Rhône-Alpes,84.0,40
16950,2021-02-12,Auvergne-Rhône-Alpes,84.0,28
16951,2021-02-13,Auvergne-Rhône-Alpes,84.0,23
16952,2021-02-14,Auvergne-Rhône-Alpes,84.0,10
16953,2021-02-15,Auvergne-Rhône-Alpes,84.0,62
16954,2021-02-16,Auvergne-Rhône-Alpes,84.0,41
16955,2021-02-17,Auvergne-Rhône-Alpes,84.0,37
16956,2021-02-18,Auvergne-Rhône-Alpes,84.0,31
16957,2021-02-19,Auvergne-Rhône-Alpes,84.0,48
16958,2021-02-20,Auvergne-Rhône-Alpes,84.0,20
16959,2021-02-21,Auvergne-Rhône-Alpes,84.0,9
16960,2021-02-22,Auvergne-Rhône-Alpes,84.0,42
16961,2021-02-23,Auvergne-Rhône-Alpes,84.0,39
16962,2021-02-24,Auvergne-Rhône-Alpes,84.0,30
16963,2021-02-25,Auvergne-Rhône-Alpes,84.0,45
16964,2021-02-26,Auvergne-Rhône-Alpes,84.0,50
16965,2021-02-27,Auvergne-Rhône-Alpes,84.0,21
16966,2021-02-28,Auvergne-Rhône-Alpes,84.0,10
16967,2021-03-01,Auvergne-Rhône-Alpes,84.0,56
16968,2021-03-02,Auvergne-Rhône-Alpes,84.0,35
16969,2021-03-03,Auvergne-Rhône-Alpes,84.0,33
16970,2021-03-04,Auvergne-Rhône-Alpes,84.0,32
16971,2021-03-05,Auvergne-Rhône-Alpes,84.0,38
16972,2021-03-06,Auvergne-Rhône-Alpes,84.0,15
16973,2021-03-07,Auvergne-Rhône-Alpes,84.0,11
16974,2021-03-08,Auvergne-Rhône-Alpes,84.0,48
16975,2021-03-09,Auvergne-Rhône-Alpes,84.0,44
16976,2021-03-10,Auvergne-Rhône-Alpes,84.0,42
16977,2021-03-11,Auvergne-Rhône-Alpes,84.0,43
16978,2021-03-12,Auvergne-Rhône-Alpes,84.0,38
16979,2021-03-13,Auvergne-Rhône-Alpes,84.0,16
16980,2021-03-14,Auvergne-Rhône-Alpes,84.0,8
16981,2021-03-15,Auvergne-Rhône-Alpes,84.0,44
16982,2021-03-16,Auvergne-Rhône-Alpes,84.0,46
16983,2021-03-17,Auvergne-Rhône-Alpes,84.0,43
16984,2021-03-18,Auvergne-Rhône-Alpes,84.0,29
16985,2021-03-19,Auvergne-Rhône-Alpes,84.0,36
16986,2021-03-20,Auvergne-Rhône-Alpes,84.0,37
16987,2021-03-21,Auvergne-Rhône-Alpes,84.0,16
16988,2021-03-22,Auvergne-Rhône-Alpes,84.0,60
16989,2021-03-23,Auvergne-Rhône-Alpes,84.0,69
16990,2021-03-24,Auvergne-Rhône-Alpes,84.0,28
16991,2021-03-25,Auvergne-Rhône-Alpes,84.0,32
16992,2021-03-26,Auvergne-Rhône-Alpes,84.0,51
16993,2021-03-27,Auvergne-Rhône-Alpes,84.0,29
16994,2021-03-28,Auvergne-Rhône-Alpes,84.0,14
16995,2021-03-29,Auvergne-Rhône-Alpes,84.0,62
16996,2021-03-30,Auvergne-Rhône-Alpes,84.0,69
16997,2021-03-31,Auvergne-Rhône-Alpes,84.0,37
16998,2021-04-01,Auvergne-Rhône-Alpes,84.0,75
16999,2021-04-02,Auvergne-Rhône-Alpes,84.0,64
17000,2021-04-03,Auvergne-Rhône-Alpes,84.0,38
17001,2021-04-04,Auvergne-Rhône-Alpes,84.0,30
17002,2021-04-05,Auvergne-Rhône-Alpes,84.0,47
17003,2021-04-06,Auvergne-Rhône-Alpes,84.0,96
17004,2021-04-07,Auvergne-Rhône-Alpes,84.0,81
17005,2021-04-08,Auvergne-Rhône-Alpes,84.0,63
17006,2021-04-09,Auvergne-Rhône-Alpes,84.0,68
17007,2021-04-10,Auvergne-Rhône-Alpes,84.0,45
17008,2021-04-11,Auvergne-Rhône-Alpes,84.0,23
17009,2021-04-12,Auvergne-Rhône-Alpes,84.0,87
17010,2021-04-13,Auvergne-Rhône-Alpes,84.0,70
17011,2021-04-14,Auvergne-Rhône-Alpes,84.0,68
17012,2021-04-15,Auvergne-Rhône-Alpes,84.0,71
17013,2021-04-16,Auvergne-Rhône-Alpes,84.0,55
17014,2021-04-17,Auvergne-Rhône-Alpes,84.0,33
17015,2021-04-18,Auvergne-Rhône-Alpes,84.0,18
17016,2021-04-19,Auvergne-Rhône-Alpes,84.0,85
17017,2021-04-20,Auvergne-Rhône-Alpes,84.0,66
17018,2021-04-21,Auvergne-Rhône-Alpes,84.0,53
17019,2021-04-22,Auvergne-Rhône-Alpes,84.0,53
17020,2021-04-23,Auvergne-Rhône-Alpes,84.0,60
17021,2021-04-24,Auvergne-Rhône-Alpes,84.0,36
17022,2021-04-25,Auvergne-Rhône-Alpes,84.0,16
17023,2021-04-26,Auvergne-Rhône-Alpes,84.0,68
17024,2021-04-27,Auvergne-Rhône-Alpes,84.0,51
17025,2021-04-28,Auvergne-Rhône-Alpes,84.0,50
17026,2021-04-29,Auvergne-Rhône-Alpes,84.0,49
17027,2021-04-30,Auvergne-Rhône-Alpes,84.0,39
17028,2021-05-01,Auvergne-Rhône-Alpes,84.0,24
17029,2021-05-02,Auvergne-Rhône-Alpes,84.0,12
17030,2021-05-03,Auvergne-Rhône-Alpes,84.0,58
17031,2021-05-04,Auvergne-Rhône-Alpes,84.0,39
17032,2021-05-05,Auvergne-Rhône-Alpes,84.0,31
17033,2021-05-06,Auvergne-Rhône-Alpes,84.0,30
17034,2021-05-07,Auvergne-Rhône-Alpes,84.0,43
17035,2021-05-08,Auvergne-Rhône-Alpes,84.0,20
17036,2021-05-09,Auvergne-Rhône-Alpes,84.0,12
17037,2021-05-10,Auvergne-Rhône-Alpes,84.0,31
17038,2021-05-11,Auvergne-Rhône-Alpes,84.0,28
17039,2021-05-12,Auvergne-Rhône-Alpes,84.0,21
17040,2021-05-13,Auvergne-Rhône-Alpes,84.0,10
17041,2021-05-14,Auvergne-Rhône-Alpes,84.0,21
17042,2021-05-15,Auvergne-Rhône-Alpes,84.0,12
17043,2021-05-16,Auvergne-Rhône-Alpes,84.0,10
17044,2021-05-17,Auvergne-Rhône-Alpes,84.0,28
17045,2021-05-18,Auvergne-Rhône-Alpes,84.0,18
17046,2021-05-19,Auvergne-Rhône-Alpes,84.0,20
17047,2021-05-20,Auvergne-Rhône-Alpes,84.0,20
17048,2021-05-21,Auvergne-Rhône-Alpes,84.0,12
17049,2021-05-22,Auvergne-Rhône-Alpes,84.0,8
17050,2021-05-23,Auvergne-Rhône-Alpes,84.0,9
17051,2021-05-24,Auvergne-Rhône-Alpes,84.0,5
17052,2021-05-25,Auvergne-Rhône-Alpes,84.0,16
17053,2021-05-26,Auvergne-Rhône-Alpes,84.0,17
17054,2021-05-27,Auvergne-Rhône-Alpes,84.0,13
17055,2021-05-28,Auvergne-Rhône-Alpes,84.0,18
17056,2021-05-29,Auvergne-Rhône-Alpes,84.0,8
17057,2021-05-30,Auvergne-Rhône-Alpes,84.0,6
17058,2021-05-31,Auvergne-Rhône-Alpes,84.0,15
17059,2021-06-01,Auvergne-Rhône-Alpes,84.0,19
17060,2021-06-02,Auvergne-Rhône-Alpes,84.0,8
17061,2021-06-03,Auvergne-Rhône-Alpes,84.0,15
17062,2021-06-04,Auvergne-Rhône-Alpes,84.0,12
17063,2021-06-05,Auvergne-Rhône-Alpes,84.0,7
17064,2021-06-06,Auvergne-Rhône-Alpes,84.0,1
17065,2021-06-07,Auvergne-Rhône-Alpes,84.0,13
17066,2021-06-08,Auvergne-Rhône-Alpes,84.0,5
17067,2021-06-09,Auvergne-Rhône-Alpes,84.0,3
17068,2021-06-10,Auvergne-Rhône-Alpes,84.0,7
17069,2021-06-11,Auvergne-Rhône-Alpes,84.0,2
17070,2021-06-12,Auvergne-Rhône-Alpes,84.0,4
17071,2021-06-13,Auvergne-Rhône-Alpes,84.0,1
17072,2021-06-14,Auvergne-Rhône-Alpes,84.0,6
17073,2021-06-15,Auvergne-Rhône-Alpes,84.0,8
17074,2021-06-16,Auvergne-Rhône-Alpes,84.0,5
17075,2021-06-17,Auvergne-Rhône-Alpes,84.0,1
17076,2021-06-18,Auvergne-Rhône-Alpes,84.0,7
17077,2021-06-19,Auvergne-Rhône-Alpes,84.0,2
17078,2021-06-20,Auvergne-Rhône-Alpes,84.0,0
17079,2021-06-21,Auvergne-Rhône-Alpes,84.0,6
17080,2021-06-22,Auvergne-Rhône-Alpes,84.0,4
17081,2021-06-23,Auvergne-Rhône-Alpes,84.0,2
17082,2021-06-24,Auvergne-Rhône-Alpes,84.0,3
17083,2021-06-25,Auvergne-Rhône-Alpes,84.0,4
17084,2021-06-26,Auvergne-Rhône-Alpes,84.0,0
17085,2021-06-27,Auvergne-Rhône-Alpes,84.0,0
17086,2021-06-28,Auvergne-Rhône-Alpes,84.0,5
17087,2021-06-29,Auvergne-Rhône-Alpes,84.0,5
17088,2021-06-30,Auvergne-Rhône-Alpes,84.0,4
17089,2021-07-01,Auvergne-Rhône-Alpes,84.0,2
17090,2021-07-02,Auvergne-Rhône-Alpes,84.0,0
17091,2021-07-03,Auvergne-Rhône-Alpes,84.0,1
17092,2021-07-04,Auvergne-Rhône-Alpes,84.0,1
17093,2021-07-05,Auvergne-Rhône-Alpes,84.0,3
17094,2021-07-06,Auvergne-Rhône-Alpes,84.0,3
17095,2021-07-07,Auvergne-Rhône-Alpes,84.0,6
17096,2021-07-08,Auvergne-Rhône-Alpes,84.0,1
17097,2021-07-09,Auvergne-Rhône-Alpes,84.0,3
17098,2021-07-10,Auvergne-Rhône-Alpes,84.0,2
17099,2021-07-11,Auvergne-Rhône-Alpes,84.0,0
17100,2021-07-12,Auvergne-Rhône-Alpes,84.0,5
17101,2021-07-13,Auvergne-Rhône-Alpes,84.0,2
17102,2021-07-14,Auvergne-Rhône-Alpes,84.0,1
17103,2021-07-15,Auvergne-Rhône-Alpes,84.0,2
17104,2021-07-16,Auvergne-Rhône-Alpes,84.0,1
17105,2021-07-17,Auvergne-Rhône-Alpes,84.0,0
17106,2021-07-18,Auvergne-Rhône-Alpes,84.0,0
17107,2021-07-19,Auvergne-Rhône-Alpes,84.0,4
17108,2021-07-20,Auvergne-Rhône-Alpes,84.0,3
17109,2021-07-21,Auvergne-Rhône-Alpes,84.0,5
17110,2021-07-22,Auvergne-Rhône-Alpes,84.0,3
17111,2021-07-23,Auvergne-Rhône-Alpes,84.0,4
17112,2021-07-24,Auvergne-Rhône-Alpes,84.0,0
17113,2021-07-25,Auvergne-Rhône-Alpes,84.0,2
17114,2021-07-26,Auvergne-Rhône-Alpes,84.0,22
17115,2021-07-27,Auvergne-Rhône-Alpes,84.0,9
17116,2021-07-28,Auvergne-Rhône-Alpes,84.0,10
17117,2021-07-29,Auvergne-Rhône-Alpes,84.0,9
17118,2021-07-30,Auvergne-Rhône-Alpes,84.0,14
17119,2021-07-31,Auvergne-Rhône-Alpes,84.0,5
17120,2021-08-01,Auvergne-Rhône-Alpes,84.0,4
17121,2021-08-02,Auvergne-Rhône-Alpes,84.0,16
17122,2021-08-03,Auvergne-Rhône-Alpes,84.0,20
17123,2021-08-04,Auvergne-Rhône-Alpes,84.0,15
17124,2021-08-05,Auvergne-Rhône-Alpes,84.0,19
17125,2021-08-06,Auvergne-Rhône-Alpes,84.0,14
17126,2021-08-07,Auvergne-Rhône-Alpes,84.0,11
17127,2021-08-08,Auvergne-Rhône-Alpes,84.0,4
17128,2021-08-09,Auvergne-Rhône-Alpes,84.0,30
17129,2021-08-10,Auvergne-Rhône-Alpes,84.0,16
17130,2021-08-11,Auvergne-Rhône-Alpes,84.0,17
17131,2021-08-12,Auvergne-Rhône-Alpes,84.0,21
17132,2021-08-13,Auvergne-Rhône-Alpes,84.0,19
17133,2021-08-14,Auvergne-Rhône-Alpes,84.0,12
17134,2021-08-15,Auvergne-Rhône-Alpes,84.0,4
17135,2021-08-16,Auvergne-Rhône-Alpes,84.0,31
17136,2021-08-17,Auvergne-Rhône-Alpes,84.0,27
17137,2021-08-18,Auvergne-Rhône-Alpes,84.0,26
17138,2021-08-19,Auvergne-Rhône-Alpes,84.0,18
17139,2021-08-20,Auvergne-Rhône-Alpes,84.0,14
17140,2021-08-21,Auvergne-Rhône-Alpes,84.0,14
17141,2021-08-22,Auvergne-Rhône-Alpes,84.0,9
17142,2021-08-23,Auvergne-Rhône-Alpes,84.0,31
17143,2021-08-24,Auvergne-Rhône-Alpes,84.0,27
17144,2021-08-25,Auvergne-Rhône-Alpes,84.0,18
17145,2021-08-26,Auvergne-Rhône-Alpes,84.0,28
17146,2021-08-27,Auvergne-Rhône-Alpes,84.0,18
17147,2021-08-28,Auvergne-Rhône-Alpes,84.0,14
17148,2021-08-29,Auvergne-Rhône-Alpes,84.0,10
17149,2021-08-30,Auvergne-Rhône-Alpes,84.0,15
17150,2021-08-31,Auvergne-Rhône-Alpes,84.0,11
17151,2021-09-01,Auvergne-Rhône-Alpes,84.0,18
17152,2021-09-02,Auvergne-Rhône-Alpes,84.0,10
17153,2021-09-03,Auvergne-Rhône-Alpes,84.0,12
17154,2021-09-04,Auvergne-Rhône-Alpes,84.0,8
17155,2021-09-05,Auvergne-Rhône-Alpes,84.0,6
17156,2021-09-06,Auvergne-Rhône-Alpes,84.0,25
17157,2021-09-07,Auvergne-Rhône-Alpes,84.0,24
17158,2021-09-08,Auvergne-Rhône-Alpes,84.0,11
17159,2021-09-09,Auvergne-Rhône-Alpes,84.0,13
17160,2021-09-10,Auvergne-Rhône-Alpes,84.0,14
17161,2021-09-11,Auvergne-Rhône-Alpes,84.0,10
17162,2021-09-12,Auvergne-Rhône-Alpes,84.0,3
17163,2021-09-13,Auvergne-Rhône-Alpes,84.0,15
17164,2021-09-14,Auvergne-Rhône-Alpes,84.0,13
17165,2021-09-15,Auvergne-Rhône-Alpes,84.0,24
17166,2021-09-16,Auvergne-Rhône-Alpes,84.0,9
17167,2021-09-17,Auvergne-Rhône-Alpes,84.0,1
17168,2021-09-18,Auvergne-Rhône-Alpes,84.0,4
17169,2021-09-19,Auvergne-Rhône-Alpes,84.0,2
17170,2021-09-20,Auvergne-Rhône-Alpes,84.0,11
17171,2021-09-21,Auvergne-Rhône-Alpes,84.0,16
17172,2021-09-22,Auvergne-Rhône-Alpes,84.0,5
17173,2021-09-23,Auvergne-Rhône-Alpes,84.0,7
17174,2021-09-24,Auvergne-Rhône-Alpes,84.0,6
17175,2021-09-25,Auvergne-Rhône-Alpes,84.0,4
17176,2021-09-26,Auvergne-Rhône-Alpes,84.0,0
17177,2021-09-27,Auvergne-Rhône-Alpes,84.0,16
17178,2021-09-28,Auvergne-Rhône-Alpes,84.0,12
17179,2021-09-29,Auvergne-Rhône-Alpes,84.0,6
17180,2021-09-30,Auvergne-Rhône-Alpes,84.0,4
17181,2021-10-01,Auvergne-Rhône-Alpes,84.0,3
17182,2021-10-02,Auvergne-Rhône-Alpes,84.0,0
17183,2021-10-03,Auvergne-Rhône-Alpes,84.0,2
17184,2021-10-04,Auvergne-Rhône-Alpes,84.0,11
17185,2021-10-05,Auvergne-Rhône-Alpes,84.0,4
17186,2021-10-06,Auvergne-Rhône-Alpes,84.0,6
17187,2021-10-07,Auvergne-Rhône-Alpes,84.0,7
17188,2021-10-08,Auvergne-Rhône-Alpes,84.0,4
17189,2021-10-09,Auvergne-Rhône-Alpes,84.0,1
17190,2021-10-10,Auvergne-Rhône-Alpes,84.0,0
17191,2021-10-11,Auvergne-Rhône-Alpes,84.0,8
17192,2021-10-12,Auvergne-Rhône-Alpes,84.0,6
17193,2021-10-13,Auvergne-Rhône-Alpes,84.0,9
17194,2021-10-14,Auvergne-Rhône-Alpes,84.0,6
17195,2021-10-15,Auvergne-Rhône-Alpes,84.0,1
17196,2021-10-16,Auvergne-Rhône-Alpes,84.0,3
17197,2021-10-17,Auvergne-Rhône-Alpes,84.0,0
17198,2021-10-18,Auvergne-Rhône-Alpes,84.0,7
17199,2021-10-19,Auvergne-Rhône-Alpes,84.0,5
17200,2021-10-20,Auvergne-Rhône-Alpes,84.0,5
17201,2021-10-21,Auvergne-Rhône-Alpes,84.0,6
17202,2021-10-22,Auvergne-Rhône-Alpes,84.0,9
17203,2021-10-23,Auvergne-Rhône-Alpes,84.0,1
17204,2021-10-24,Auvergne-Rhône-Alpes,84.0,1
17205,2021-10-25,Auvergne-Rhône-Alpes,84.0,7
17206,2021-10-26,Auvergne-Rhône-Alpes,84.0,7
17207,2021-10-27,Auvergne-Rhône-Alpes,84.0,6
17208,2021-10-28,Auvergne-Rhône-Alpes,84.0,4
17209,2021-10-29,Auvergne-Rhône-Alpes,84.0,3
17210,2021-10-30,Auvergne-Rhône-Alpes,84.0,3
17211,2021-10-31,Auvergne-Rhône-Alpes,84.0,0
17212,2021-11-01,Auvergne-Rhône-Alpes,84.0,3
17213,2021-11-02,Auvergne-Rhône-Alpes,84.0,12
17214,2021-11-03,Auvergne-Rhône-Alpes,84.0,6
17215,2021-11-04,Auvergne-Rhône-Alpes,84.0,6
17216,2021-11-05,Auvergne-Rhône-Alpes,84.0,12
17217,2021-11-06,Auvergne-Rhône-Alpes,84.0,7
17218,2021-11-07,Auvergne-Rhône-Alpes,84.0,1
17219,2021-11-08,Auvergne-Rhône-Alpes,84.0,15
17220,2021-11-09,Auvergne-Rhône-Alpes,84.0,10
17221,2021-11-10,Auvergne-Rhône-Alpes,84.0,14
17222,2021-11-11,Auvergne-Rhône-Alpes,84.0,3
17223,2021-11-12,Auvergne-Rhône-Alpes,84.0,8
17224,2021-11-13,Auvergne-Rhône-Alpes,84.0,7
17225,2021-11-14,Auvergne-Rhône-Alpes,84.0,2
17226,2021-11-15,Auvergne-Rhône-Alpes,84.0,18
17227,2021-11-16,Auvergne-Rhône-Alpes,84.0,14
17228,2021-11-17,Auvergne-Rhône-Alpes,84.0,12
17229,2021-11-18,Auvergne-Rhône-Alpes,84.0,14
17230,2021-11-19,Auvergne-Rhône-Alpes,84.0,15
17231,2021-11-20,Auvergne-Rhône-Alpes,84.0,6
17232,2021-11-21,Auvergne-Rhône-Alpes,84.0,4
17233,2021-11-22,Auvergne-Rhône-Alpes,84.0,18
17234,2021-11-23,Auvergne-Rhône-Alpes,84.0,33
17235,2021-11-24,Auvergne-Rhône-Alpes,84.0,18
17236,2021-11-25,Auvergne-Rhône-Alpes,84.0,16
17237,2021-11-26,Auvergne-Rhône-Alpes,84.0,18
17238,2021-11-27,Auvergne-Rhône-Alpes,84.0,9
17239,2021-11-28,Auvergne-Rhône-Alpes,84.0,7
17240,2021-11-29,Auvergne-Rhône-Alpes,84.0,36
17241,2021-11-30,Auvergne-Rhône-Alpes,84.0,35
17242,2021-12-01,Auvergne-Rhône-Alpes,84.0,29
17243,2021-12-02,Auvergne-Rhône-Alpes,84.0,25
17244,2021-12-03,Auvergne-Rhône-Alpes,84.0,23
17245,2021-12-04,Auvergne-Rhône-Alpes,84.0,14
17246,2021-12-05,Auvergne-Rhône-Alpes,84.0,8
17247,2021-12-06,Auvergne-Rhône-Alpes,84.0,64
17248,2021-12-07,Auvergne-Rhône-Alpes,84.0,61
17249,2021-12-08,Auvergne-Rhône-Alpes,84.0,37
17250,2021-12-09,Auvergne-Rhône-Alpes,84.0,19
17251,2021-12-10,Auvergne-Rhône-Alpes,84.0,31
17252,2021-12-11,Auvergne-Rhône-Alpes,84.0,19
17253,2021-12-12,Auvergne-Rhône-Alpes,84.0,16
17254,2021-12-13,Auvergne-Rhône-Alpes,84.0,52
17255,2021-12-14,Auvergne-Rhône-Alpes,84.0,58
17256,2021-12-15,Auvergne-Rhône-Alpes,84.0,33
17257,2021-12-16,Auvergne-Rhône-Alpes,84.0,27
17258,2021-12-17,Auvergne-Rhône-Alpes,84.0,51
17259,2021-12-18,Auvergne-Rhône-Alpes,84.0,29
17260,2021-12-19,Auvergne-Rhône-Alpes,84.0,9
17261,2021-12-20,Auvergne-Rhône-Alpes,84.0,53
17262,2021-12-21,Auvergne-Rhône-Alpes,84.0,48
17263,2021-12-22,Auvergne-Rhône-Alpes,84.0,35
17264,2021-12-23,Auvergne-Rhône-Alpes,84.0,55
17265,2021-12-24,Auvergne-Rhône-Alpes,84.0,36
17266,2021-12-25,Auvergne-Rhône-Alpes,84.0,30
17267,2021-12-26,Auvergne-Rhône-Alpes,84.0,18
17268,2021-12-27,Auvergne-Rhône-Alpes,84.0,35
17269,2021-12-28,Auvergne-Rhône-Alpes,84.0,53
17270,2021-12-29,Auvergne-Rhône-Alpes,84.0,45
17271,2021-12-30,Auvergne-Rhône-Alpes,84.0,42
17272,2021-12-31,Auvergne-Rhône-Alpes,84.0,47
17273,2022-01-01,Auvergne-Rhône-Alpes,84.0,24
17274,2022-01-02,Auvergne-Rhône-Alpes,84.0,17
17275,2022-01-03,Auvergne-Rhône-Alpes,84.0,42
17276,2022-01-04,Auvergne-Rhône-Alpes,84.0,64
17277,2022-01-05,Auvergne-Rhône-Alpes,84.0,51
17278,2022-01-06,Auvergne-Rhône-Alpes,84.0,54
17279,2022-01-07,Auvergne-Rhône-Alpes,84.0,67
17280,2022-01-08,Auvergne-Rhône-Alpes,84.0,27
17281,2022-01-09,Auvergne-Rhône-Alpes,84.0,19
17282,2022-01-10,Auvergne-Rhône-Alpes,84.0,54
17283,2022-01-11,Auvergne-Rhône-Alpes,84.0,60
17284,2022-01-12,Auvergne-Rhône-Alpes,84.0,45
17285,2022-01-13,Auvergne-Rhône-Alpes,84.0,46
17286,2022-01-14,Auvergne-Rhône-Alpes,84.0,35
17287,2022-01-15,Auvergne-Rhône-Alpes,84.0,28
17288,2022-01-16,Auvergne-Rhône-Alpes,84.0,11
17289,2022-01-17,Auvergne-Rhône-Alpes,84.0,34
17290,2022-01-18,Auvergne-Rhône-Alpes,84.0,53
17291,2022-01-19,Auvergne-Rhône-Alpes,84.0,41
17292,2022-01-20,Auvergne-Rhône-Alpes,84.0,25
17293,2022-01-21,Auvergne-Rhône-Alpes,84.0,42
17294,2022-01-22,Auvergne-Rhône-Alpes,84.0,29
17295,2022-01-23,Auvergne-Rhône-Alpes,84.0,7
17296,2022-01-24,Auvergne-Rhône-Alpes,84.0,40
17297,2022-01-25,Auvergne-Rhône-Alpes,84.0,70
17298,2022-01-26,Auvergne-Rhône-Alpes,84.0,46
17299,2022-01-27,Auvergne-Rhône-Alpes,84.0,33
17300,2022-01-28,Auvergne-Rhône-Alpes,84.0,44
17301,2022-01-29,Auvergne-Rhône-Alpes,84.0,20
17302,2022-01-30,Auvergne-Rhône-Alpes,84.0,12
17303,2022-01-31,Auvergne-Rhône-Alpes,84.0,39
17304,2022-02-01,Auvergne-Rhône-Alpes,84.0,54
17305,2022-02-02,Auvergne-Rhône-Alpes,84.0,46
17306,2022-02-03,Auvergne-Rhône-Alpes,84.0,29
17307,2022-02-04,Auvergne-Rhône-Alpes,84.0,104
17308,2022-02-05,Auvergne-Rhône-Alpes,84.0,21
17309,2022-02-06,Auvergne-Rhône-Alpes,84.0,10
17310,2022-02-07,Auvergne-Rhône-Alpes,84.0,31
17311,2022-02-08,Auvergne-Rhône-Alpes,84.0,51
17312,2022-02-09,Auvergne-Rhône-Alpes,84.0,44
17313,2022-02-10,Auvergne-Rhône-Alpes,84.0,33
17314,2022-02-11,Auvergne-Rhône-Alpes,84.0,32
17315,2022-02-12,Auvergne-Rhône-Alpes,84.0,24
17316,2022-02-13,Auvergne-Rhône-Alpes,84.0,7
17317,2022-02-14,Auvergne-Rhône-Alpes,84.0,43
17318,2022-02-15,Auvergne-Rhône-Alpes,84.0,29
17319,2022-02-16,Auvergne-Rhône-Alpes,84.0,32
17320,2022-02-17,Auvergne-Rhône-Alpes,84.0,22
17321,2022-02-18,Auvergne-Rhône-Alpes,84.0,19
17322,2022-02-19,Auvergne-Rhône-Alpes,84.0,12
17323,2022-02-20,Auvergne-Rhône-Alpes,84.0,9
17324,2022-02-21,Auvergne-Rhône-Alpes,84.0,25
17325,2022-02-22,Auvergne-Rhône-Alpes,84.0,33
17326,2022-02-23,Auvergne-Rhône-Alpes,84.0,16
17327,2022-02-24,Auvergne-Rhône-Alpes,84.0,19
17328,2022-02-25,Auvergne-Rhône-Alpes,84.0,21
17329,2022-02-26,Auvergne-Rhône-Alpes,84.0,6
17330,2022-02-27,Auvergne-Rhône-Alpes,84.0,6
17331,2022-02-28,Auvergne-Rhône-Alpes,84.0,17
17332,2022-03-01,Auvergne-Rhône-Alpes,84.0,19
17333,2022-03-02,Auvergne-Rhône-Alpes,84.0,17
17334,2022-03-03,Auvergne-Rhône-Alpes,84.0,9
17335,2022-03-04,Auvergne-Rhône-Alpes,84.0,13
17336,2022-03-05,Auvergne-Rhône-Alpes,84.0,4
17337,2022-03-06,Auvergne-Rhône-Alpes,84.0,0
17338,2022-03-07,Auvergne-Rhône-Alpes,84.0,21
17339,2022-03-08,Auvergne-Rhône-Alpes,84.0,14
17340,2022-03-09,Auvergne-Rhône-Alpes,84.0,16
17341,2022-03-10,Auvergne-Rhône-Alpes,84.0,16
17342,2022-03-11,Auvergne-Rhône-Alpes,84.0,16
17343,2022-03-12,Auvergne-Rhône-Alpes,84.0,5
17344,2022-03-13,Auvergne-Rhône-Alpes,84.0,1
17345,2022-03-14,Auvergne-Rhône-Alpes,84.0,14
17346,2022-03-15,Auvergne-Rhône-Alpes,84.0,12
17347,2022-03-16,Auvergne-Rhône-Alpes,84.0,6
17348,2022-03-17,Auvergne-Rhône-Alpes,84.0,16
17349,2022-03-18,Auvergne-Rhône-Alpes,84.0,21
17350,2022-03-19,Auvergne-Rhône-Alpes,84.0,6
17351,2022-03-20,Auvergne-Rhône-Alpes,84.0,3
17352,2022-03-21,Auvergne-Rhône-Alpes,84.0,13
17353,2022-03-22,Auvergne-Rhône-Alpes,84.0,19
17354,2022-03-23,Auvergne-Rhône-Alpes,84.0,9
17355,2022-03-24,Auvergne-Rhône-Alpes,84.0,13
17356,2022-03-25,Auvergne-Rhône-Alpes,84.0,9
17357,2022-03-26,Auvergne-Rhône-Alpes,84.0,2
17358,2022-03-27,Auvergne-Rhône-Alpes,84.0,2
17359,2022-03-28,Auvergne-Rhône-Alpes,84.0,18
17360,2022-03-29,Auvergne-Rhône-Alpes,84.0,21
17361,2022-03-30,Auvergne-Rhône-Alpes,84.0,20
17362,2022-03-31,Auvergne-Rhône-Alpes,84.0,29
17363,2022-04-01,Auvergne-Rhône-Alpes,84.0,24
17364,2022-04-02,Auvergne-Rhône-Alpes,84.0,5
17365,2022-04-03,Auvergne-Rhône-Alpes,84.0,2
17366,2022-04-04,Auvergne-Rhône-Alpes,84.0,16
17367,2022-04-05,Auvergne-Rhône-Alpes,84.0,21
17368,2022-04-06,Auvergne-Rhône-Alpes,84.0,18
17369,2022-04-07,Auvergne-Rhône-Alpes,84.0,11
17370,2022-04-08,Auvergne-Rhône-Alpes,84.0,15
17371,2022-04-09,Auvergne-Rhône-Alpes,84.0,5
17372,2022-04-10,Auvergne-Rhône-Alpes,84.0,7
17373,2022-04-11,Auvergne-Rhône-Alpes,84.0,21
17374,2022-04-12,Auvergne-Rhône-Alpes,84.0,25
17375,2022-04-13,Auvergne-Rhône-Alpes,84.0,15
17376,2022-04-14,Auvergne-Rhône-Alpes,84.0,9
17377,2022-04-15,Auvergne-Rhône-Alpes,84.0,18
17378,2022-04-16,Auvergne-Rhône-Alpes,84.0,8
17379,2022-04-17,Auvergne-Rhône-Alpes,84.0,0
17380,2022-04-18,Auvergne-Rhône-Alpes,84.0,1
17381,2022-04-19,Auvergne-Rhône-Alpes,84.0,28
17382,2022-04-20,Auvergne-Rhône-Alpes,84.0,35
17383,2022-04-21,Auvergne-Rhône-Alpes,84.0,18
17384,2022-04-22,Auvergne-Rhône-Alpes,84.0,29
17385,2022-04-23,Auvergne-Rhône-Alpes,84.0,13
17386,2022-04-24,Auvergne-Rhône-Alpes,84.0,0
17387,2022-04-25,Auvergne-Rhône-Alpes,84.0,26
17388,2022-04-26,Auvergne-Rhône-Alpes,84.0,32
17389,2022-04-27,Auvergne-Rhône-Alpes,84.0,10
17390,2022-04-28,Auvergne-Rhône-Alpes,84.0,19
17391,2022-04-29,Auvergne-Rhône-Alpes,84.0,13
17392,2022-04-30,Auvergne-Rhône-Alpes,84.0,8
17393,2022-05-01,Auvergne-Rhône-Alpes,84.0,0
17394,2022-05-02,Auvergne-Rhône-Alpes,84.0,18
17395,2022-05-03,Auvergne-Rhône-Alpes,84.0,14
17396,2022-05-04,Auvergne-Rhône-Alpes,84.0,18
17397,2022-05-05,Auvergne-Rhône-Alpes,84.0,20
17398,2022-05-06,Auvergne-Rhône-Alpes,84.0,6
17399,2022-05-07,Auvergne-Rhône-Alpes,84.0,51
17400,2022-05-08,Auvergne-Rhône-Alpes,84.0,2
17401,2022-05-09,Auvergne-Rhône-Alpes,84.0,13
17402,2022-05-10,Auvergne-Rhône-Alpes,84.0,13
17403,2022-05-11,Auvergne-Rhône-Alpes,84.0,5
17404,2022-05-12,Auvergne-Rhône-Alpes,84.0,15
17405,2022-05-13,Auvergne-Rhône-Alpes,84.0,15
17406,2022-05-14,Auvergne-Rhône-Alpes,84.0,2
17407,2022-05-15,Auvergne-Rhône-Alpes,84.0,1
17408,2022-05-16,Auvergne-Rhône-Alpes,84.0,11
17409,2022-05-17,Auvergne-Rhône-Alpes,84.0,5
17410,2022-05-18,Auvergne-Rhône-Alpes,84.0,4
17411,2022-05-19,Auvergne-Rhône-Alpes,84.0,8
17412,2022-05-20,Auvergne-Rhône-Alpes,84.0,5
17413,2022-05-21,Auvergne-Rhône-Alpes,84.0,4
17414,2022-05-22,Auvergne-Rhône-Alpes,84.0,0
17415,2022-05-23,Auvergne-Rhône-Alpes,84.0,12
17416,2022-05-24,Auvergne-Rhône-Alpes,84.0,8
17417,2022-05-25,Auvergne-Rhône-Alpes,84.0,8
17418,2022-05-26,Auvergne-Rhône-Alpes,84.0,2
17419,2022-05-27,Auvergne-Rhône-Alpes,84.0,3
17420,2022-05-28,Auvergne-Rhône-Alpes,84.0,1
17421,2022-05-29,Auvergne-Rhône-Alpes,84.0,0
17422,2022-05-30,Auvergne-Rhône-Alpes,84.0,7
17423,2022-05-31,Auvergne-Rhône-Alpes,84.0,15
17424,2022-06-01,Auvergne-Rhône-Alpes,84.0,5
17425,2022-06-02,Auvergne-Rhône-Alpes,84.0,8
17426,2022-06-03,Auvergne-Rhône-Alpes,84.0,4
17427,2022-06-04,Auvergne-Rhône-Alpes,84.0,4
17428,2022-06-05,Auvergne-Rhône-Alpes,84.0,1
17429,2022-06-06,Auvergne-Rhône-Alpes,84.0,0
17430,2022-06-07,Auvergne-Rhône-Alpes,84.0,4
17431,2022-06-08,Auvergne-Rhône-Alpes,84.0,6
17432,2022-06-09,Auvergne-Rhône-Alpes,84.0,4
17433,2022-06-10,Auvergne-Rhône-Alpes,84.0,6
17434,2022-06-11,Auvergne-Rhône-Alpes,84.0,6
17435,2022-06-12,Auvergne-Rhône-Alpes,84.0,1
17436,2022-06-13,Auvergne-Rhône-Alpes,84.0,8
17437,2022-06-14,Auvergne-Rhône-Alpes,84.0,4
17438,2022-06-15,Auvergne-Rhône-Alpes,84.0,7
17439,2022-06-16,Auvergne-Rhône-Alpes,84.0,8
17440,2022-06-17,Auvergne-Rhône-Alpes,84.0,5
17441,2022-06-18,Auvergne-Rhône-Alpes,84.0,3
17442,2022-06-19,Auvergne-Rhône-Alpes,84.0,0
17443,2022-06-20,Auvergne-Rhône-Alpes,84.0,10
17444,2022-06-21,Auvergne-Rhône-Alpes,84.0,4
17445,2022-06-22,Auvergne-Rhône-Alpes,84.0,12
17446,2022-06-23,Auvergne-Rhône-Alpes,84.0,6
17447,2022-06-24,Auvergne-Rhône-Alpes,84.0,13
17448,2022-06-25,Auvergne-Rhône-Alpes,84.0,2
17449,2022-06-26,Auvergne-Rhône-Alpes,84.0,0
17450,2022-06-27,Auvergne-Rhône-Alpes,84.0,12
17451,2022-06-28,Auvergne-Rhône-Alpes,84.0,12
17452,2022-06-29,Auvergne-Rhône-Alpes,84.0,15
17453,2022-06-30,Auvergne-Rhône-Alpes,84.0,12
17454,2022-07-01,Auvergne-Rhône-Alpes,84.0,9
17455,2022-07-02,Auvergne-Rhône-Alpes,84.0,5
17456,2022-07-03,Auvergne-Rhône-Alpes,84.0,1
17457,2022-07-04,Auvergne-Rhône-Alpes,84.0,18
17458,2022-07-05,Auvergne-Rhône-Alpes,84.0,19
17459,2022-07-06,Auvergne-Rhône-Alpes,84.0,4
17460,2022-07-07,Auvergne-Rhône-Alpes,84.0,15
17461,2022-07-08,Auvergne-Rhône-Alpes,84.0,11
17462,2022-07-09,Auvergne-Rhône-Alpes,84.0,7
17463,2022-07-10,Auvergne-Rhône-Alpes,84.0,0
17464,2022-07-11,Auvergne-Rhône-Alpes,84.0,19
17465,2022-07-12,Auvergne-Rhône-Alpes,84.0,19
17466,2022-07-13,Auvergne-Rhône-Alpes,84.0,19
17467,2022-07-14,Auvergne-Rhône-Alpes,84.0,1
17468,2022-07-15,Auvergne-Rhône-Alpes,84.0,15
17469,2022-07-16,Auvergne-Rhône-Alpes,84.0,3
17470,2022-07-17,Auvergne-Rhône-Alpes,84.0,0
17471,2022-07-18,Auvergne-Rhône-Alpes,84.0,15
17472,2022-07-19,Auvergne-Rhône-Alpes,84.0,17
17473,2022-07-20,Auvergne-Rhône-Alpes,84.0,12
17474,2022-07-21,Auvergne-Rhône-Alpes,84.0,14
17475,2022-07-22,Auvergne-Rhône-Alpes,84.0,15
17476,2022-07-23,Auvergne-Rhône-Alpes,84.0,7
17477,2022-07-24,Auvergne-Rhône-Alpes,84.0,0
17478,2022-07-25,Auvergne-Rhône-Alpes,84.0,19
17479,2022-07-26,Auvergne-Rhône-Alpes,84.0,16
17480,2022-07-27,Auvergne-Rhône-Alpes,84.0,10
17481,2022-07-28,Auvergne-Rhône-Alpes,84.0,15
17482,2022-07-29,Auvergne-Rhône-Alpes,84.0,13
17483,2022-07-30,Auvergne-Rhône-Alpes,84.0,7
17484,2022-07-31,Auvergne-Rhône-Alpes,84.0,0
17485,2022-08-01,Auvergne-Rhône-Alpes,84.0,13
17486,2022-08-02,Auvergne-Rhône-Alpes,84.0,25
17487,2022-08-03,Auvergne-Rhône-Alpes,84.0,9
17488,2022-08-04,Auvergne-Rhône-Alpes,84.0,7
17489,2022-08-05,Auvergne-Rhône-Alpes,84.0,12
17490,2022-08-06,Auvergne-Rhône-Alpes,84.0,4
17491,2022-08-07,Auvergne-Rhône-Alpes,84.0,0
17492,2022-08-08,Auvergne-Rhône-Alpes,84.0,8
17493,2022-08-09,Auvergne-Rhône-Alpes,84.0,11
17494,2022-08-10,Auvergne-Rhône-Alpes,84.0,7
17495,2022-08-11,Auvergne-Rhône-Alpes,84.0,12
17496,2022-08-12,Auvergne-Rhône-Alpes,84.0,4
17497,2022-08-13,Auvergne-Rhône-Alpes,84.0,3
17498,2022-08-14,Auvergne-Rhône-Alpes,84.0,0
17499,2022-08-15,Auvergne-Rhône-Alpes,84.0,1
17500,2022-08-16,Auvergne-Rhône-Alpes,84.0,10
17501,2022-08-17,Auvergne-Rhône-Alpes,84.0,18
17502,2022-08-18,Auvergne-Rhône-Alpes,84.0,6
17503,2022-08-19,Auvergne-Rhône-Alpes,84.0,4
17504,2022-08-20,Auvergne-Rhône-Alpes,84.0,1
17505,2022-08-21,Auvergne-Rhône-Alpes,84.0,0
17506,2022-08-22,Auvergne-Rhône-Alpes,84.0,3
17507,2022-08-23,Auvergne-Rhône-Alpes,84.0,5
17508,2022-08-24,Auvergne-Rhône-Alpes,84.0,10
17509,2022-08-25,Auvergne-Rhône-Alpes,84.0,3
17510,2022-08-26,Auvergne-Rhône-Alpes,84.0,7
17511,2022-08-27,Auvergne-Rhône-Alpes,84.0,0
17512,2022-08-28,Auvergne-Rhône-Alpes,84.0,1
17513,2022-08-29,Auvergne-Rhône-Alpes,84.0,3
17514,2022-08-30,Auvergne-Rhône-Alpes,84.0,6
17515,2022-08-31,Auvergne-Rhône-Alpes,84.0,2
17516,2022-09-01,Auvergne-Rhône-Alpes,84.0,1
17517,2022-09-02,Auvergne-Rhône-Alpes,84.0,4
17518,2022-09-03,Auvergne-Rhône-Alpes,84.0,1
17519,2022-09-04,Auvergne-Rhône-Alpes,84.0,0
17520,2022-09-05,Auvergne-Rhône-Alpes,84.0,11
17521,2022-09-06,Auvergne-Rhône-Alpes,84.0,8
17522,2022-09-07,Auvergne-Rhône-Alpes,84.0,9
17523,2022-09-08,Auvergne-Rhône-Alpes,84.0,2
17524,2022-09-09,Auvergne-Rhône-Alpes,84.0,4
17525,2022-09-10,Auvergne-Rhône-Alpes,84.0,3
17526,2022-09-11,Auvergne-Rhône-Alpes,84.0,0
17527,2022-09-12,Auvergne-Rhône-Alpes,84.0,4
17528,2022-09-13,Auvergne-Rhône-Alpes,84.0,1
17529,2022-09-14,Auvergne-Rhône-Alpes,84.0,8
17530,2022-09-15,Auvergne-Rhône-Alpes,84.0,4
17531,2022-09-16,Auvergne-Rhône-Alpes,84.0,4
17532,2022-09-17,Auvergne-Rhône-Alpes,84.0,2
17533,2022-09-18,Auvergne-Rhône-Alpes,84.0,1
17534,2022-09-19,Auvergne-Rhône-Alpes,84.0,4
17535,2022-09-20,Auvergne-Rhône-Alpes,84.0,6
17536,2022-09-21,Auvergne-Rhône-Alpes,84.0,2
17537,2022-09-22,Auvergne-Rhône-Alpes,84.0,4
17538,2022-09-23,Auvergne-Rhône-Alpes,84.0,2
17539,2022-09-24,Auvergne-Rhône-Alpes,84.0,1
17540,2022-09-25,Auvergne-Rhône-Alpes,84.0,0
17541,2022-09-26,Auvergne-Rhône-Alpes,84.0,5
17542,2022-09-27,Auvergne-Rhône-Alpes,84.0,13
17543,2022-09-28,Auvergne-Rhône-Alpes,84.0,6
17544,2022-09-29,Auvergne-Rhône-Alpes,84.0,4
17545,2022-09-30,Auvergne-Rhône-Alpes,84.0,13
17546,2022-10-01,Auvergne-Rhône-Alpes,84.0,3
17547,2022-10-02,Auvergne-Rhône-Alpes,84.0,0
17548,2022-10-03,Auvergne-Rhône-Alpes,84.0,5
17549,2022-10-04,Auvergne-Rhône-Alpes,84.0,13
17550,2022-10-05,Auvergne-Rhône-Alpes,84.0,8
17551,2022-10-06,Auvergne-Rhône-Alpes,84.0,18
17552,2022-10-07,Auvergne-Rhône-Alpes,84.0,10
17553,2022-10-08,Auvergne-Rhône-Alpes,84.0,3
17554,2022-10-09,Auvergne-Rhône-Alpes,84.0,3
17555,2022-10-10,Auvergne-Rhône-Alpes,84.0,12
17556,2022-10-11,Auvergne-Rhône-Alpes,84.0,14
17557,2022-10-12,Auvergne-Rhône-Alpes,84.0,8
17558,2022-10-13,Auvergne-Rhône-Alpes,84.0,4
17559,2022-10-14,Auvergne-Rhône-Alpes,84.0,13
17560,2022-10-15,Auvergne-Rhône-Alpes,84.0,2
17561,2022-10-16,Auvergne-Rhône-Alpes,84.0,1
17562,2022-10-17,Auvergne-Rhône-Alpes,84.0,28
17563,2022-10-18,Auvergne-Rhône-Alpes,84.0,13
17564,2022-10-19,Auvergne-Rhône-Alpes,84.0,20
17565,2022-10-20,Auvergne-Rhône-Alpes,84.0,8
17566,2022-10-21,Auvergne-Rhône-Alpes,84.0,15
17567,2022-10-22,Auvergne-Rhône-Alpes,84.0,3
17568,2022-10-23,Auvergne-Rhône-Alpes,84.0,1
17569,2022-10-24,Auvergne-Rhône-Alpes,84.0,16
17570,2022-10-25,Auvergne-Rhône-Alpes,84.0,16
17571,2022-10-26,Auvergne-Rhône-Alpes,84.0,14
17572,2022-10-27,Auvergne-Rhône-Alpes,84.0,12
17573,2022-10-28,Auvergne-Rhône-Alpes,84.0,9
17574,2022-10-29,Auvergne-Rhône-Alpes,84.0,3
17575,2022-10-30,Auvergne-Rhône-Alpes,84.0,0
17576,2022-10-31,Auvergne-Rhône-Alpes,84.0,9
17577,2022-11-01,Auvergne-Rhône-Alpes,84.0,6
17578,2022-11-02,Auvergne-Rhône-Alpes,84.0,19
17579,2022-11-03,Auvergne-Rhône-Alpes,84.0,9
17580,2022-11-04,Auvergne-Rhône-Alpes,84.0,14
17581,2022-11-05,Auvergne-Rhône-Alpes,84.0,3
17582,2022-11-06,Auvergne-Rhône-Alpes,84.0,0
17583,2022-11-07,Auvergne-Rhône-Alpes,84.0,16
17584,2022-11-08,Auvergne-Rhône-Alpes,84.0,3
17585,2022-11-09,Auvergne-Rhône-Alpes,84.0,21
17586,2022-11-10,Auvergne-Rhône-Alpes,84.0,14
17587,2022-11-11,Auvergne-Rhône-Alpes,84.0,0
17588,2022-11-12,Auvergne-Rhône-Alpes,84.0,0
17589,2022-11-13,Auvergne-Rhône-Alpes,84.0,0
17590,2022-11-14,Auvergne-Rhône-Alpes,84.0,17
17591,2022-11-15,Auvergne-Rhône-Alpes,84.0,8
17592,2022-11-16,Auvergne-Rhône-Alpes,84.0,19
17593,2022-11-17,Auvergne-Rhône-Alpes,84.0,6
17594,2022-11-18,Auvergne-Rhône-Alpes,84.0,13
17595,2022-11-19,Auvergne-Rhône-Alpes,84.0,1
17596,2022-11-20,Auvergne-Rhône-Alpes,84.0,0
17597,2022-11-21,Auvergne-Rhône-Alpes,84.0,10
17598,2022-11-22,Auvergne-Rhône-Alpes,84.0,6
17599,2022-11-23,Auvergne-Rhône-Alpes,84.0,24
17600,2022-11-24,Auvergne-Rhône-Alpes,84.0,9
17601,2022-11-25,Auvergne-Rhône-Alpes,84.0,13
17602,2022-11-26,Auvergne-Rhône-Alpes,84.0,5
17603,2022-11-27,Auvergne-Rhône-Alpes,84.0,0
17604,2022-11-28,Auvergne-Rhône-Alpes,84.0,26
17605,2022-11-29,Auvergne-Rhône-Alpes,84.0,21
17606,2022-11-30,Auvergne-Rhône-Alpes,84.0,16
17607,2022-12-01,Auvergne-Rhône-Alpes,84.0,7
17608,2022-12-02,Auvergne-Rhône-Alpes,84.0,9
17609,2022-12-03,Auvergne-Rhône-Alpes,84.0,8
17610,2022-12-04,Auvergne-Rhône-Alpes,84.0,1
17611,2022-12-05,Auvergne-Rhône-Alpes,84.0,11
17612,2022-12-06,Auvergne-Rhône-Alpes,84.0,14
17613,2022-12-07,Auvergne-Rhône-Alpes,84.0,24
17614,2022-12-08,Auvergne-Rhône-Alpes,84.0,16
17615,2022-12-09,Auvergne-Rhône-Alpes,84.0,12
17616,2022-12-10,Auvergne-Rhône-Alpes,84.0,9
17617,2022-12-11,Auvergne-Rhône-Alpes,84.0,1
17618,2022-12-12,Auvergne-Rhône-Alpes,84.0,28
17619,2022-12-13,Auvergne-Rhône-Alpes,84.0,17
17620,2022-12-14,Auvergne-Rhône-Alpes,84.0,40
17621,2022-12-15,Auvergne-Rhône-Alpes,84.0,17
17622,2022-12-16,Auvergne-Rhône-Alpes,84.0,16
17623,2022-12-17,Auvergne-Rhône-Alpes,84.0,8
17624,2022-12-18,Auvergne-Rhône-Alpes,84.0,0
17625,2022-12-19,Auvergne-Rhône-Alpes,84.0,15
17626,2022-12-20,Auvergne-Rhône-Alpes,84.0,28
17627,2022-12-21,Auvergne-Rhône-Alpes,84.0,24
17628,2022-12-22,Auvergne-Rhône-Alpes,84.0,24
17629,2022-12-23,Auvergne-Rhône-Alpes,84.0,14
17630,2022-12-24,Auvergne-Rhône-Alpes,84.0,4
17631,2022-12-25,Auvergne-Rhône-Alpes,84.0,0
17632,2022-12-26,Auvergne-Rhône-Alpes,84.0,13
17633,2022-12-27,Auvergne-Rhône-Alpes,84.0,31
17634,2022-12-28,Auvergne-Rhône-Alpes,84.0,25
17635,2022-12-29,Auvergne-Rhône-Alpes,84.0,17
17636,2022-12-30,Auvergne-Rhône-Alpes,84.0,5
17637,2022-12-31,Auvergne-Rhône-Alpes,84.0,5
17638,2023-01-01,Auvergne-Rhône-Alpes,84.0,0
17639,2023-01-02,Auvergne-Rhône-Alpes,84.0,17
17640,2023-01-03,Auvergne-Rhône-Alpes,84.0,17
17641,2023-01-04,Auvergne-Rhône-Alpes,84.0,12
17642,2023-01-05,Auvergne-Rhône-Alpes,84.0,16
17643,2023-01-06,Auvergne-Rhône-Alpes,84.0,14
17644,2023-01-07,Auvergne-Rhône-Alpes,84.0,7
17645,2023-01-08,Auvergne-Rhône-Alpes,84.0,1
17646,2023-01-09,Auvergne-Rhône-Alpes,84.0,12
17647,2023-01-10,Auvergne-Rhône-Alpes,84.0,14
17648,2023-01-11,Auvergne-Rhône-Alpes,84.0,17
17649,2023-01-12,Auvergne-Rhône-Alpes,84.0,6
17650,2023-01-13,Auvergne-Rhône-Alpes,84.0,11
17651,2023-01-14,Auvergne-Rhône-Alpes,84.0,0
17652,2023-01-15,Auvergne-Rhône-Alpes,84.0,0
17653,2023-01-16,Auvergne-Rhône-Alpes,84.0,5
17654,2023-01-17,Auvergne-Rhône-Alpes,84.0,6
17655,2023-01-18,Auvergne-Rhône-Alpes,84.0,10
17656,2023-01-19,Auvergne-Rhône-Alpes,84.0,5
17657,2023-01-20,Auvergne-Rhône-Alpes,84.0,1
17658,2023-01-21,Auvergne-Rhône-Alpes,84.0,1
17659,2023-01-22,Auvergne-Rhône-Alpes,84.0,1
17660,2023-01-23,Auvergne-Rhône-Alpes,84.0,8
17661,2023-01-24,Auvergne-Rhône-Alpes,84.0,1
17662,2023-01-25,Auvergne-Rhône-Alpes,84.0,7
17663,2023-01-26,Auvergne-Rhône-Alpes,84.0,6
17664,2023-01-27,Auvergne-Rhône-Alpes,84.0,1
17665,2023-01-28,Auvergne-Rhône-Alpes,84.0,1
17666,2023-01-29,Auvergne-Rhône-Alpes,84.0,0
17667,2023-01-30,Auvergne-Rhône-Alpes,84.0,11
17668,2023-01-31,Auvergne-Rhône-Alpes,84.0,3
17669,2023-02-01,Auvergne-Rhône-Alpes,84.0,4
17670,2023-02-02,Auvergne-Rhône-Alpes,84.0,3
17671,2023-02-03,Auvergne-Rhône-Alpes,84.0,2
17672,2023-02-04,Auvergne-Rhône-Alpes,84.0,1
17673,2023-02-05,Auvergne-Rhône-Alpes,84.0,0
17674,2023-02-06,Auvergne-Rhône-Alpes,84.0,2
17675,2023-02-07,Auvergne-Rhône-Alpes,84.0,5
17676,2023-02-08,Auvergne-Rhône-Alpes,84.0,15
17677,2023-02-09,Auvergne-Rhône-Alpes,84.0,2
17678,2023-02-10,Auvergne-Rhône-Alpes,84.0,11
17679,2023-02-11,Auvergne-Rhône-Alpes,84.0,0
17680,2023-02-12,Auvergne-Rhône-Alpes,84.0,0
17681,2023-02-13,Auvergne-Rhône-Alpes,84.0,1
17682,2023-02-14,Auvergne-Rhône-Alpes,84.0,4
17683,2023-02-15,Auvergne-Rhône-Alpes,84.0,1
17684,2023-02-16,Auvergne-Rhône-Alpes,84.0,0
17685,2023-02-17,Auvergne-Rhône-Alpes,84.0,3
17686,2023-02-18,Auvergne-Rhône-Alpes,84.0,0
17687,2023-02-19,Auvergne-Rhône-Alpes,84.0,0
17688,2023-02-20,Auvergne-Rhône-Alpes,84.0,1
17689,2023-02-21,Auvergne-Rhône-Alpes,84.0,1
17690,2023-02-22,Auvergne-Rhône-Alpes,84.0,11
17691,2023-02-23,Auvergne-Rhône-Alpes,84.0,0
17692,2023-02-24,Auvergne-Rhône-Alpes,84.0,3
17693,2023-02-25,Auvergne-Rhône-Alpes,84.0,0
17694,2023-02-26,Auvergne-Rhône-Alpes,84.0,0
17695,2023-02-27,Auvergne-Rhône-Alpes,84.0,5
17696,2023-02-28,Auvergne-Rhône-Alpes,84.0,0
17697,2023-03-01,Auvergne-Rhône-Alpes,84.0,2
17698,2023-03-02,Auvergne-Rhône-Alpes,84.0,1
17699,2023-03-03,Auvergne-Rhône-Alpes,84.0,3
17700,2023-03-04,Auvergne-Rhône-Alpes,84.0,0
17701,2023-03-05,Auvergne-Rhône-Alpes,84.0,0
17702,2023-03-06,Auvergne-Rhône-Alpes,84.0,4
17703,2023-03-07,Auvergne-Rhône-Alpes,84.0,0
17704,2023-03-08,Auvergne-Rhône-Alpes,84.0,4
17705,2023-03-09,Auvergne-Rhône-Alpes,84.0,0
17706,2023-03-10,Auvergne-Rhône-Alpes,84.0,5
17707,2023-03-11,Auvergne-Rhône-Alpes,84.0,1
17708,2023-03-12,Auvergne-Rhône-Alpes,84.0,0
17709,2023-03-13,Auvergne-Rhône-Alpes,84.0,3
17710,2023-03-14,Auvergne-Rhône-Alpes,84.0,3
17711,2023-03-15,Auvergne-Rhône-Alpes,84.0,3
17712,2023-03-16,Auvergne-Rhône-Alpes,84.0,1
17713,2023-03-17,Auvergne-Rhône-Alpes,84.0,4
17714,2023-03-18,Auvergne-Rhône-Alpes,84.0,2
17715,2023-03-19,Auvergne-Rhône-Alpes,84.0,0
17716,2023-03-20,Auvergne-Rhône-Alpes,84.0,5
17717,2023-03-21,Auvergne-Rhône-Alpes,84.0,1
17718,2023-03-22,Auvergne-Rhône-Alpes,84.0,3
17719,2023-03-23,Auvergne-Rhône-Alpes,84.0,6
17720,2023-03-24,Auvergne-Rhône-Alpes,84.0,4
17721,2023-03-25,Auvergne-Rhône-Alpes,84.0,4
17722,2023-03-26,Auvergne-Rhône-Alpes,84.0,0
17723,2023-03-27,Auvergne-Rhône-Alpes,84.0,5
17724,2023-03-28,Auvergne-Rhône-Alpes,84.0,2
17725,2023-03-29,Auvergne-Rhône-Alpes,84.0,11
17726,2023-03-30,Auvergne-Rhône-Alpes,84.0,1
17727,2023-03-31,Auvergne-Rhône-Alpes,84.0,4
17728,2020-03-19,Provence-Alpes-Côte d'Azur,93.0,25
17729,2020-03-20,Provence-Alpes-Côte d'Azur,93.0,11
17730,2020-03-21,Provence-Alpes-Côte d'Azur,93.0,17
17731,2020-03-22,Provence-Alpes-Côte d'Azur,93.0,6
17732,2020-03-23,Provence-Alpes-Côte d'Azur,93.0,27
17733,2020-03-24,Provence-Alpes-Côte d'Azur,93.0,25
17734,2020-03-25,Provence-Alpes-Côte d'Azur,93.0,17
17735,2020-03-26,Provence-Alpes-Côte d'Azur,93.0,27
17736,2020-03-27,Provence-Alpes-Côte d'Azur,93.0,27
17737,2020-03-28,Provence-Alpes-Côte d'Azur,93.0,29
17738,2020-03-29,Provence-Alpes-Côte d'Azur,93.0,38
17739,2020-03-30,Provence-Alpes-Côte d'Azur,93.0,50
17740,2020-03-31,Provence-Alpes-Côte d'Azur,93.0,39
17741,2020-04-01,Provence-Alpes-Côte d'Azur,93.0,45
17742,2020-04-02,Provence-Alpes-Côte d'Azur,93.0,51
17743,2020-04-03,Provence-Alpes-Côte d'Azur,93.0,45
17744,2020-04-04,Provence-Alpes-Côte d'Azur,93.0,32
17745,2020-04-05,Provence-Alpes-Côte d'Azur,93.0,23
17746,2020-04-06,Provence-Alpes-Côte d'Azur,93.0,33
17747,2020-04-07,Provence-Alpes-Côte d'Azur,93.0,29
17748,2020-04-08,Provence-Alpes-Côte d'Azur,93.0,41
17749,2020-04-09,Provence-Alpes-Côte d'Azur,93.0,17
17750,2020-04-10,Provence-Alpes-Côte d'Azur,93.0,41
17751,2020-04-11,Provence-Alpes-Côte d'Azur,93.0,15
17752,2020-04-12,Provence-Alpes-Côte d'Azur,93.0,14
17753,2020-04-13,Provence-Alpes-Côte d'Azur,93.0,15
17754,2020-04-14,Provence-Alpes-Côte d'Azur,93.0,19
17755,2020-04-15,Provence-Alpes-Côte d'Azur,93.0,18
17756,2020-04-16,Provence-Alpes-Côte d'Azur,93.0,22
17757,2020-04-17,Provence-Alpes-Côte d'Azur,93.0,21
17758,2020-04-18,Provence-Alpes-Côte d'Azur,93.0,13
17759,2020-04-19,Provence-Alpes-Côte d'Azur,93.0,9
17760,2020-04-20,Provence-Alpes-Côte d'Azur,93.0,32
17761,2020-04-21,Provence-Alpes-Côte d'Azur,93.0,11
17762,2020-04-22,Provence-Alpes-Côte d'Azur,93.0,20
17763,2020-04-23,Provence-Alpes-Côte d'Azur,93.0,20
17764,2020-04-24,Provence-Alpes-Côte d'Azur,93.0,26
17765,2020-04-25,Provence-Alpes-Côte d'Azur,93.0,9
17766,2020-04-26,Provence-Alpes-Côte d'Azur,93.0,11
17767,2020-04-27,Provence-Alpes-Côte d'Azur,93.0,16
17768,2020-04-28,Provence-Alpes-Côte d'Azur,93.0,19
17769,2020-04-29,Provence-Alpes-Côte d'Azur,93.0,16
17770,2020-04-30,Provence-Alpes-Côte d'Azur,93.0,8
17771,2020-05-01,Provence-Alpes-Côte d'Azur,93.0,4
17772,2020-05-02,Provence-Alpes-Côte d'Azur,93.0,0
17773,2020-05-03,Provence-Alpes-Côte d'Azur,93.0,5
17774,2020-05-04,Provence-Alpes-Côte d'Azur,93.0,7
17775,2020-05-05,Provence-Alpes-Côte d'Azur,93.0,7
17776,2020-05-06,Provence-Alpes-Côte d'Azur,93.0,5
17777,2020-05-07,Provence-Alpes-Côte d'Azur,93.0,7
17778,2020-05-08,Provence-Alpes-Côte d'Azur,93.0,5
17779,2020-05-09,Provence-Alpes-Côte d'Azur,93.0,3
17780,2020-05-10,Provence-Alpes-Côte d'Azur,93.0,7
17781,2020-05-11,Provence-Alpes-Côte d'Azur,93.0,10
17782,2020-05-12,Provence-Alpes-Côte d'Azur,93.0,6
17783,2020-05-13,Provence-Alpes-Côte d'Azur,93.0,5
17784,2020-05-14,Provence-Alpes-Côte d'Azur,93.0,5
17785,2020-05-15,Provence-Alpes-Côte d'Azur,93.0,6
17786,2020-05-16,Provence-Alpes-Côte d'Azur,93.0,3
17787,2020-05-17,Provence-Alpes-Côte d'Azur,93.0,1
17788,2020-05-18,Provence-Alpes-Côte d'Azur,93.0,2
17789,2020-05-19,Provence-Alpes-Côte d'Azur,93.0,2
17790,2020-05-20,Provence-Alpes-Côte d'Azur,93.0,1
17791,2020-05-21,Provence-Alpes-Côte d'Azur,93.0,0
17792,2020-05-22,Provence-Alpes-Côte d'Azur,93.0,2
17793,2020-05-23,Provence-Alpes-Côte d'Azur,93.0,1
17794,2020-05-24,Provence-Alpes-Côte d'Azur,93.0,0
17795,2020-05-25,Provence-Alpes-Côte d'Azur,93.0,3
17796,2020-05-26,Provence-Alpes-Côte d'Azur,93.0,2
17797,2020-05-27,Provence-Alpes-Côte d'Azur,93.0,4
17798,2020-05-28,Provence-Alpes-Côte d'Azur,93.0,3
17799,2020-05-29,Provence-Alpes-Côte d'Azur,93.0,1
17800,2020-05-30,Provence-Alpes-Côte d'Azur,93.0,0
17801,2020-05-31,Provence-Alpes-Côte d'Azur,93.0,0
17802,2020-06-01,Provence-Alpes-Côte d'Azur,93.0,0
17803,2020-06-02,Provence-Alpes-Côte d'Azur,93.0,1
17804,2020-06-03,Provence-Alpes-Côte d'Azur,93.0,1
17805,2020-06-04,Provence-Alpes-Côte d'Azur,93.0,1
17806,2020-06-05,Provence-Alpes-Côte d'Azur,93.0,2
17807,2020-06-06,Provence-Alpes-Côte d'Azur,93.0,0
17808,2020-06-07,Provence-Alpes-Côte d'Azur,93.0,0
17809,2020-06-08,Provence-Alpes-Côte d'Azur,93.0,3
17810,2020-06-09,Provence-Alpes-Côte d'Azur,93.0,0
17811,2020-06-10,Provence-Alpes-Côte d'Azur,93.0,0
17812,2020-06-11,Provence-Alpes-Côte d'Azur,93.0,0
17813,2020-06-12,Provence-Alpes-Côte d'Azur,93.0,0
17814,2020-06-13,Provence-Alpes-Côte d'Azur,93.0,0
17815,2020-06-14,Provence-Alpes-Côte d'Azur,93.0,0
17816,2020-06-15,Provence-Alpes-Côte d'Azur,93.0,0
17817,2020-06-16,Provence-Alpes-Côte d'Azur,93.0,1
17818,2020-06-17,Provence-Alpes-Côte d'Azur,93.0,1
17819,2020-06-18,Provence-Alpes-Côte d'Azur,93.0,2
17820,2020-06-19,Provence-Alpes-Côte d'Azur,93.0,1
17821,2020-06-20,Provence-Alpes-Côte d'Azur,93.0,1
17822,2020-06-21,Provence-Alpes-Côte d'Azur,93.0,0
17823,2020-06-22,Provence-Alpes-Côte d'Azur,93.0,1
17824,2020-06-23,Provence-Alpes-Côte d'Azur,93.0,0
17825,2020-06-24,Provence-Alpes-Côte d'Azur,93.0,1
17826,2020-06-25,Provence-Alpes-Côte d'Azur,93.0,0
17827,2020-06-26,Provence-Alpes-Côte d'Azur,93.0,0
17828,2020-06-27,Provence-Alpes-Côte d'Azur,93.0,0
17829,2020-06-28,Provence-Alpes-Côte d'Azur,93.0,0
17830,2020-06-29,Provence-Alpes-Côte d'Azur,93.0,0
17831,2020-06-30,Provence-Alpes-Côte d'Azur,93.0,0
17832,2020-07-01,Provence-Alpes-Côte d'Azur,93.0,0
17833,2020-07-02,Provence-Alpes-Côte d'Azur,93.0,1
17834,2020-07-03,Provence-Alpes-Côte d'Azur,93.0,0
17835,2020-07-04,Provence-Alpes-Côte d'Azur,93.0,0
17836,2020-07-05,Provence-Alpes-Côte d'Azur,93.0,0
17837,2020-07-06,Provence-Alpes-Côte d'Azur,93.0,0
17838,2020-07-07,Provence-Alpes-Côte d'Azur,93.0,0
17839,2020-07-08,Provence-Alpes-Côte d'Azur,93.0,4
17840,2020-07-09,Provence-Alpes-Côte d'Azur,93.0,1
17841,2020-07-10,Provence-Alpes-Côte d'Azur,93.0,0
17842,2020-07-11,Provence-Alpes-Côte d'Azur,93.0,0
17843,2020-07-12,Provence-Alpes-Côte d'Azur,93.0,0
17844,2020-07-13,Provence-Alpes-Côte d'Azur,93.0,0
17845,2020-07-14,Provence-Alpes-Côte d'Azur,93.0,0
17846,2020-07-15,Provence-Alpes-Côte d'Azur,93.0,0
17847,2020-07-16,Provence-Alpes-Côte d'Azur,93.0,3
17848,2020-07-17,Provence-Alpes-Côte d'Azur,93.0,1
17849,2020-07-18,Provence-Alpes-Côte d'Azur,93.0,0
17850,2020-07-19,Provence-Alpes-Côte d'Azur,93.0,0
17851,2020-07-20,Provence-Alpes-Côte d'Azur,93.0,3
17852,2020-07-21,Provence-Alpes-Côte d'Azur,93.0,1
17853,2020-07-22,Provence-Alpes-Côte d'Azur,93.0,0
17854,2020-07-23,Provence-Alpes-Côte d'Azur,93.0,2
17855,2020-07-24,Provence-Alpes-Côte d'Azur,93.0,2
17856,2020-07-25,Provence-Alpes-Côte d'Azur,93.0,0
17857,2020-07-26,Provence-Alpes-Côte d'Azur,93.0,0
17858,2020-07-27,Provence-Alpes-Côte d'Azur,93.0,4
17859,2020-07-28,Provence-Alpes-Côte d'Azur,93.0,0
17860,2020-07-29,Provence-Alpes-Côte d'Azur,93.0,0
17861,2020-07-30,Provence-Alpes-Côte d'Azur,93.0,2
17862,2020-07-31,Provence-Alpes-Côte d'Azur,93.0,1
17863,2020-08-01,Provence-Alpes-Côte d'Azur,93.0,0
17864,2020-08-02,Provence-Alpes-Côte d'Azur,93.0,0
17865,2020-08-03,Provence-Alpes-Côte d'Azur,93.0,0
17866,2020-08-04,Provence-Alpes-Côte d'Azur,93.0,0
17867,2020-08-05,Provence-Alpes-Côte d'Azur,93.0,0
17868,2020-08-06,Provence-Alpes-Côte d'Azur,93.0,1
17869,2020-08-07,Provence-Alpes-Côte d'Azur,93.0,2
17870,2020-08-08,Provence-Alpes-Côte d'Azur,93.0,0
17871,2020-08-09,Provence-Alpes-Côte d'Azur,93.0,0
17872,2020-08-10,Provence-Alpes-Côte d'Azur,93.0,0
17873,2020-08-11,Provence-Alpes-Côte d'Azur,93.0,1
17874,2020-08-12,Provence-Alpes-Côte d'Azur,93.0,1
17875,2020-08-13,Provence-Alpes-Côte d'Azur,93.0,1
17876,2020-08-14,Provence-Alpes-Côte d'Azur,93.0,4
17877,2020-08-15,Provence-Alpes-Côte d'Azur,93.0,1
17878,2020-08-16,Provence-Alpes-Côte d'Azur,93.0,0
17879,2020-08-17,Provence-Alpes-Côte d'Azur,93.0,2
17880,2020-08-18,Provence-Alpes-Côte d'Azur,93.0,3
17881,2020-08-19,Provence-Alpes-Côte d'Azur,93.0,8
17882,2020-08-20,Provence-Alpes-Côte d'Azur,93.0,2
17883,2020-08-21,Provence-Alpes-Côte d'Azur,93.0,6
17884,2020-08-22,Provence-Alpes-Côte d'Azur,93.0,2
17885,2020-08-23,Provence-Alpes-Côte d'Azur,93.0,2
17886,2020-08-24,Provence-Alpes-Côte d'Azur,93.0,8
17887,2020-08-25,Provence-Alpes-Côte d'Azur,93.0,9
17888,2020-08-26,Provence-Alpes-Côte d'Azur,93.0,4
17889,2020-08-27,Provence-Alpes-Côte d'Azur,93.0,9
17890,2020-08-28,Provence-Alpes-Côte d'Azur,93.0,4
17891,2020-08-29,Provence-Alpes-Côte d'Azur,93.0,2
17892,2020-08-30,Provence-Alpes-Côte d'Azur,93.0,0
17893,2020-08-31,Provence-Alpes-Côte d'Azur,93.0,11
17894,2020-09-01,Provence-Alpes-Côte d'Azur,93.0,13
17895,2020-09-02,Provence-Alpes-Côte d'Azur,93.0,12
17896,2020-09-03,Provence-Alpes-Côte d'Azur,93.0,11
17897,2020-09-04,Provence-Alpes-Côte d'Azur,93.0,6
17898,2020-09-05,Provence-Alpes-Côte d'Azur,93.0,4
17899,2020-09-06,Provence-Alpes-Côte d'Azur,93.0,1
17900,2020-09-07,Provence-Alpes-Côte d'Azur,93.0,23
17901,2020-09-08,Provence-Alpes-Côte d'Azur,93.0,15
17902,2020-09-09,Provence-Alpes-Côte d'Azur,93.0,17
17903,2020-09-10,Provence-Alpes-Côte d'Azur,93.0,6
17904,2020-09-11,Provence-Alpes-Côte d'Azur,93.0,17
17905,2020-09-12,Provence-Alpes-Côte d'Azur,93.0,13
17906,2020-09-13,Provence-Alpes-Côte d'Azur,93.0,1
17907,2020-09-14,Provence-Alpes-Côte d'Azur,93.0,27
17908,2020-09-15,Provence-Alpes-Côte d'Azur,93.0,14
17909,2020-09-16,Provence-Alpes-Côte d'Azur,93.0,10
17910,2020-09-17,Provence-Alpes-Côte d'Azur,93.0,12
17911,2020-09-18,Provence-Alpes-Côte d'Azur,93.0,23
17912,2020-09-19,Provence-Alpes-Côte d'Azur,93.0,9
17913,2020-09-20,Provence-Alpes-Côte d'Azur,93.0,1
17914,2020-09-21,Provence-Alpes-Côte d'Azur,93.0,29
17915,2020-09-22,Provence-Alpes-Côte d'Azur,93.0,14
17916,2020-09-23,Provence-Alpes-Côte d'Azur,93.0,6
17917,2020-09-24,Provence-Alpes-Côte d'Azur,93.0,17
17918,2020-09-25,Provence-Alpes-Côte d'Azur,93.0,13
17919,2020-09-26,Provence-Alpes-Côte d'Azur,93.0,15
17920,2020-09-27,Provence-Alpes-Côte d'Azur,93.0,3
17921,2020-09-28,Provence-Alpes-Côte d'Azur,93.0,19
17922,2020-09-29,Provence-Alpes-Côte d'Azur,93.0,19
17923,2020-09-30,Provence-Alpes-Côte d'Azur,93.0,13
17924,2020-10-01,Provence-Alpes-Côte d'Azur,93.0,17
17925,2020-10-02,Provence-Alpes-Côte d'Azur,93.0,8
17926,2020-10-03,Provence-Alpes-Côte d'Azur,93.0,9
17927,2020-10-04,Provence-Alpes-Côte d'Azur,93.0,10
17928,2020-10-05,Provence-Alpes-Côte d'Azur,93.0,18
17929,2020-10-06,Provence-Alpes-Côte d'Azur,93.0,23
17930,2020-10-07,Provence-Alpes-Côte d'Azur,93.0,8
17931,2020-10-08,Provence-Alpes-Côte d'Azur,93.0,20
17932,2020-10-09,Provence-Alpes-Côte d'Azur,93.0,13
17933,2020-10-10,Provence-Alpes-Côte d'Azur,93.0,9
17934,2020-10-11,Provence-Alpes-Côte d'Azur,93.0,4
17935,2020-10-12,Provence-Alpes-Côte d'Azur,93.0,19
17936,2020-10-13,Provence-Alpes-Côte d'Azur,93.0,19
17937,2020-10-14,Provence-Alpes-Côte d'Azur,93.0,20
17938,2020-10-15,Provence-Alpes-Côte d'Azur,93.0,18
17939,2020-10-16,Provence-Alpes-Côte d'Azur,93.0,20
17940,2020-10-17,Provence-Alpes-Côte d'Azur,93.0,18
17941,2020-10-18,Provence-Alpes-Côte d'Azur,93.0,14
17942,2020-10-19,Provence-Alpes-Côte d'Azur,93.0,33
17943,2020-10-20,Provence-Alpes-Côte d'Azur,93.0,17
17944,2020-10-21,Provence-Alpes-Côte d'Azur,93.0,27
17945,2020-10-22,Provence-Alpes-Côte d'Azur,93.0,30
17946,2020-10-23,Provence-Alpes-Côte d'Azur,93.0,34
17947,2020-10-24,Provence-Alpes-Côte d'Azur,93.0,21
17948,2020-10-25,Provence-Alpes-Côte d'Azur,93.0,21
17949,2020-10-26,Provence-Alpes-Côte d'Azur,93.0,39
17950,2020-10-27,Provence-Alpes-Côte d'Azur,93.0,32
17951,2020-10-28,Provence-Alpes-Côte d'Azur,93.0,41
17952,2020-10-29,Provence-Alpes-Côte d'Azur,93.0,35
17953,2020-10-30,Provence-Alpes-Côte d'Azur,93.0,45
17954,2020-10-31,Provence-Alpes-Côte d'Azur,93.0,34
17955,2020-11-01,Provence-Alpes-Côte d'Azur,93.0,24
17956,2020-11-02,Provence-Alpes-Côte d'Azur,93.0,42
17957,2020-11-03,Provence-Alpes-Côte d'Azur,93.0,46
17958,2020-11-04,Provence-Alpes-Côte d'Azur,93.0,66
17959,2020-11-05,Provence-Alpes-Côte d'Azur,93.0,34
17960,2020-11-06,Provence-Alpes-Côte d'Azur,93.0,49
17961,2020-11-07,Provence-Alpes-Côte d'Azur,93.0,43
17962,2020-11-08,Provence-Alpes-Côte d'Azur,93.0,32
17963,2020-11-09,Provence-Alpes-Côte d'Azur,93.0,58
17964,2020-11-10,Provence-Alpes-Côte d'Azur,93.0,46
17965,2020-11-11,Provence-Alpes-Côte d'Azur,93.0,35
17966,2020-11-12,Provence-Alpes-Côte d'Azur,93.0,42
17967,2020-11-13,Provence-Alpes-Côte d'Azur,93.0,58
17968,2020-11-14,Provence-Alpes-Côte d'Azur,93.0,29
17969,2020-11-15,Provence-Alpes-Côte d'Azur,93.0,17
17970,2020-11-16,Provence-Alpes-Côte d'Azur,93.0,47
17971,2020-11-17,Provence-Alpes-Côte d'Azur,93.0,25
17972,2020-11-18,Provence-Alpes-Côte d'Azur,93.0,26
17973,2020-11-19,Provence-Alpes-Côte d'Azur,93.0,39
17974,2020-11-20,Provence-Alpes-Côte d'Azur,93.0,20
17975,2020-11-21,Provence-Alpes-Côte d'Azur,93.0,19
17976,2020-11-22,Provence-Alpes-Côte d'Azur,93.0,17
17977,2020-11-23,Provence-Alpes-Côte d'Azur,93.0,19
17978,2020-11-24,Provence-Alpes-Côte d'Azur,93.0,29
17979,2020-11-25,Provence-Alpes-Côte d'Azur,93.0,14
17980,2020-11-26,Provence-Alpes-Côte d'Azur,93.0,23
17981,2020-11-27,Provence-Alpes-Côte d'Azur,93.0,17
17982,2020-11-28,Provence-Alpes-Côte d'Azur,93.0,10
17983,2020-11-29,Provence-Alpes-Côte d'Azur,93.0,8
17984,2020-11-30,Provence-Alpes-Côte d'Azur,93.0,27
17985,2020-12-01,Provence-Alpes-Côte d'Azur,93.0,27
17986,2020-12-02,Provence-Alpes-Côte d'Azur,93.0,24
17987,2020-12-03,Provence-Alpes-Côte d'Azur,93.0,29
17988,2020-12-04,Provence-Alpes-Côte d'Azur,93.0,13
17989,2020-12-05,Provence-Alpes-Côte d'Azur,93.0,13
17990,2020-12-06,Provence-Alpes-Côte d'Azur,93.0,18
17991,2020-12-07,Provence-Alpes-Côte d'Azur,93.0,22
17992,2020-12-08,Provence-Alpes-Côte d'Azur,93.0,26
17993,2020-12-09,Provence-Alpes-Côte d'Azur,93.0,12
17994,2020-12-10,Provence-Alpes-Côte d'Azur,93.0,16
17995,2020-12-11,Provence-Alpes-Côte d'Azur,93.0,14
17996,2020-12-12,Provence-Alpes-Côte d'Azur,93.0,13
17997,2020-12-13,Provence-Alpes-Côte d'Azur,93.0,11
17998,2020-12-14,Provence-Alpes-Côte d'Azur,93.0,21
17999,2020-12-15,Provence-Alpes-Côte d'Azur,93.0,23
18000,2020-12-16,Provence-Alpes-Côte d'Azur,93.0,21
18001,2020-12-17,Provence-Alpes-Côte d'Azur,93.0,12
18002,2020-12-18,Provence-Alpes-Côte d'Azur,93.0,14
18003,2020-12-19,Provence-Alpes-Côte d'Azur,93.0,14
18004,2020-12-20,Provence-Alpes-Côte d'Azur,93.0,11
18005,2020-12-21,Provence-Alpes-Côte d'Azur,93.0,20
18006,2020-12-22,Provence-Alpes-Côte d'Azur,93.0,23
18007,2020-12-23,Provence-Alpes-Côte d'Azur,93.0,21
18008,2020-12-24,Provence-Alpes-Côte d'Azur,93.0,20
18009,2020-12-25,Provence-Alpes-Côte d'Azur,93.0,9
18010,2020-12-26,Provence-Alpes-Côte d'Azur,93.0,9
18011,2020-12-27,Provence-Alpes-Côte d'Azur,93.0,15
18012,2020-12-28,Provence-Alpes-Côte d'Azur,93.0,32
18013,2020-12-29,Provence-Alpes-Côte d'Azur,93.0,28
18014,2020-12-30,Provence-Alpes-Côte d'Azur,93.0,21
18015,2020-12-31,Provence-Alpes-Côte d'Azur,93.0,22
18016,2021-01-01,Provence-Alpes-Côte d'Azur,93.0,11
18017,2021-01-02,Provence-Alpes-Côte d'Azur,93.0,12
18018,2021-01-03,Provence-Alpes-Côte d'Azur,93.0,10
18019,2021-01-04,Provence-Alpes-Côte d'Azur,93.0,22
18020,2021-01-05,Provence-Alpes-Côte d'Azur,93.0,28
18021,2021-01-06,Provence-Alpes-Côte d'Azur,93.0,37
18022,2021-01-07,Provence-Alpes-Côte d'Azur,93.0,27
18023,2021-01-08,Provence-Alpes-Côte d'Azur,93.0,25
18024,2021-01-09,Provence-Alpes-Côte d'Azur,93.0,18
18025,2021-01-10,Provence-Alpes-Côte d'Azur,93.0,16
18026,2021-01-11,Provence-Alpes-Côte d'Azur,93.0,30
18027,2021-01-12,Provence-Alpes-Côte d'Azur,93.0,31
18028,2021-01-13,Provence-Alpes-Côte d'Azur,93.0,36
18029,2021-01-14,Provence-Alpes-Côte d'Azur,93.0,16
18030,2021-01-15,Provence-Alpes-Côte d'Azur,93.0,36
18031,2021-01-16,Provence-Alpes-Côte d'Azur,93.0,26
18032,2021-01-17,Provence-Alpes-Côte d'Azur,93.0,13
18033,2021-01-18,Provence-Alpes-Côte d'Azur,93.0,31
18034,2021-01-19,Provence-Alpes-Côte d'Azur,93.0,41
18035,2021-01-20,Provence-Alpes-Côte d'Azur,93.0,34
18036,2021-01-21,Provence-Alpes-Côte d'Azur,93.0,31
18037,2021-01-22,Provence-Alpes-Côte d'Azur,93.0,22
18038,2021-01-23,Provence-Alpes-Côte d'Azur,93.0,31
18039,2021-01-24,Provence-Alpes-Côte d'Azur,93.0,23
18040,2021-01-25,Provence-Alpes-Côte d'Azur,93.0,46
18041,2021-01-26,Provence-Alpes-Côte d'Azur,93.0,47
18042,2021-01-27,Provence-Alpes-Côte d'Azur,93.0,41
18043,2021-01-28,Provence-Alpes-Côte d'Azur,93.0,30
18044,2021-01-29,Provence-Alpes-Côte d'Azur,93.0,31
18045,2021-01-30,Provence-Alpes-Côte d'Azur,93.0,30
18046,2021-01-31,Provence-Alpes-Côte d'Azur,93.0,13
18047,2021-02-01,Provence-Alpes-Côte d'Azur,93.0,37
18048,2021-02-02,Provence-Alpes-Côte d'Azur,93.0,48
18049,2021-02-03,Provence-Alpes-Côte d'Azur,93.0,33
18050,2021-02-04,Provence-Alpes-Côte d'Azur,93.0,37
18051,2021-02-05,Provence-Alpes-Côte d'Azur,93.0,40
18052,2021-02-06,Provence-Alpes-Côte d'Azur,93.0,19
18053,2021-02-07,Provence-Alpes-Côte d'Azur,93.0,23
18054,2021-02-08,Provence-Alpes-Côte d'Azur,93.0,45
18055,2021-02-09,Provence-Alpes-Côte d'Azur,93.0,44
18056,2021-02-10,Provence-Alpes-Côte d'Azur,93.0,33
18057,2021-02-11,Provence-Alpes-Côte d'Azur,93.0,32
18058,2021-02-12,Provence-Alpes-Côte d'Azur,93.0,40
18059,2021-02-13,Provence-Alpes-Côte d'Azur,93.0,20
18060,2021-02-14,Provence-Alpes-Côte d'Azur,93.0,15
18061,2021-02-15,Provence-Alpes-Côte d'Azur,93.0,41
18062,2021-02-16,Provence-Alpes-Côte d'Azur,93.0,49
18063,2021-02-17,Provence-Alpes-Côte d'Azur,93.0,36
18064,2021-02-18,Provence-Alpes-Côte d'Azur,93.0,33
18065,2021-02-19,Provence-Alpes-Côte d'Azur,93.0,49
18066,2021-02-20,Provence-Alpes-Côte d'Azur,93.0,25
18067,2021-02-21,Provence-Alpes-Côte d'Azur,93.0,21
18068,2021-02-22,Provence-Alpes-Côte d'Azur,93.0,42
18069,2021-02-23,Provence-Alpes-Côte d'Azur,93.0,37
18070,2021-02-24,Provence-Alpes-Côte d'Azur,93.0,41
18071,2021-02-25,Provence-Alpes-Côte d'Azur,93.0,41
18072,2021-02-26,Provence-Alpes-Côte d'Azur,93.0,46
18073,2021-02-27,Provence-Alpes-Côte d'Azur,93.0,25
18074,2021-02-28,Provence-Alpes-Côte d'Azur,93.0,30
18075,2021-03-01,Provence-Alpes-Côte d'Azur,93.0,37
18076,2021-03-02,Provence-Alpes-Côte d'Azur,93.0,49
18077,2021-03-03,Provence-Alpes-Côte d'Azur,93.0,49
18078,2021-03-04,Provence-Alpes-Côte d'Azur,93.0,45
18079,2021-03-05,Provence-Alpes-Côte d'Azur,93.0,31
18080,2021-03-06,Provence-Alpes-Côte d'Azur,93.0,34
18081,2021-03-07,Provence-Alpes-Côte d'Azur,93.0,24
18082,2021-03-08,Provence-Alpes-Côte d'Azur,93.0,41
18083,2021-03-09,Provence-Alpes-Côte d'Azur,93.0,43
18084,2021-03-10,Provence-Alpes-Côte d'Azur,93.0,38
18085,2021-03-11,Provence-Alpes-Côte d'Azur,93.0,46
18086,2021-03-12,Provence-Alpes-Côte d'Azur,93.0,41
18087,2021-03-13,Provence-Alpes-Côte d'Azur,93.0,32
18088,2021-03-14,Provence-Alpes-Côte d'Azur,93.0,18
18089,2021-03-15,Provence-Alpes-Côte d'Azur,93.0,57
18090,2021-03-16,Provence-Alpes-Côte d'Azur,93.0,41
18091,2021-03-17,Provence-Alpes-Côte d'Azur,93.0,44
18092,2021-03-18,Provence-Alpes-Côte d'Azur,93.0,34
18093,2021-03-19,Provence-Alpes-Côte d'Azur,93.0,30
18094,2021-03-20,Provence-Alpes-Côte d'Azur,93.0,23
18095,2021-03-21,Provence-Alpes-Côte d'Azur,93.0,17
18096,2021-03-22,Provence-Alpes-Côte d'Azur,93.0,47
18097,2021-03-23,Provence-Alpes-Côte d'Azur,93.0,52
18098,2021-03-24,Provence-Alpes-Côte d'Azur,93.0,38
18099,2021-03-25,Provence-Alpes-Côte d'Azur,93.0,37
18100,2021-03-26,Provence-Alpes-Côte d'Azur,93.0,35
18101,2021-03-27,Provence-Alpes-Côte d'Azur,93.0,40
18102,2021-03-28,Provence-Alpes-Côte d'Azur,93.0,27
18103,2021-03-29,Provence-Alpes-Côte d'Azur,93.0,48
18104,2021-03-30,Provence-Alpes-Côte d'Azur,93.0,54
18105,2021-03-31,Provence-Alpes-Côte d'Azur,93.0,58
18106,2021-04-01,Provence-Alpes-Côte d'Azur,93.0,42
18107,2021-04-02,Provence-Alpes-Côte d'Azur,93.0,32
18108,2021-04-03,Provence-Alpes-Côte d'Azur,93.0,49
18109,2021-04-04,Provence-Alpes-Côte d'Azur,93.0,34
18110,2021-04-05,Provence-Alpes-Côte d'Azur,93.0,30
18111,2021-04-06,Provence-Alpes-Côte d'Azur,93.0,57
18112,2021-04-07,Provence-Alpes-Côte d'Azur,93.0,47
18113,2021-04-08,Provence-Alpes-Côte d'Azur,93.0,38
18114,2021-04-09,Provence-Alpes-Côte d'Azur,93.0,43
18115,2021-04-10,Provence-Alpes-Côte d'Azur,93.0,32
18116,2021-04-11,Provence-Alpes-Côte d'Azur,93.0,21
18117,2021-04-12,Provence-Alpes-Côte d'Azur,93.0,47
18118,2021-04-13,Provence-Alpes-Côte d'Azur,93.0,52
18119,2021-04-14,Provence-Alpes-Côte d'Azur,93.0,41
18120,2021-04-15,Provence-Alpes-Côte d'Azur,93.0,41
18121,2021-04-16,Provence-Alpes-Côte d'Azur,93.0,56
18122,2021-04-17,Provence-Alpes-Côte d'Azur,93.0,27
18123,2021-04-18,Provence-Alpes-Côte d'Azur,93.0,23
18124,2021-04-19,Provence-Alpes-Côte d'Azur,93.0,39
18125,2021-04-20,Provence-Alpes-Côte d'Azur,93.0,52
18126,2021-04-21,Provence-Alpes-Côte d'Azur,93.0,45
18127,2021-04-22,Provence-Alpes-Côte d'Azur,93.0,31
18128,2021-04-23,Provence-Alpes-Côte d'Azur,93.0,32
18129,2021-04-24,Provence-Alpes-Côte d'Azur,93.0,32
18130,2021-04-25,Provence-Alpes-Côte d'Azur,93.0,23
18131,2021-04-26,Provence-Alpes-Côte d'Azur,93.0,40
18132,2021-04-27,Provence-Alpes-Côte d'Azur,93.0,40
18133,2021-04-28,Provence-Alpes-Côte d'Azur,93.0,27
18134,2021-04-29,Provence-Alpes-Côte d'Azur,93.0,24
18135,2021-04-30,Provence-Alpes-Côte d'Azur,93.0,20
18136,2021-05-01,Provence-Alpes-Côte d'Azur,93.0,26
18137,2021-05-02,Provence-Alpes-Côte d'Azur,93.0,21
18138,2021-05-03,Provence-Alpes-Côte d'Azur,93.0,28
18139,2021-05-04,Provence-Alpes-Côte d'Azur,93.0,26
18140,2021-05-05,Provence-Alpes-Côte d'Azur,93.0,24
18141,2021-05-06,Provence-Alpes-Côte d'Azur,93.0,28
18142,2021-05-07,Provence-Alpes-Côte d'Azur,93.0,19
18143,2021-05-08,Provence-Alpes-Côte d'Azur,93.0,15
18144,2021-05-09,Provence-Alpes-Côte d'Azur,93.0,10
18145,2021-05-10,Provence-Alpes-Côte d'Azur,93.0,18
18146,2021-05-11,Provence-Alpes-Côte d'Azur,93.0,20
18147,2021-05-12,Provence-Alpes-Côte d'Azur,93.0,12
18148,2021-05-13,Provence-Alpes-Côte d'Azur,93.0,7
18149,2021-05-14,Provence-Alpes-Côte d'Azur,93.0,20
18150,2021-05-15,Provence-Alpes-Côte d'Azur,93.0,11
18151,2021-05-16,Provence-Alpes-Côte d'Azur,93.0,3
18152,2021-05-17,Provence-Alpes-Côte d'Azur,93.0,19
18153,2021-05-18,Provence-Alpes-Côte d'Azur,93.0,14
18154,2021-05-19,Provence-Alpes-Côte d'Azur,93.0,15
18155,2021-05-20,Provence-Alpes-Côte d'Azur,93.0,16
18156,2021-05-21,Provence-Alpes-Côte d'Azur,93.0,10
18157,2021-05-22,Provence-Alpes-Côte d'Azur,93.0,18
18158,2021-05-23,Provence-Alpes-Côte d'Azur,93.0,8
18159,2021-05-24,Provence-Alpes-Côte d'Azur,93.0,11
18160,2021-05-25,Provence-Alpes-Côte d'Azur,93.0,16
18161,2021-05-26,Provence-Alpes-Côte d'Azur,93.0,9
18162,2021-05-27,Provence-Alpes-Côte d'Azur,93.0,17
18163,2021-05-28,Provence-Alpes-Côte d'Azur,93.0,23
18164,2021-05-29,Provence-Alpes-Côte d'Azur,93.0,9
18165,2021-05-30,Provence-Alpes-Côte d'Azur,93.0,2
18166,2021-05-31,Provence-Alpes-Côte d'Azur,93.0,13
18167,2021-06-01,Provence-Alpes-Côte d'Azur,93.0,9
18168,2021-06-02,Provence-Alpes-Côte d'Azur,93.0,7
18169,2021-06-03,Provence-Alpes-Côte d'Azur,93.0,5
18170,2021-06-04,Provence-Alpes-Côte d'Azur,93.0,2
18171,2021-06-05,Provence-Alpes-Côte d'Azur,93.0,2
18172,2021-06-06,Provence-Alpes-Côte d'Azur,93.0,6
18173,2021-06-07,Provence-Alpes-Côte d'Azur,93.0,10
18174,2021-06-08,Provence-Alpes-Côte d'Azur,93.0,11
18175,2021-06-09,Provence-Alpes-Côte d'Azur,93.0,4
18176,2021-06-10,Provence-Alpes-Côte d'Azur,93.0,2
18177,2021-06-11,Provence-Alpes-Côte d'Azur,93.0,5
18178,2021-06-12,Provence-Alpes-Côte d'Azur,93.0,1
18179,2021-06-13,Provence-Alpes-Côte d'Azur,93.0,0
18180,2021-06-14,Provence-Alpes-Côte d'Azur,93.0,5
18181,2021-06-15,Provence-Alpes-Côte d'Azur,93.0,7
18182,2021-06-16,Provence-Alpes-Côte d'Azur,93.0,4
18183,2021-06-17,Provence-Alpes-Côte d'Azur,93.0,3
18184,2021-06-18,Provence-Alpes-Côte d'Azur,93.0,5
18185,2021-06-19,Provence-Alpes-Côte d'Azur,93.0,3
18186,2021-06-20,Provence-Alpes-Côte d'Azur,93.0,0
18187,2021-06-21,Provence-Alpes-Côte d'Azur,93.0,4
18188,2021-06-22,Provence-Alpes-Côte d'Azur,93.0,4
18189,2021-06-23,Provence-Alpes-Côte d'Azur,93.0,5
18190,2021-06-24,Provence-Alpes-Côte d'Azur,93.0,10
18191,2021-06-25,Provence-Alpes-Côte d'Azur,93.0,2
18192,2021-06-26,Provence-Alpes-Côte d'Azur,93.0,1
18193,2021-06-27,Provence-Alpes-Côte d'Azur,93.0,0
18194,2021-06-28,Provence-Alpes-Côte d'Azur,93.0,6
18195,2021-06-29,Provence-Alpes-Côte d'Azur,93.0,3
18196,2021-06-30,Provence-Alpes-Côte d'Azur,93.0,1
18197,2021-07-01,Provence-Alpes-Côte d'Azur,93.0,3
18198,2021-07-02,Provence-Alpes-Côte d'Azur,93.0,0
18199,2021-07-03,Provence-Alpes-Côte d'Azur,93.0,1
18200,2021-07-04,Provence-Alpes-Côte d'Azur,93.0,1
18201,2021-07-05,Provence-Alpes-Côte d'Azur,93.0,6
18202,2021-07-06,Provence-Alpes-Côte d'Azur,93.0,5
18203,2021-07-07,Provence-Alpes-Côte d'Azur,93.0,3
18204,2021-07-08,Provence-Alpes-Côte d'Azur,93.0,2
18205,2021-07-09,Provence-Alpes-Côte d'Azur,93.0,3
18206,2021-07-10,Provence-Alpes-Côte d'Azur,93.0,1
18207,2021-07-11,Provence-Alpes-Côte d'Azur,93.0,0
18208,2021-07-12,Provence-Alpes-Côte d'Azur,93.0,7
18209,2021-07-13,Provence-Alpes-Côte d'Azur,93.0,4
18210,2021-07-14,Provence-Alpes-Côte d'Azur,93.0,3
18211,2021-07-15,Provence-Alpes-Côte d'Azur,93.0,3
18212,2021-07-16,Provence-Alpes-Côte d'Azur,93.0,6
18213,2021-07-17,Provence-Alpes-Côte d'Azur,93.0,0
18214,2021-07-18,Provence-Alpes-Côte d'Azur,93.0,2
18215,2021-07-19,Provence-Alpes-Côte d'Azur,93.0,9
18216,2021-07-20,Provence-Alpes-Côte d'Azur,93.0,7
18217,2021-07-21,Provence-Alpes-Côte d'Azur,93.0,6
18218,2021-07-22,Provence-Alpes-Côte d'Azur,93.0,8
18219,2021-07-23,Provence-Alpes-Côte d'Azur,93.0,12
18220,2021-07-24,Provence-Alpes-Côte d'Azur,93.0,2
18221,2021-07-25,Provence-Alpes-Côte d'Azur,93.0,3
18222,2021-07-26,Provence-Alpes-Côte d'Azur,93.0,30
18223,2021-07-27,Provence-Alpes-Côte d'Azur,93.0,12
18224,2021-07-28,Provence-Alpes-Côte d'Azur,93.0,11
18225,2021-07-29,Provence-Alpes-Côte d'Azur,93.0,13
18226,2021-07-30,Provence-Alpes-Côte d'Azur,93.0,27
18227,2021-07-31,Provence-Alpes-Côte d'Azur,93.0,11
18228,2021-08-01,Provence-Alpes-Côte d'Azur,93.0,11
18229,2021-08-02,Provence-Alpes-Côte d'Azur,93.0,36
18230,2021-08-03,Provence-Alpes-Côte d'Azur,93.0,42
18231,2021-08-04,Provence-Alpes-Côte d'Azur,93.0,19
18232,2021-08-05,Provence-Alpes-Côte d'Azur,93.0,27
18233,2021-08-06,Provence-Alpes-Côte d'Azur,93.0,24
18234,2021-08-07,Provence-Alpes-Côte d'Azur,93.0,39
18235,2021-08-08,Provence-Alpes-Côte d'Azur,93.0,12
18236,2021-08-09,Provence-Alpes-Côte d'Azur,93.0,45
18237,2021-08-10,Provence-Alpes-Côte d'Azur,93.0,36
18238,2021-08-11,Provence-Alpes-Côte d'Azur,93.0,26
18239,2021-08-12,Provence-Alpes-Côte d'Azur,93.0,31
18240,2021-08-13,Provence-Alpes-Côte d'Azur,93.0,23
18241,2021-08-14,Provence-Alpes-Côte d'Azur,93.0,26
18242,2021-08-15,Provence-Alpes-Côte d'Azur,93.0,19
18243,2021-08-16,Provence-Alpes-Côte d'Azur,93.0,23
18244,2021-08-17,Provence-Alpes-Côte d'Azur,93.0,47
18245,2021-08-18,Provence-Alpes-Côte d'Azur,93.0,38
18246,2021-08-19,Provence-Alpes-Côte d'Azur,93.0,28
18247,2021-08-20,Provence-Alpes-Côte d'Azur,93.0,26
18248,2021-08-21,Provence-Alpes-Côte d'Azur,93.0,25
18249,2021-08-22,Provence-Alpes-Côte d'Azur,93.0,22
18250,2021-08-23,Provence-Alpes-Côte d'Azur,93.0,37
18251,2021-08-24,Provence-Alpes-Côte d'Azur,93.0,29
18252,2021-08-25,Provence-Alpes-Côte d'Azur,93.0,27
18253,2021-08-26,Provence-Alpes-Côte d'Azur,93.0,30
18254,2021-08-27,Provence-Alpes-Côte d'Azur,93.0,28
18255,2021-08-28,Provence-Alpes-Côte d'Azur,93.0,31
18256,2021-08-29,Provence-Alpes-Côte d'Azur,93.0,15
18257,2021-08-30,Provence-Alpes-Côte d'Azur,93.0,30
18258,2021-08-31,Provence-Alpes-Côte d'Azur,93.0,30
18259,2021-09-01,Provence-Alpes-Côte d'Azur,93.0,27
18260,2021-09-02,Provence-Alpes-Côte d'Azur,93.0,16
18261,2021-09-03,Provence-Alpes-Côte d'Azur,93.0,22
18262,2021-09-04,Provence-Alpes-Côte d'Azur,93.0,18
18263,2021-09-05,Provence-Alpes-Côte d'Azur,93.0,13
18264,2021-09-06,Provence-Alpes-Côte d'Azur,93.0,34
18265,2021-09-07,Provence-Alpes-Côte d'Azur,93.0,28
18266,2021-09-08,Provence-Alpes-Côte d'Azur,93.0,26
18267,2021-09-09,Provence-Alpes-Côte d'Azur,93.0,19
18268,2021-09-10,Provence-Alpes-Côte d'Azur,93.0,24
18269,2021-09-11,Provence-Alpes-Côte d'Azur,93.0,12
18270,2021-09-12,Provence-Alpes-Côte d'Azur,93.0,9
18271,2021-09-13,Provence-Alpes-Côte d'Azur,93.0,30
18272,2021-09-14,Provence-Alpes-Côte d'Azur,93.0,16
18273,2021-09-15,Provence-Alpes-Côte d'Azur,93.0,14
18274,2021-09-16,Provence-Alpes-Côte d'Azur,93.0,17
18275,2021-09-17,Provence-Alpes-Côte d'Azur,93.0,13
18276,2021-09-18,Provence-Alpes-Côte d'Azur,93.0,9
18277,2021-09-19,Provence-Alpes-Côte d'Azur,93.0,8
18278,2021-09-20,Provence-Alpes-Côte d'Azur,93.0,23
18279,2021-09-21,Provence-Alpes-Côte d'Azur,93.0,10
18280,2021-09-22,Provence-Alpes-Côte d'Azur,93.0,7
18281,2021-09-23,Provence-Alpes-Côte d'Azur,93.0,11
18282,2021-09-24,Provence-Alpes-Côte d'Azur,93.0,12
18283,2021-09-25,Provence-Alpes-Côte d'Azur,93.0,6
18284,2021-09-26,Provence-Alpes-Côte d'Azur,93.0,8
18285,2021-09-27,Provence-Alpes-Côte d'Azur,93.0,10
18286,2021-09-28,Provence-Alpes-Côte d'Azur,93.0,9
18287,2021-09-29,Provence-Alpes-Côte d'Azur,93.0,6
18288,2021-09-30,Provence-Alpes-Côte d'Azur,93.0,6
18289,2021-10-01,Provence-Alpes-Côte d'Azur,93.0,7
18290,2021-10-02,Provence-Alpes-Côte d'Azur,93.0,4
18291,2021-10-03,Provence-Alpes-Côte d'Azur,93.0,6
18292,2021-10-04,Provence-Alpes-Côte d'Azur,93.0,6
18293,2021-10-05,Provence-Alpes-Côte d'Azur,93.0,12
18294,2021-10-06,Provence-Alpes-Côte d'Azur,93.0,8
18295,2021-10-07,Provence-Alpes-Côte d'Azur,93.0,1
18296,2021-10-08,Provence-Alpes-Côte d'Azur,93.0,6
18297,2021-10-09,Provence-Alpes-Côte d'Azur,93.0,2
18298,2021-10-10,Provence-Alpes-Côte d'Azur,93.0,3
18299,2021-10-11,Provence-Alpes-Côte d'Azur,93.0,4
18300,2021-10-12,Provence-Alpes-Côte d'Azur,93.0,10
18301,2021-10-13,Provence-Alpes-Côte d'Azur,93.0,4
18302,2021-10-14,Provence-Alpes-Côte d'Azur,93.0,2
18303,2021-10-15,Provence-Alpes-Côte d'Azur,93.0,5
18304,2021-10-16,Provence-Alpes-Côte d'Azur,93.0,3
18305,2021-10-17,Provence-Alpes-Côte d'Azur,93.0,5
18306,2021-10-18,Provence-Alpes-Côte d'Azur,93.0,7
18307,2021-10-19,Provence-Alpes-Côte d'Azur,93.0,7
18308,2021-10-20,Provence-Alpes-Côte d'Azur,93.0,9
18309,2021-10-21,Provence-Alpes-Côte d'Azur,93.0,5
18310,2021-10-22,Provence-Alpes-Côte d'Azur,93.0,4
18311,2021-10-23,Provence-Alpes-Côte d'Azur,93.0,4
18312,2021-10-24,Provence-Alpes-Côte d'Azur,93.0,2
18313,2021-10-25,Provence-Alpes-Côte d'Azur,93.0,9
18314,2021-10-26,Provence-Alpes-Côte d'Azur,93.0,6
18315,2021-10-27,Provence-Alpes-Côte d'Azur,93.0,6
18316,2021-10-28,Provence-Alpes-Côte d'Azur,93.0,5
18317,2021-10-29,Provence-Alpes-Côte d'Azur,93.0,9
18318,2021-10-30,Provence-Alpes-Côte d'Azur,93.0,2
18319,2021-10-31,Provence-Alpes-Côte d'Azur,93.0,2
18320,2021-11-01,Provence-Alpes-Côte d'Azur,93.0,4
18321,2021-11-02,Provence-Alpes-Côte d'Azur,93.0,12
18322,2021-11-03,Provence-Alpes-Côte d'Azur,93.0,6
18323,2021-11-04,Provence-Alpes-Côte d'Azur,93.0,8
18324,2021-11-05,Provence-Alpes-Côte d'Azur,93.0,1
18325,2021-11-06,Provence-Alpes-Côte d'Azur,93.0,1
18326,2021-11-07,Provence-Alpes-Côte d'Azur,93.0,1
18327,2021-11-08,Provence-Alpes-Côte d'Azur,93.0,16
18328,2021-11-09,Provence-Alpes-Côte d'Azur,93.0,8
18329,2021-11-10,Provence-Alpes-Côte d'Azur,93.0,9
18330,2021-11-11,Provence-Alpes-Côte d'Azur,93.0,1
18331,2021-11-12,Provence-Alpes-Côte d'Azur,93.0,7
18332,2021-11-13,Provence-Alpes-Côte d'Azur,93.0,5
18333,2021-11-14,Provence-Alpes-Côte d'Azur,93.0,5
18334,2021-11-15,Provence-Alpes-Côte d'Azur,93.0,8
18335,2021-11-16,Provence-Alpes-Côte d'Azur,93.0,6
18336,2021-11-17,Provence-Alpes-Côte d'Azur,93.0,11
18337,2021-11-18,Provence-Alpes-Côte d'Azur,93.0,10
18338,2021-11-19,Provence-Alpes-Côte d'Azur,93.0,13
18339,2021-11-20,Provence-Alpes-Côte d'Azur,93.0,3
18340,2021-11-21,Provence-Alpes-Côte d'Azur,93.0,1
18341,2021-11-22,Provence-Alpes-Côte d'Azur,93.0,13
18342,2021-11-23,Provence-Alpes-Côte d'Azur,93.0,18
18343,2021-11-24,Provence-Alpes-Côte d'Azur,93.0,17
18344,2021-11-25,Provence-Alpes-Côte d'Azur,93.0,12
18345,2021-11-26,Provence-Alpes-Côte d'Azur,93.0,10
18346,2021-11-27,Provence-Alpes-Côte d'Azur,93.0,10
18347,2021-11-28,Provence-Alpes-Côte d'Azur,93.0,4
18348,2021-11-29,Provence-Alpes-Côte d'Azur,93.0,23
18349,2021-11-30,Provence-Alpes-Côte d'Azur,93.0,31
18350,2021-12-01,Provence-Alpes-Côte d'Azur,93.0,22
18351,2021-12-02,Provence-Alpes-Côte d'Azur,93.0,30
18352,2021-12-03,Provence-Alpes-Côte d'Azur,93.0,24
18353,2021-12-04,Provence-Alpes-Côte d'Azur,93.0,18
18354,2021-12-05,Provence-Alpes-Côte d'Azur,93.0,7
18355,2021-12-06,Provence-Alpes-Côte d'Azur,93.0,35
18356,2021-12-07,Provence-Alpes-Côte d'Azur,93.0,47
18357,2021-12-08,Provence-Alpes-Côte d'Azur,93.0,29
18358,2021-12-09,Provence-Alpes-Côte d'Azur,93.0,36
18359,2021-12-10,Provence-Alpes-Côte d'Azur,93.0,34
18360,2021-12-11,Provence-Alpes-Côte d'Azur,93.0,28
18361,2021-12-12,Provence-Alpes-Côte d'Azur,93.0,12
18362,2021-12-13,Provence-Alpes-Côte d'Azur,93.0,62
18363,2021-12-14,Provence-Alpes-Côte d'Azur,93.0,30
18364,2021-12-15,Provence-Alpes-Côte d'Azur,93.0,33
18365,2021-12-16,Provence-Alpes-Côte d'Azur,93.0,36
18366,2021-12-17,Provence-Alpes-Côte d'Azur,93.0,52
18367,2021-12-18,Provence-Alpes-Côte d'Azur,93.0,39
18368,2021-12-19,Provence-Alpes-Côte d'Azur,93.0,21
18369,2021-12-20,Provence-Alpes-Côte d'Azur,93.0,54
18370,2021-12-21,Provence-Alpes-Côte d'Azur,93.0,42
18371,2021-12-22,Provence-Alpes-Côte d'Azur,93.0,39
18372,2021-12-23,Provence-Alpes-Côte d'Azur,93.0,58
18373,2021-12-24,Provence-Alpes-Côte d'Azur,93.0,53
18374,2021-12-25,Provence-Alpes-Côte d'Azur,93.0,34
18375,2021-12-26,Provence-Alpes-Côte d'Azur,93.0,19
18376,2021-12-27,Provence-Alpes-Côte d'Azur,93.0,56
18377,2021-12-28,Provence-Alpes-Côte d'Azur,93.0,78
18378,2021-12-29,Provence-Alpes-Côte d'Azur,93.0,49
18379,2021-12-30,Provence-Alpes-Côte d'Azur,93.0,48
18380,2021-12-31,Provence-Alpes-Côte d'Azur,93.0,37
18381,2022-01-01,Provence-Alpes-Côte d'Azur,93.0,39
18382,2022-01-02,Provence-Alpes-Côte d'Azur,93.0,16
18383,2022-01-03,Provence-Alpes-Côte d'Azur,93.0,57
18384,2022-01-04,Provence-Alpes-Côte d'Azur,93.0,64
18385,2022-01-05,Provence-Alpes-Côte d'Azur,93.0,47
18386,2022-01-06,Provence-Alpes-Côte d'Azur,93.0,54
18387,2022-01-07,Provence-Alpes-Côte d'Azur,93.0,42
18388,2022-01-08,Provence-Alpes-Côte d'Azur,93.0,41
18389,2022-01-09,Provence-Alpes-Côte d'Azur,93.0,16
18390,2022-01-10,Provence-Alpes-Côte d'Azur,93.0,54
18391,2022-01-11,Provence-Alpes-Côte d'Azur,93.0,53
18392,2022-01-12,Provence-Alpes-Côte d'Azur,93.0,31
18393,2022-01-13,Provence-Alpes-Côte d'Azur,93.0,37
18394,2022-01-14,Provence-Alpes-Côte d'Azur,93.0,20
18395,2022-01-15,Provence-Alpes-Côte d'Azur,93.0,33
18396,2022-01-16,Provence-Alpes-Côte d'Azur,93.0,12
18397,2022-01-17,Provence-Alpes-Côte d'Azur,93.0,34
18398,2022-01-18,Provence-Alpes-Côte d'Azur,93.0,33
18399,2022-01-19,Provence-Alpes-Côte d'Azur,93.0,29
18400,2022-01-20,Provence-Alpes-Côte d'Azur,93.0,29
18401,2022-01-21,Provence-Alpes-Côte d'Azur,93.0,36
18402,2022-01-22,Provence-Alpes-Côte d'Azur,93.0,28
18403,2022-01-23,Provence-Alpes-Côte d'Azur,93.0,20
18404,2022-01-24,Provence-Alpes-Côte d'Azur,93.0,45
18405,2022-01-25,Provence-Alpes-Côte d'Azur,93.0,42
18406,2022-01-26,Provence-Alpes-Côte d'Azur,93.0,27
18407,2022-01-27,Provence-Alpes-Côte d'Azur,93.0,36
18408,2022-01-28,Provence-Alpes-Côte d'Azur,93.0,35
18409,2022-01-29,Provence-Alpes-Côte d'Azur,93.0,25
18410,2022-01-30,Provence-Alpes-Côte d'Azur,93.0,18
18411,2022-01-31,Provence-Alpes-Côte d'Azur,93.0,34
18412,2022-02-01,Provence-Alpes-Côte d'Azur,93.0,46
18413,2022-02-02,Provence-Alpes-Côte d'Azur,93.0,23
18414,2022-02-03,Provence-Alpes-Côte d'Azur,93.0,38
18415,2022-02-04,Provence-Alpes-Côte d'Azur,93.0,36
18416,2022-02-05,Provence-Alpes-Côte d'Azur,93.0,30
18417,2022-02-06,Provence-Alpes-Côte d'Azur,93.0,9
18418,2022-02-07,Provence-Alpes-Côte d'Azur,93.0,32
18419,2022-02-08,Provence-Alpes-Côte d'Azur,93.0,33
18420,2022-02-09,Provence-Alpes-Côte d'Azur,93.0,36
18421,2022-02-10,Provence-Alpes-Côte d'Azur,93.0,28
18422,2022-02-11,Provence-Alpes-Côte d'Azur,93.0,25
18423,2022-02-12,Provence-Alpes-Côte d'Azur,93.0,14
18424,2022-02-13,Provence-Alpes-Côte d'Azur,93.0,5
18425,2022-02-14,Provence-Alpes-Côte d'Azur,93.0,34
18426,2022-02-15,Provence-Alpes-Côte d'Azur,93.0,34
18427,2022-02-16,Provence-Alpes-Côte d'Azur,93.0,17
18428,2022-02-17,Provence-Alpes-Côte d'Azur,93.0,20
18429,2022-02-18,Provence-Alpes-Côte d'Azur,93.0,15
18430,2022-02-19,Provence-Alpes-Côte d'Azur,93.0,9
18431,2022-02-20,Provence-Alpes-Côte d'Azur,93.0,8
18432,2022-02-21,Provence-Alpes-Côte d'Azur,93.0,22
18433,2022-02-22,Provence-Alpes-Côte d'Azur,93.0,16
18434,2022-02-23,Provence-Alpes-Côte d'Azur,93.0,12
18435,2022-02-24,Provence-Alpes-Côte d'Azur,93.0,7
18436,2022-02-25,Provence-Alpes-Côte d'Azur,93.0,6
18437,2022-02-26,Provence-Alpes-Côte d'Azur,93.0,3
18438,2022-02-27,Provence-Alpes-Côte d'Azur,93.0,4
18439,2022-02-28,Provence-Alpes-Côte d'Azur,93.0,8
18440,2022-03-01,Provence-Alpes-Côte d'Azur,93.0,20
18441,2022-03-02,Provence-Alpes-Côte d'Azur,93.0,14
18442,2022-03-03,Provence-Alpes-Côte d'Azur,93.0,8
18443,2022-03-04,Provence-Alpes-Côte d'Azur,93.0,6
18444,2022-03-05,Provence-Alpes-Côte d'Azur,93.0,4
18445,2022-03-06,Provence-Alpes-Côte d'Azur,93.0,2
18446,2022-03-07,Provence-Alpes-Côte d'Azur,93.0,16
18447,2022-03-08,Provence-Alpes-Côte d'Azur,93.0,17
18448,2022-03-09,Provence-Alpes-Côte d'Azur,93.0,9
18449,2022-03-10,Provence-Alpes-Côte d'Azur,93.0,9
18450,2022-03-11,Provence-Alpes-Côte d'Azur,93.0,8
18451,2022-03-12,Provence-Alpes-Côte d'Azur,93.0,4
18452,2022-03-13,Provence-Alpes-Côte d'Azur,93.0,0
18453,2022-03-14,Provence-Alpes-Côte d'Azur,93.0,10
18454,2022-03-15,Provence-Alpes-Côte d'Azur,93.0,4
18455,2022-03-16,Provence-Alpes-Côte d'Azur,93.0,9
18456,2022-03-17,Provence-Alpes-Côte d'Azur,93.0,11
18457,2022-03-18,Provence-Alpes-Côte d'Azur,93.0,6
18458,2022-03-19,Provence-Alpes-Côte d'Azur,93.0,1
18459,2022-03-20,Provence-Alpes-Côte d'Azur,93.0,3
18460,2022-03-21,Provence-Alpes-Côte d'Azur,93.0,4
18461,2022-03-22,Provence-Alpes-Côte d'Azur,93.0,19
18462,2022-03-23,Provence-Alpes-Côte d'Azur,93.0,9
18463,2022-03-24,Provence-Alpes-Côte d'Azur,93.0,4
18464,2022-03-25,Provence-Alpes-Côte d'Azur,93.0,6
18465,2022-03-26,Provence-Alpes-Côte d'Azur,93.0,9
18466,2022-03-27,Provence-Alpes-Côte d'Azur,93.0,3
18467,2022-03-28,Provence-Alpes-Côte d'Azur,93.0,24
18468,2022-03-29,Provence-Alpes-Côte d'Azur,93.0,18
18469,2022-03-30,Provence-Alpes-Côte d'Azur,93.0,9
18470,2022-03-31,Provence-Alpes-Côte d'Azur,93.0,9
18471,2022-04-01,Provence-Alpes-Côte d'Azur,93.0,12
18472,2022-04-02,Provence-Alpes-Côte d'Azur,93.0,4
18473,2022-04-03,Provence-Alpes-Côte d'Azur,93.0,2
18474,2022-04-04,Provence-Alpes-Côte d'Azur,93.0,18
18475,2022-04-05,Provence-Alpes-Côte d'Azur,93.0,10
18476,2022-04-06,Provence-Alpes-Côte d'Azur,93.0,10
18477,2022-04-07,Provence-Alpes-Côte d'Azur,93.0,9
18478,2022-04-08,Provence-Alpes-Côte d'Azur,93.0,10
18479,2022-04-09,Provence-Alpes-Côte d'Azur,93.0,5
18480,2022-04-10,Provence-Alpes-Côte d'Azur,93.0,4
18481,2022-04-11,Provence-Alpes-Côte d'Azur,93.0,10
18482,2022-04-12,Provence-Alpes-Côte d'Azur,93.0,19
18483,2022-04-13,Provence-Alpes-Côte d'Azur,93.0,7
18484,2022-04-14,Provence-Alpes-Côte d'Azur,93.0,11
18485,2022-04-15,Provence-Alpes-Côte d'Azur,93.0,17
18486,2022-04-16,Provence-Alpes-Côte d'Azur,93.0,6
18487,2022-04-17,Provence-Alpes-Côte d'Azur,93.0,1
18488,2022-04-18,Provence-Alpes-Côte d'Azur,93.0,1
18489,2022-04-19,Provence-Alpes-Côte d'Azur,93.0,25
18490,2022-04-20,Provence-Alpes-Côte d'Azur,93.0,10
18491,2022-04-21,Provence-Alpes-Côte d'Azur,93.0,17
18492,2022-04-22,Provence-Alpes-Côte d'Azur,93.0,10
18493,2022-04-23,Provence-Alpes-Côte d'Azur,93.0,4
18494,2022-04-24,Provence-Alpes-Côte d'Azur,93.0,2
18495,2022-04-25,Provence-Alpes-Côte d'Azur,93.0,21
18496,2022-04-26,Provence-Alpes-Côte d'Azur,93.0,11
18497,2022-04-27,Provence-Alpes-Côte d'Azur,93.0,9
18498,2022-04-28,Provence-Alpes-Côte d'Azur,93.0,10
18499,2022-04-29,Provence-Alpes-Côte d'Azur,93.0,7
18500,2022-04-30,Provence-Alpes-Côte d'Azur,93.0,8
18501,2022-05-01,Provence-Alpes-Côte d'Azur,93.0,2
18502,2022-05-02,Provence-Alpes-Côte d'Azur,93.0,16
18503,2022-05-03,Provence-Alpes-Côte d'Azur,93.0,13
18504,2022-05-04,Provence-Alpes-Côte d'Azur,93.0,10
18505,2022-05-05,Provence-Alpes-Côte d'Azur,93.0,8
18506,2022-05-06,Provence-Alpes-Côte d'Azur,93.0,7
18507,2022-05-07,Provence-Alpes-Côte d'Azur,93.0,1
18508,2022-05-08,Provence-Alpes-Côte d'Azur,93.0,1
18509,2022-05-09,Provence-Alpes-Côte d'Azur,93.0,7
18510,2022-05-10,Provence-Alpes-Côte d'Azur,93.0,5
18511,2022-05-11,Provence-Alpes-Côte d'Azur,93.0,3
18512,2022-05-12,Provence-Alpes-Côte d'Azur,93.0,4
18513,2022-05-13,Provence-Alpes-Côte d'Azur,93.0,9
18514,2022-05-14,Provence-Alpes-Côte d'Azur,93.0,2
18515,2022-05-15,Provence-Alpes-Côte d'Azur,93.0,3
18516,2022-05-16,Provence-Alpes-Côte d'Azur,93.0,6
18517,2022-05-17,Provence-Alpes-Côte d'Azur,93.0,8
18518,2022-05-18,Provence-Alpes-Côte d'Azur,93.0,3
18519,2022-05-19,Provence-Alpes-Côte d'Azur,93.0,8
18520,2022-05-20,Provence-Alpes-Côte d'Azur,93.0,5
18521,2022-05-21,Provence-Alpes-Côte d'Azur,93.0,1
18522,2022-05-22,Provence-Alpes-Côte d'Azur,93.0,3
18523,2022-05-23,Provence-Alpes-Côte d'Azur,93.0,6
18524,2022-05-24,Provence-Alpes-Côte d'Azur,93.0,9
18525,2022-05-25,Provence-Alpes-Côte d'Azur,93.0,2
18526,2022-05-26,Provence-Alpes-Côte d'Azur,93.0,2
18527,2022-05-27,Provence-Alpes-Côte d'Azur,93.0,2
18528,2022-05-28,Provence-Alpes-Côte d'Azur,93.0,2
18529,2022-05-29,Provence-Alpes-Côte d'Azur,93.0,0
18530,2022-05-30,Provence-Alpes-Côte d'Azur,93.0,6
18531,2022-05-31,Provence-Alpes-Côte d'Azur,93.0,4
18532,2022-06-01,Provence-Alpes-Côte d'Azur,93.0,1
18533,2022-06-02,Provence-Alpes-Côte d'Azur,93.0,7
18534,2022-06-03,Provence-Alpes-Côte d'Azur,93.0,4
18535,2022-06-04,Provence-Alpes-Côte d'Azur,93.0,2
18536,2022-06-05,Provence-Alpes-Côte d'Azur,93.0,1
18537,2022-06-06,Provence-Alpes-Côte d'Azur,93.0,1
18538,2022-06-07,Provence-Alpes-Côte d'Azur,93.0,6
18539,2022-06-08,Provence-Alpes-Côte d'Azur,93.0,5
18540,2022-06-09,Provence-Alpes-Côte d'Azur,93.0,4
18541,2022-06-10,Provence-Alpes-Côte d'Azur,93.0,3
18542,2022-06-11,Provence-Alpes-Côte d'Azur,93.0,3
18543,2022-06-12,Provence-Alpes-Côte d'Azur,93.0,0
18544,2022-06-13,Provence-Alpes-Côte d'Azur,93.0,6
18545,2022-06-14,Provence-Alpes-Côte d'Azur,93.0,10
18546,2022-06-15,Provence-Alpes-Côte d'Azur,93.0,8
18547,2022-06-16,Provence-Alpes-Côte d'Azur,93.0,8
18548,2022-06-17,Provence-Alpes-Côte d'Azur,93.0,7
18549,2022-06-18,Provence-Alpes-Côte d'Azur,93.0,0
18550,2022-06-19,Provence-Alpes-Côte d'Azur,93.0,1
18551,2022-06-20,Provence-Alpes-Côte d'Azur,93.0,16
18552,2022-06-21,Provence-Alpes-Côte d'Azur,93.0,7
18553,2022-06-22,Provence-Alpes-Côte d'Azur,93.0,5
18554,2022-06-23,Provence-Alpes-Côte d'Azur,93.0,6
18555,2022-06-24,Provence-Alpes-Côte d'Azur,93.0,7
18556,2022-06-25,Provence-Alpes-Côte d'Azur,93.0,1
18557,2022-06-26,Provence-Alpes-Côte d'Azur,93.0,0
18558,2022-06-27,Provence-Alpes-Côte d'Azur,93.0,10
18559,2022-06-28,Provence-Alpes-Côte d'Azur,93.0,11
18560,2022-06-29,Provence-Alpes-Côte d'Azur,93.0,5
18561,2022-06-30,Provence-Alpes-Côte d'Azur,93.0,7
18562,2022-07-01,Provence-Alpes-Côte d'Azur,93.0,9
18563,2022-07-02,Provence-Alpes-Côte d'Azur,93.0,3
18564,2022-07-03,Provence-Alpes-Côte d'Azur,93.0,1
18565,2022-07-04,Provence-Alpes-Côte d'Azur,93.0,19
18566,2022-07-05,Provence-Alpes-Côte d'Azur,93.0,7
18567,2022-07-06,Provence-Alpes-Côte d'Azur,93.0,6
18568,2022-07-07,Provence-Alpes-Côte d'Azur,93.0,9
18569,2022-07-08,Provence-Alpes-Côte d'Azur,93.0,9
18570,2022-07-09,Provence-Alpes-Côte d'Azur,93.0,5
18571,2022-07-10,Provence-Alpes-Côte d'Azur,93.0,8
18572,2022-07-11,Provence-Alpes-Côte d'Azur,93.0,15
18573,2022-07-12,Provence-Alpes-Côte d'Azur,93.0,18
18574,2022-07-13,Provence-Alpes-Côte d'Azur,93.0,18
18575,2022-07-14,Provence-Alpes-Côte d'Azur,93.0,10
18576,2022-07-15,Provence-Alpes-Côte d'Azur,93.0,7
18577,2022-07-16,Provence-Alpes-Côte d'Azur,93.0,7
18578,2022-07-17,Provence-Alpes-Côte d'Azur,93.0,9
18579,2022-07-18,Provence-Alpes-Côte d'Azur,93.0,22
18580,2022-07-19,Provence-Alpes-Côte d'Azur,93.0,15
18581,2022-07-20,Provence-Alpes-Côte d'Azur,93.0,14
18582,2022-07-21,Provence-Alpes-Côte d'Azur,93.0,16
18583,2022-07-22,Provence-Alpes-Côte d'Azur,93.0,17
18584,2022-07-23,Provence-Alpes-Côte d'Azur,93.0,4
18585,2022-07-24,Provence-Alpes-Côte d'Azur,93.0,3
18586,2022-07-25,Provence-Alpes-Côte d'Azur,93.0,22
18587,2022-07-26,Provence-Alpes-Côte d'Azur,93.0,11
18588,2022-07-27,Provence-Alpes-Côte d'Azur,93.0,11
18589,2022-07-28,Provence-Alpes-Côte d'Azur,93.0,9
18590,2022-07-29,Provence-Alpes-Côte d'Azur,93.0,12
18591,2022-07-30,Provence-Alpes-Côte d'Azur,93.0,1
18592,2022-07-31,Provence-Alpes-Côte d'Azur,93.0,1
18593,2022-08-01,Provence-Alpes-Côte d'Azur,93.0,12
18594,2022-08-02,Provence-Alpes-Côte d'Azur,93.0,9
18595,2022-08-03,Provence-Alpes-Côte d'Azur,93.0,15
18596,2022-08-04,Provence-Alpes-Côte d'Azur,93.0,12
18597,2022-08-05,Provence-Alpes-Côte d'Azur,93.0,9
18598,2022-08-06,Provence-Alpes-Côte d'Azur,93.0,1
18599,2022-08-07,Provence-Alpes-Côte d'Azur,93.0,2
18600,2022-08-08,Provence-Alpes-Côte d'Azur,93.0,8
18601,2022-08-09,Provence-Alpes-Côte d'Azur,93.0,11
18602,2022-08-10,Provence-Alpes-Côte d'Azur,93.0,4
18603,2022-08-11,Provence-Alpes-Côte d'Azur,93.0,12
18604,2022-08-12,Provence-Alpes-Côte d'Azur,93.0,8
18605,2022-08-13,Provence-Alpes-Côte d'Azur,93.0,3
18606,2022-08-14,Provence-Alpes-Côte d'Azur,93.0,0
18607,2022-08-15,Provence-Alpes-Côte d'Azur,93.0,0
18608,2022-08-16,Provence-Alpes-Côte d'Azur,93.0,14
18609,2022-08-17,Provence-Alpes-Côte d'Azur,93.0,7
18610,2022-08-18,Provence-Alpes-Côte d'Azur,93.0,6
18611,2022-08-19,Provence-Alpes-Côte d'Azur,93.0,7
18612,2022-08-20,Provence-Alpes-Côte d'Azur,93.0,4
18613,2022-08-21,Provence-Alpes-Côte d'Azur,93.0,1
18614,2022-08-22,Provence-Alpes-Côte d'Azur,93.0,5
18615,2022-08-23,Provence-Alpes-Côte d'Azur,93.0,4
18616,2022-08-24,Provence-Alpes-Côte d'Azur,93.0,2
18617,2022-08-25,Provence-Alpes-Côte d'Azur,93.0,2
18618,2022-08-26,Provence-Alpes-Côte d'Azur,93.0,5
18619,2022-08-27,Provence-Alpes-Côte d'Azur,93.0,3
18620,2022-08-28,Provence-Alpes-Côte d'Azur,93.0,1
18621,2022-08-29,Provence-Alpes-Côte d'Azur,93.0,7
18622,2022-08-30,Provence-Alpes-Côte d'Azur,93.0,5
18623,2022-08-31,Provence-Alpes-Côte d'Azur,93.0,5
18624,2022-09-01,Provence-Alpes-Côte d'Azur,93.0,5
18625,2022-09-02,Provence-Alpes-Côte d'Azur,93.0,3
18626,2022-09-03,Provence-Alpes-Côte d'Azur,93.0,0
18627,2022-09-04,Provence-Alpes-Côte d'Azur,93.0,0
18628,2022-09-05,Provence-Alpes-Côte d'Azur,93.0,6
18629,2022-09-06,Provence-Alpes-Côte d'Azur,93.0,6
18630,2022-09-07,Provence-Alpes-Côte d'Azur,93.0,9
18631,2022-09-08,Provence-Alpes-Côte d'Azur,93.0,1
18632,2022-09-09,Provence-Alpes-Côte d'Azur,93.0,3
18633,2022-09-10,Provence-Alpes-Côte d'Azur,93.0,3
18634,2022-09-11,Provence-Alpes-Côte d'Azur,93.0,0
18635,2022-09-12,Provence-Alpes-Côte d'Azur,93.0,2
18636,2022-09-13,Provence-Alpes-Côte d'Azur,93.0,3
18637,2022-09-14,Provence-Alpes-Côte d'Azur,93.0,3
18638,2022-09-15,Provence-Alpes-Côte d'Azur,93.0,3
18639,2022-09-16,Provence-Alpes-Côte d'Azur,93.0,2
18640,2022-09-17,Provence-Alpes-Côte d'Azur,93.0,2
18641,2022-09-18,Provence-Alpes-Côte d'Azur,93.0,0
18642,2022-09-19,Provence-Alpes-Côte d'Azur,93.0,5
18643,2022-09-20,Provence-Alpes-Côte d'Azur,93.0,9
18644,2022-09-21,Provence-Alpes-Côte d'Azur,93.0,6
18645,2022-09-22,Provence-Alpes-Côte d'Azur,93.0,5
18646,2022-09-23,Provence-Alpes-Côte d'Azur,93.0,2
18647,2022-09-24,Provence-Alpes-Côte d'Azur,93.0,1
18648,2022-09-25,Provence-Alpes-Côte d'Azur,93.0,0
18649,2022-09-26,Provence-Alpes-Côte d'Azur,93.0,5
18650,2022-09-27,Provence-Alpes-Côte d'Azur,93.0,8
18651,2022-09-28,Provence-Alpes-Côte d'Azur,93.0,7
18652,2022-09-29,Provence-Alpes-Côte d'Azur,93.0,4
18653,2022-09-30,Provence-Alpes-Côte d'Azur,93.0,11
18654,2022-10-01,Provence-Alpes-Côte d'Azur,93.0,2
18655,2022-10-02,Provence-Alpes-Côte d'Azur,93.0,0
18656,2022-10-03,Provence-Alpes-Côte d'Azur,93.0,7
18657,2022-10-04,Provence-Alpes-Côte d'Azur,93.0,4
18658,2022-10-05,Provence-Alpes-Côte d'Azur,93.0,3
18659,2022-10-06,Provence-Alpes-Côte d'Azur,93.0,5
18660,2022-10-07,Provence-Alpes-Côte d'Azur,93.0,4
18661,2022-10-08,Provence-Alpes-Côte d'Azur,93.0,3
18662,2022-10-09,Provence-Alpes-Côte d'Azur,93.0,0
18663,2022-10-10,Provence-Alpes-Côte d'Azur,93.0,7
18664,2022-10-11,Provence-Alpes-Côte d'Azur,93.0,7
18665,2022-10-12,Provence-Alpes-Côte d'Azur,93.0,1
18666,2022-10-13,Provence-Alpes-Côte d'Azur,93.0,7
18667,2022-10-14,Provence-Alpes-Côte d'Azur,93.0,7
18668,2022-10-15,Provence-Alpes-Côte d'Azur,93.0,3
18669,2022-10-16,Provence-Alpes-Côte d'Azur,93.0,3
18670,2022-10-17,Provence-Alpes-Côte d'Azur,93.0,12
18671,2022-10-18,Provence-Alpes-Côte d'Azur,93.0,9
18672,2022-10-19,Provence-Alpes-Côte d'Azur,93.0,5
18673,2022-10-20,Provence-Alpes-Côte d'Azur,93.0,7
18674,2022-10-21,Provence-Alpes-Côte d'Azur,93.0,8
18675,2022-10-22,Provence-Alpes-Côte d'Azur,93.0,2
18676,2022-10-23,Provence-Alpes-Côte d'Azur,93.0,0
18677,2022-10-24,Provence-Alpes-Côte d'Azur,93.0,2
18678,2022-10-25,Provence-Alpes-Côte d'Azur,93.0,8
18679,2022-10-26,Provence-Alpes-Côte d'Azur,93.0,4
18680,2022-10-27,Provence-Alpes-Côte d'Azur,93.0,6
18681,2022-10-28,Provence-Alpes-Côte d'Azur,93.0,5
18682,2022-10-29,Provence-Alpes-Côte d'Azur,93.0,1
18683,2022-10-30,Provence-Alpes-Côte d'Azur,93.0,3
18684,2022-10-31,Provence-Alpes-Côte d'Azur,93.0,3
18685,2022-11-01,Provence-Alpes-Côte d'Azur,93.0,3
18686,2022-11-02,Provence-Alpes-Côte d'Azur,93.0,9
18687,2022-11-03,Provence-Alpes-Côte d'Azur,93.0,7
18688,2022-11-04,Provence-Alpes-Côte d'Azur,93.0,1
18689,2022-11-05,Provence-Alpes-Côte d'Azur,93.0,2
18690,2022-11-06,Provence-Alpes-Côte d'Azur,93.0,0
18691,2022-11-07,Provence-Alpes-Côte d'Azur,93.0,6
18692,2022-11-08,Provence-Alpes-Côte d'Azur,93.0,9
18693,2022-11-09,Provence-Alpes-Côte d'Azur,93.0,6
18694,2022-11-10,Provence-Alpes-Côte d'Azur,93.0,10
18695,2022-11-11,Provence-Alpes-Côte d'Azur,93.0,1
18696,2022-11-12,Provence-Alpes-Côte d'Azur,93.0,0
18697,2022-11-13,Provence-Alpes-Côte d'Azur,93.0,4
18698,2022-11-14,Provence-Alpes-Côte d'Azur,93.0,8
18699,2022-11-15,Provence-Alpes-Côte d'Azur,93.0,6
18700,2022-11-16,Provence-Alpes-Côte d'Azur,93.0,5
18701,2022-11-17,Provence-Alpes-Côte d'Azur,93.0,5
18702,2022-11-18,Provence-Alpes-Côte d'Azur,93.0,1
18703,2022-11-19,Provence-Alpes-Côte d'Azur,93.0,6
18704,2022-11-20,Provence-Alpes-Côte d'Azur,93.0,2
18705,2022-11-21,Provence-Alpes-Côte d'Azur,93.0,17
18706,2022-11-22,Provence-Alpes-Côte d'Azur,93.0,12
18707,2022-11-23,Provence-Alpes-Côte d'Azur,93.0,12
18708,2022-11-24,Provence-Alpes-Côte d'Azur,93.0,5
18709,2022-11-25,Provence-Alpes-Côte d'Azur,93.0,11
18710,2022-11-26,Provence-Alpes-Côte d'Azur,93.0,10
18711,2022-11-27,Provence-Alpes-Côte d'Azur,93.0,2
18712,2022-11-28,Provence-Alpes-Côte d'Azur,93.0,21
18713,2022-11-29,Provence-Alpes-Côte d'Azur,93.0,11
18714,2022-11-30,Provence-Alpes-Côte d'Azur,93.0,12
18715,2022-12-01,Provence-Alpes-Côte d'Azur,93.0,9
18716,2022-12-02,Provence-Alpes-Côte d'Azur,93.0,23
18717,2022-12-03,Provence-Alpes-Côte d'Azur,93.0,9
18718,2022-12-04,Provence-Alpes-Côte d'Azur,93.0,3
18719,2022-12-05,Provence-Alpes-Côte d'Azur,93.0,14
18720,2022-12-06,Provence-Alpes-Côte d'Azur,93.0,16
18721,2022-12-07,Provence-Alpes-Côte d'Azur,93.0,19
18722,2022-12-08,Provence-Alpes-Côte d'Azur,93.0,10
18723,2022-12-09,Provence-Alpes-Côte d'Azur,93.0,15
18724,2022-12-10,Provence-Alpes-Côte d'Azur,93.0,7
18725,2022-12-11,Provence-Alpes-Côte d'Azur,93.0,4
18726,2022-12-12,Provence-Alpes-Côte d'Azur,93.0,13
18727,2022-12-13,Provence-Alpes-Côte d'Azur,93.0,24
18728,2022-12-14,Provence-Alpes-Côte d'Azur,93.0,13
18729,2022-12-15,Provence-Alpes-Côte d'Azur,93.0,19
18730,2022-12-16,Provence-Alpes-Côte d'Azur,93.0,21
18731,2022-12-17,Provence-Alpes-Côte d'Azur,93.0,5
18732,2022-12-18,Provence-Alpes-Côte d'Azur,93.0,4
18733,2022-12-19,Provence-Alpes-Côte d'Azur,93.0,23
18734,2022-12-20,Provence-Alpes-Côte d'Azur,93.0,25
18735,2022-12-21,Provence-Alpes-Côte d'Azur,93.0,21
18736,2022-12-22,Provence-Alpes-Côte d'Azur,93.0,12
18737,2022-12-23,Provence-Alpes-Côte d'Azur,93.0,14
18738,2022-12-24,Provence-Alpes-Côte d'Azur,93.0,4
18739,2022-12-25,Provence-Alpes-Côte d'Azur,93.0,2
18740,2022-12-26,Provence-Alpes-Côte d'Azur,93.0,14
18741,2022-12-27,Provence-Alpes-Côte d'Azur,93.0,17
18742,2022-12-28,Provence-Alpes-Côte d'Azur,93.0,18
18743,2022-12-29,Provence-Alpes-Côte d'Azur,93.0,13
18744,2022-12-30,Provence-Alpes-Côte d'Azur,93.0,6
18745,2022-12-31,Provence-Alpes-Côte d'Azur,93.0,4
18746,2023-01-01,Provence-Alpes-Côte d'Azur,93.0,8
18747,2023-01-02,Provence-Alpes-Côte d'Azur,93.0,9
18748,2023-01-03,Provence-Alpes-Côte d'Azur,93.0,8
18749,2023-01-04,Provence-Alpes-Côte d'Azur,93.0,8
18750,2023-01-05,Provence-Alpes-Côte d'Azur,93.0,8
18751,2023-01-06,Provence-Alpes-Côte d'Azur,93.0,7
18752,2023-01-07,Provence-Alpes-Côte d'Azur,93.0,1
18753,2023-01-08,Provence-Alpes-Côte d'Azur,93.0,2
18754,2023-01-09,Provence-Alpes-Côte d'Azur,93.0,5
18755,2023-01-10,Provence-Alpes-Côte d'Azur,93.0,5
18756,2023-01-11,Provence-Alpes-Côte d'Azur,93.0,7
18757,2023-01-12,Provence-Alpes-Côte d'Azur,93.0,8
18758,2023-01-13,Provence-Alpes-Côte d'Azur,93.0,7
18759,2023-01-14,Provence-Alpes-Côte d'Azur,93.0,2
18760,2023-01-15,Provence-Alpes-Côte d'Azur,93.0,2
18761,2023-01-16,Provence-Alpes-Côte d'Azur,93.0,3
18762,2023-01-17,Provence-Alpes-Côte d'Azur,93.0,3
18763,2023-01-18,Provence-Alpes-Côte d'Azur,93.0,2
18764,2023-01-19,Provence-Alpes-Côte d'Azur,93.0,1
18765,2023-01-20,Provence-Alpes-Côte d'Azur,93.0,1
18766,2023-01-21,Provence-Alpes-Côte d'Azur,93.0,1
18767,2023-01-22,Provence-Alpes-Côte d'Azur,93.0,2
18768,2023-01-23,Provence-Alpes-Côte d'Azur,93.0,5
18769,2023-01-24,Provence-Alpes-Côte d'Azur,93.0,1
18770,2023-01-25,Provence-Alpes-Côte d'Azur,93.0,3
18771,2023-01-26,Provence-Alpes-Côte d'Azur,93.0,1
18772,2023-01-27,Provence-Alpes-Côte d'Azur,93.0,4
18773,2023-01-28,Provence-Alpes-Côte d'Azur,93.0,1
18774,2023-01-29,Provence-Alpes-Côte d'Azur,93.0,2
18775,2023-01-30,Provence-Alpes-Côte d'Azur,93.0,9
18776,2023-01-31,Provence-Alpes-Côte d'Azur,93.0,4
18777,2023-02-01,Provence-Alpes-Côte d'Azur,93.0,3
18778,2023-02-02,Provence-Alpes-Côte d'Azur,93.0,1
18779,2023-02-03,Provence-Alpes-Côte d'Azur,93.0,3
18780,2023-02-04,Provence-Alpes-Côte d'Azur,93.0,0
18781,2023-02-05,Provence-Alpes-Côte d'Azur,93.0,0
18782,2023-02-06,Provence-Alpes-Côte d'Azur,93.0,4
18783,2023-02-07,Provence-Alpes-Côte d'Azur,93.0,1
18784,2023-02-08,Provence-Alpes-Côte d'Azur,93.0,30
18785,2023-02-09,Provence-Alpes-Côte d'Azur,93.0,5
18786,2023-02-10,Provence-Alpes-Côte d'Azur,93.0,0
18787,2023-02-11,Provence-Alpes-Côte d'Azur,93.0,0
18788,2023-02-12,Provence-Alpes-Côte d'Azur,93.0,0
18789,2023-02-13,Provence-Alpes-Côte d'Azur,93.0,4
18790,2023-02-14,Provence-Alpes-Côte d'Azur,93.0,7
18791,2023-02-15,Provence-Alpes-Côte d'Azur,93.0,1
18792,2023-02-16,Provence-Alpes-Côte d'Azur,93.0,0
18793,2023-02-17,Provence-Alpes-Côte d'Azur,93.0,2
18794,2023-02-18,Provence-Alpes-Côte d'Azur,93.0,4
18795,2023-02-19,Provence-Alpes-Côte d'Azur,93.0,0
18796,2023-02-20,Provence-Alpes-Côte d'Azur,93.0,4
18797,2023-02-21,Provence-Alpes-Côte d'Azur,93.0,4
18798,2023-02-22,Provence-Alpes-Côte d'Azur,93.0,3
18799,2023-02-23,Provence-Alpes-Côte d'Azur,93.0,0
18800,2023-02-24,Provence-Alpes-Côte d'Azur,93.0,2
18801,2023-02-25,Provence-Alpes-Côte d'Azur,93.0,3
18802,2023-02-26,Provence-Alpes-Côte d'Azur,93.0,0
18803,2023-02-27,Provence-Alpes-Côte d'Azur,93.0,2
18804,2023-02-28,Provence-Alpes-Côte d'Azur,93.0,2
18805,2023-03-01,Provence-Alpes-Côte d'Azur,93.0,0
18806,2023-03-02,Provence-Alpes-Côte d'Azur,93.0,4
18807,2023-03-03,Provence-Alpes-Côte d'Azur,93.0,3
18808,2023-03-04,Provence-Alpes-Côte d'Azur,93.0,0
18809,2023-03-05,Provence-Alpes-Côte d'Azur,93.0,0
18810,2023-03-06,Provence-Alpes-Côte d'Azur,93.0,4
18811,2023-03-07,Provence-Alpes-Côte d'Azur,93.0,4
18812,2023-03-08,Provence-Alpes-Côte d'Azur,93.0,1
18813,2023-03-09,Provence-Alpes-Côte d'Azur,93.0,2
18814,2023-03-10,Provence-Alpes-Côte d'Azur,93.0,0
18815,2023-03-11,Provence-Alpes-Côte d'Azur,93.0,0
18816,2023-03-12,Provence-Alpes-Côte d'Azur,93.0,0
18817,2023-03-13,Provence-Alpes-Côte d'Azur,93.0,2
18818,2023-03-14,Provence-Alpes-Côte d'Azur,93.0,2
18819,2023-03-15,Provence-Alpes-Côte d'Azur,93.0,1
18820,2023-03-16,Provence-Alpes-Côte d'Azur,93.0,4
18821,2023-03-17,Provence-Alpes-Côte d'Azur,93.0,5
18822,2023-03-18,Provence-Alpes-Côte d'Azur,93.0,0
18823,2023-03-19,Provence-Alpes-Côte d'Azur,93.0,0
18824,2023-03-20,Provence-Alpes-Côte d'Azur,93.0,4
18825,2023-03-21,Provence-Alpes-Côte d'Azur,93.0,7
18826,2023-03-22,Provence-Alpes-Côte d'Azur,93.0,0
18827,2023-03-23,Provence-Alpes-Côte d'Azur,93.0,5
18828,2023-03-24,Provence-Alpes-Côte d'Azur,93.0,4
18829,2023-03-25,Provence-Alpes-Côte d'Azur,93.0,0
18830,2023-03-26,Provence-Alpes-Côte d'Azur,93.0,0
18831,2023-03-27,Provence-Alpes-Côte d'Azur,93.0,2
18832,2023-03-28,Provence-Alpes-Côte d'Azur,93.0,10
18833,2023-03-29,Provence-Alpes-Côte d'Azur,93.0,3
18834,2023-03-30,Provence-Alpes-Côte d'Azur,93.0,2
18835,2023-03-31,Provence-Alpes-Côte d'Azur,93.0,2
18836,2020-03-19,Corse,94.0,11
18837,2020-03-20,Corse,94.0,0
18838,2020-03-21,Corse,94.0,0
18839,2020-03-22,Corse,94.0,2
18840,2020-03-23,Corse,94.0,2
18841,2020-03-24,Corse,94.0,0
18842,2020-03-25,Corse,94.0,0
18843,2020-03-26,Corse,94.0,4
18844,2020-03-27,Corse,94.0,1
18845,2020-03-28,Corse,94.0,6
18846,2020-03-29,Corse,94.0,4
18847,2020-03-30,Corse,94.0,1
18848,2020-03-31,Corse,94.0,2
18849,2020-04-01,Corse,94.0,3
18850,2020-04-02,Corse,94.0,3
18851,2020-04-03,Corse,94.0,1
18852,2020-04-04,Corse,94.0,2
18853,2020-04-05,Corse,94.0,0
18854,2020-04-06,Corse,94.0,1
18855,2020-04-07,Corse,94.0,3
18856,2020-04-08,Corse,94.0,3
18857,2020-04-09,Corse,94.0,1
18858,2020-04-10,Corse,94.0,0
18859,2020-04-11,Corse,94.0,0
18860,2020-04-12,Corse,94.0,1
18861,2020-04-13,Corse,94.0,1
18862,2020-04-14,Corse,94.0,1
18863,2020-04-15,Corse,94.0,1
18864,2020-04-16,Corse,94.0,1
18865,2020-04-17,Corse,94.0,1
18866,2020-04-18,Corse,94.0,0
18867,2020-04-19,Corse,94.0,0
18868,2020-04-20,Corse,94.0,2
18869,2020-04-21,Corse,94.0,0
18870,2020-04-22,Corse,94.0,0
18871,2020-04-23,Corse,94.0,0
18872,2020-04-24,Corse,94.0,0
18873,2020-04-25,Corse,94.0,0
18874,2020-04-26,Corse,94.0,0
18875,2020-04-27,Corse,94.0,0
18876,2020-04-28,Corse,94.0,1
18877,2020-04-29,Corse,94.0,0
18878,2020-04-30,Corse,94.0,0
18879,2020-05-01,Corse,94.0,0
18880,2020-05-02,Corse,94.0,0
18881,2020-05-03,Corse,94.0,0
18882,2020-05-04,Corse,94.0,0
18883,2020-05-05,Corse,94.0,0
18884,2020-05-06,Corse,94.0,0
18885,2020-05-07,Corse,94.0,0
18886,2020-05-08,Corse,94.0,0
18887,2020-05-09,Corse,94.0,0
18888,2020-05-10,Corse,94.0,0
18889,2020-05-11,Corse,94.0,0
18890,2020-05-12,Corse,94.0,3
18891,2020-05-13,Corse,94.0,0
18892,2020-05-14,Corse,94.0,1
18893,2020-05-15,Corse,94.0,0
18894,2020-05-16,Corse,94.0,0
18895,2020-05-17,Corse,94.0,0
18896,2020-05-18,Corse,94.0,0
18897,2020-05-19,Corse,94.0,0
18898,2020-05-20,Corse,94.0,0
18899,2020-05-21,Corse,94.0,0
18900,2020-05-22,Corse,94.0,0
18901,2020-05-23,Corse,94.0,0
18902,2020-05-24,Corse,94.0,0
18903,2020-05-25,Corse,94.0,0
18904,2020-05-26,Corse,94.0,1
18905,2020-05-27,Corse,94.0,0
18906,2020-05-28,Corse,94.0,0
18907,2020-05-29,Corse,94.0,0
18908,2020-05-30,Corse,94.0,0
18909,2020-05-31,Corse,94.0,0
18910,2020-06-01,Corse,94.0,0
18911,2020-06-02,Corse,94.0,0
18912,2020-06-03,Corse,94.0,0
18913,2020-06-04,Corse,94.0,0
18914,2020-06-05,Corse,94.0,0
18915,2020-06-06,Corse,94.0,0
18916,2020-06-07,Corse,94.0,0
18917,2020-06-08,Corse,94.0,0
18918,2020-06-09,Corse,94.0,0
18919,2020-06-10,Corse,94.0,0
18920,2020-06-11,Corse,94.0,0
18921,2020-06-12,Corse,94.0,0
18922,2020-06-13,Corse,94.0,0
18923,2020-06-14,Corse,94.0,0
18924,2020-06-15,Corse,94.0,0
18925,2020-06-16,Corse,94.0,0
18926,2020-06-17,Corse,94.0,0
18927,2020-06-18,Corse,94.0,0
18928,2020-06-19,Corse,94.0,0
18929,2020-06-20,Corse,94.0,0
18930,2020-06-21,Corse,94.0,0
18931,2020-06-22,Corse,94.0,0
18932,2020-06-23,Corse,94.0,0
18933,2020-06-24,Corse,94.0,0
18934,2020-06-25,Corse,94.0,0
18935,2020-06-26,Corse,94.0,0
18936,2020-06-27,Corse,94.0,0
18937,2020-06-28,Corse,94.0,0
18938,2020-06-29,Corse,94.0,0
18939,2020-06-30,Corse,94.0,0
18940,2020-07-01,Corse,94.0,0
18941,2020-07-02,Corse,94.0,0
18942,2020-07-03,Corse,94.0,0
18943,2020-07-04,Corse,94.0,0
18944,2020-07-05,Corse,94.0,0
18945,2020-07-06,Corse,94.0,0
18946,2020-07-07,Corse,94.0,0
18947,2020-07-08,Corse,94.0,0
18948,2020-07-09,Corse,94.0,0
18949,2020-07-10,Corse,94.0,0
18950,2020-07-11,Corse,94.0,0
18951,2020-07-12,Corse,94.0,0
18952,2020-07-13,Corse,94.0,0
18953,2020-07-14,Corse,94.0,0
18954,2020-07-15,Corse,94.0,0
18955,2020-07-16,Corse,94.0,0
18956,2020-07-17,Corse,94.0,0
18957,2020-07-18,Corse,94.0,0
18958,2020-07-19,Corse,94.0,0
18959,2020-07-20,Corse,94.0,0
18960,2020-07-21,Corse,94.0,0
18961,2020-07-22,Corse,94.0,0
18962,2020-07-23,Corse,94.0,0
18963,2020-07-24,Corse,94.0,0
18964,2020-07-25,Corse,94.0,0
18965,2020-07-26,Corse,94.0,0
18966,2020-07-27,Corse,94.0,0
18967,2020-07-28,Corse,94.0,0
18968,2020-07-29,Corse,94.0,0
18969,2020-07-30,Corse,94.0,0
18970,2020-07-31,Corse,94.0,0
18971,2020-08-01,Corse,94.0,0
18972,2020-08-02,Corse,94.0,0
18973,2020-08-03,Corse,94.0,0
18974,2020-08-04,Corse,94.0,0
18975,2020-08-05,Corse,94.0,0
18976,2020-08-06,Corse,94.0,0
18977,2020-08-07,Corse,94.0,0
18978,2020-08-08,Corse,94.0,0
18979,2020-08-09,Corse,94.0,0
18980,2020-08-10,Corse,94.0,0
18981,2020-08-11,Corse,94.0,0
18982,2020-08-12,Corse,94.0,0
18983,2020-08-13,Corse,94.0,0
18984,2020-08-14,Corse,94.0,0
18985,2020-08-15,Corse,94.0,0
18986,2020-08-16,Corse,94.0,0
18987,2020-08-17,Corse,94.0,0
18988,2020-08-18,Corse,94.0,0
18989,2020-08-19,Corse,94.0,0
18990,2020-08-20,Corse,94.0,0
18991,2020-08-21,Corse,94.0,2
18992,2020-08-22,Corse,94.0,0
18993,2020-08-23,Corse,94.0,0
18994,2020-08-24,Corse,94.0,0
18995,2020-08-25,Corse,94.0,1
18996,2020-08-26,Corse,94.0,0
18997,2020-08-27,Corse,94.0,0
18998,2020-08-28,Corse,94.0,0
18999,2020-08-29,Corse,94.0,0
19000,2020-08-30,Corse,94.0,0
19001,2020-08-31,Corse,94.0,1
19002,2020-09-01,Corse,94.0,0
19003,2020-09-02,Corse,94.0,0
19004,2020-09-03,Corse,94.0,0
19005,2020-09-04,Corse,94.0,0
19006,2020-09-05,Corse,94.0,0
19007,2020-09-06,Corse,94.0,1
19008,2020-09-07,Corse,94.0,0
19009,2020-09-08,Corse,94.0,0
19010,2020-09-09,Corse,94.0,0
19011,2020-09-10,Corse,94.0,0
19012,2020-09-11,Corse,94.0,2
19013,2020-09-12,Corse,94.0,0
19014,2020-09-13,Corse,94.0,0
19015,2020-09-14,Corse,94.0,0
19016,2020-09-15,Corse,94.0,1
19017,2020-09-16,Corse,94.0,0
19018,2020-09-17,Corse,94.0,0
19019,2020-09-18,Corse,94.0,1
19020,2020-09-19,Corse,94.0,1
19021,2020-09-20,Corse,94.0,0
19022,2020-09-21,Corse,94.0,0
19023,2020-09-22,Corse,94.0,1
19024,2020-09-23,Corse,94.0,0
19025,2020-09-24,Corse,94.0,0
19026,2020-09-25,Corse,94.0,0
19027,2020-09-26,Corse,94.0,0
19028,2020-09-27,Corse,94.0,0
19029,2020-09-28,Corse,94.0,0
19030,2020-09-29,Corse,94.0,0
19031,2020-09-30,Corse,94.0,1
19032,2020-10-01,Corse,94.0,1
19033,2020-10-02,Corse,94.0,2
19034,2020-10-03,Corse,94.0,0
19035,2020-10-04,Corse,94.0,1
19036,2020-10-05,Corse,94.0,0
19037,2020-10-06,Corse,94.0,0
19038,2020-10-07,Corse,94.0,0
19039,2020-10-08,Corse,94.0,0
19040,2020-10-09,Corse,94.0,1
19041,2020-10-10,Corse,94.0,0
19042,2020-10-11,Corse,94.0,0
19043,2020-10-12,Corse,94.0,0
19044,2020-10-13,Corse,94.0,0
19045,2020-10-14,Corse,94.0,0
19046,2020-10-15,Corse,94.0,1
19047,2020-10-16,Corse,94.0,1
19048,2020-10-17,Corse,94.0,2
19049,2020-10-18,Corse,94.0,1
19050,2020-10-19,Corse,94.0,0
19051,2020-10-20,Corse,94.0,0
19052,2020-10-21,Corse,94.0,2
19053,2020-10-22,Corse,94.0,3
19054,2020-10-23,Corse,94.0,1
19055,2020-10-24,Corse,94.0,0
19056,2020-10-25,Corse,94.0,3
19057,2020-10-26,Corse,94.0,0
19058,2020-10-27,Corse,94.0,0
19059,2020-10-28,Corse,94.0,4
19060,2020-10-29,Corse,94.0,1
19061,2020-10-30,Corse,94.0,1
19062,2020-10-31,Corse,94.0,1
19063,2020-11-01,Corse,94.0,1
19064,2020-11-02,Corse,94.0,1
19065,2020-11-03,Corse,94.0,2
19066,2020-11-04,Corse,94.0,0
19067,2020-11-05,Corse,94.0,3
19068,2020-11-06,Corse,94.0,2
19069,2020-11-07,Corse,94.0,0
19070,2020-11-08,Corse,94.0,1
19071,2020-11-09,Corse,94.0,1
19072,2020-11-10,Corse,94.0,1
19073,2020-11-11,Corse,94.0,0
19074,2020-11-12,Corse,94.0,2
19075,2020-11-13,Corse,94.0,0
19076,2020-11-14,Corse,94.0,0
19077,2020-11-15,Corse,94.0,3
19078,2020-11-16,Corse,94.0,1
19079,2020-11-17,Corse,94.0,2
19080,2020-11-18,Corse,94.0,0
19081,2020-11-19,Corse,94.0,0
19082,2020-11-20,Corse,94.0,0
19083,2020-11-21,Corse,94.0,1
19084,2020-11-22,Corse,94.0,0
19085,2020-11-23,Corse,94.0,0
19086,2020-11-24,Corse,94.0,0
19087,2020-11-25,Corse,94.0,1
19088,2020-11-26,Corse,94.0,1
19089,2020-11-27,Corse,94.0,1
19090,2020-11-28,Corse,94.0,0
19091,2020-11-29,Corse,94.0,2
19092,2020-11-30,Corse,94.0,0
19093,2020-12-01,Corse,94.0,0
19094,2020-12-02,Corse,94.0,1
19095,2020-12-03,Corse,94.0,0
19096,2020-12-04,Corse,94.0,1
19097,2020-12-05,Corse,94.0,0
19098,2020-12-06,Corse,94.0,1
19099,2020-12-07,Corse,94.0,0
19100,2020-12-08,Corse,94.0,0
19101,2020-12-09,Corse,94.0,0
19102,2020-12-10,Corse,94.0,0
19103,2020-12-11,Corse,94.0,0
19104,2020-12-12,Corse,94.0,0
19105,2020-12-13,Corse,94.0,0
19106,2020-12-14,Corse,94.0,0
19107,2020-12-15,Corse,94.0,1
19108,2020-12-16,Corse,94.0,0
19109,2020-12-17,Corse,94.0,0
19110,2020-12-18,Corse,94.0,0
19111,2020-12-19,Corse,94.0,0
19112,2020-12-20,Corse,94.0,0
19113,2020-12-21,Corse,94.0,0
19114,2020-12-22,Corse,94.0,0
19115,2020-12-23,Corse,94.0,0
19116,2020-12-24,Corse,94.0,0
19117,2020-12-25,Corse,94.0,1
19118,2020-12-26,Corse,94.0,0
19119,2020-12-27,Corse,94.0,0
19120,2020-12-28,Corse,94.0,0
19121,2020-12-29,Corse,94.0,0
19122,2020-12-30,Corse,94.0,1
19123,2020-12-31,Corse,94.0,1
19124,2021-01-01,Corse,94.0,0
19125,2021-01-02,Corse,94.0,0
19126,2021-01-03,Corse,94.0,2
19127,2021-01-04,Corse,94.0,1
19128,2021-01-05,Corse,94.0,2
19129,2021-01-06,Corse,94.0,0
19130,2021-01-07,Corse,94.0,2
19131,2021-01-08,Corse,94.0,1
19132,2021-01-09,Corse,94.0,1
19133,2021-01-10,Corse,94.0,1
19134,2021-01-11,Corse,94.0,3
19135,2021-01-12,Corse,94.0,3
19136,2021-01-13,Corse,94.0,0
19137,2021-01-14,Corse,94.0,1
19138,2021-01-15,Corse,94.0,2
19139,2021-01-16,Corse,94.0,1
19140,2021-01-17,Corse,94.0,0
19141,2021-01-18,Corse,94.0,2
19142,2021-01-19,Corse,94.0,1
19143,2021-01-20,Corse,94.0,1
19144,2021-01-21,Corse,94.0,2
19145,2021-01-22,Corse,94.0,1
19146,2021-01-23,Corse,94.0,2
19147,2021-01-24,Corse,94.0,1
19148,2021-01-25,Corse,94.0,0
19149,2021-01-26,Corse,94.0,1
19150,2021-01-27,Corse,94.0,2
19151,2021-01-28,Corse,94.0,0
19152,2021-01-29,Corse,94.0,0
19153,2021-01-30,Corse,94.0,3
19154,2021-01-31,Corse,94.0,0
19155,2021-02-01,Corse,94.0,1
19156,2021-02-02,Corse,94.0,0
19157,2021-02-03,Corse,94.0,1
19158,2021-02-04,Corse,94.0,0
19159,2021-02-05,Corse,94.0,2
19160,2021-02-06,Corse,94.0,0
19161,2021-02-07,Corse,94.0,1
19162,2021-02-08,Corse,94.0,1
19163,2021-02-09,Corse,94.0,1
19164,2021-02-10,Corse,94.0,3
19165,2021-02-11,Corse,94.0,1
19166,2021-02-12,Corse,94.0,4
19167,2021-02-13,Corse,94.0,0
19168,2021-02-14,Corse,94.0,1
19169,2021-02-15,Corse,94.0,0
19170,2021-02-16,Corse,94.0,0
19171,2021-02-17,Corse,94.0,0
19172,2021-02-18,Corse,94.0,1
19173,2021-02-19,Corse,94.0,5
19174,2021-02-20,Corse,94.0,0
19175,2021-02-21,Corse,94.0,1
19176,2021-02-22,Corse,94.0,0
19177,2021-02-23,Corse,94.0,0
19178,2021-02-24,Corse,94.0,3
19179,2021-02-25,Corse,94.0,0
19180,2021-02-26,Corse,94.0,0
19181,2021-02-27,Corse,94.0,0
19182,2021-02-28,Corse,94.0,2
19183,2021-03-01,Corse,94.0,1
19184,2021-03-02,Corse,94.0,0
19185,2021-03-03,Corse,94.0,4
19186,2021-03-04,Corse,94.0,1
19187,2021-03-05,Corse,94.0,0
19188,2021-03-06,Corse,94.0,1
19189,2021-03-07,Corse,94.0,1
19190,2021-03-08,Corse,94.0,1
19191,2021-03-09,Corse,94.0,0
19192,2021-03-10,Corse,94.0,0
19193,2021-03-11,Corse,94.0,0
19194,2021-03-12,Corse,94.0,2
19195,2021-03-13,Corse,94.0,2
19196,2021-03-14,Corse,94.0,1
19197,2021-03-15,Corse,94.0,1
19198,2021-03-16,Corse,94.0,2
19199,2021-03-17,Corse,94.0,1
19200,2021-03-18,Corse,94.0,1
19201,2021-03-19,Corse,94.0,0
19202,2021-03-20,Corse,94.0,1
19203,2021-03-21,Corse,94.0,0
19204,2021-03-22,Corse,94.0,1
19205,2021-03-23,Corse,94.0,0
19206,2021-03-24,Corse,94.0,0
19207,2021-03-25,Corse,94.0,1
19208,2021-03-26,Corse,94.0,0
19209,2021-03-27,Corse,94.0,1
19210,2021-03-28,Corse,94.0,0
19211,2021-03-29,Corse,94.0,0
19212,2021-03-30,Corse,94.0,2
19213,2021-03-31,Corse,94.0,0
19214,2021-04-01,Corse,94.0,1
19215,2021-04-02,Corse,94.0,3
19216,2021-04-03,Corse,94.0,3
19217,2021-04-04,Corse,94.0,0
19218,2021-04-05,Corse,94.0,0
19219,2021-04-06,Corse,94.0,2
19220,2021-04-07,Corse,94.0,4
19221,2021-04-08,Corse,94.0,0
19222,2021-04-09,Corse,94.0,1
19223,2021-04-10,Corse,94.0,2
19224,2021-04-11,Corse,94.0,1
19225,2021-04-12,Corse,94.0,0
19226,2021-04-13,Corse,94.0,1
19227,2021-04-14,Corse,94.0,3
19228,2021-04-15,Corse,94.0,1
19229,2021-04-16,Corse,94.0,0
19230,2021-04-17,Corse,94.0,1
19231,2021-04-18,Corse,94.0,0
19232,2021-04-19,Corse,94.0,1
19233,2021-04-20,Corse,94.0,2
19234,2021-04-21,Corse,94.0,1
19235,2021-04-22,Corse,94.0,0
19236,2021-04-23,Corse,94.0,2
19237,2021-04-24,Corse,94.0,1
19238,2021-04-25,Corse,94.0,1
19239,2021-04-26,Corse,94.0,0
19240,2021-04-27,Corse,94.0,1
19241,2021-04-28,Corse,94.0,0
19242,2021-04-29,Corse,94.0,1
19243,2021-04-30,Corse,94.0,0
19244,2021-05-01,Corse,94.0,3
19245,2021-05-02,Corse,94.0,0
19246,2021-05-03,Corse,94.0,0
19247,2021-05-04,Corse,94.0,0
19248,2021-05-05,Corse,94.0,0
19249,2021-05-06,Corse,94.0,1
19250,2021-05-07,Corse,94.0,1
19251,2021-05-08,Corse,94.0,1
19252,2021-05-09,Corse,94.0,0
19253,2021-05-10,Corse,94.0,1
19254,2021-05-11,Corse,94.0,0
19255,2021-05-12,Corse,94.0,0
19256,2021-05-13,Corse,94.0,0
19257,2021-05-14,Corse,94.0,0
19258,2021-05-15,Corse,94.0,0
19259,2021-05-16,Corse,94.0,0
19260,2021-05-17,Corse,94.0,0
19261,2021-05-18,Corse,94.0,0
19262,2021-05-19,Corse,94.0,0
19263,2021-05-20,Corse,94.0,1
19264,2021-05-21,Corse,94.0,0
19265,2021-05-22,Corse,94.0,0
19266,2021-05-23,Corse,94.0,1
19267,2021-05-24,Corse,94.0,0
19268,2021-05-25,Corse,94.0,0
19269,2021-05-26,Corse,94.0,0
19270,2021-05-27,Corse,94.0,0
19271,2021-05-28,Corse,94.0,1
19272,2021-05-29,Corse,94.0,0
19273,2021-05-30,Corse,94.0,0
19274,2021-05-31,Corse,94.0,0
19275,2021-06-01,Corse,94.0,1
19276,2021-06-02,Corse,94.0,0
19277,2021-06-03,Corse,94.0,0
19278,2021-06-04,Corse,94.0,0
19279,2021-06-05,Corse,94.0,0
19280,2021-06-06,Corse,94.0,0
19281,2021-06-07,Corse,94.0,0
19282,2021-06-08,Corse,94.0,1
19283,2021-06-09,Corse,94.0,0
19284,2021-06-10,Corse,94.0,0
19285,2021-06-11,Corse,94.0,1
19286,2021-06-12,Corse,94.0,0
19287,2021-06-13,Corse,94.0,0
19288,2021-06-14,Corse,94.0,0
19289,2021-06-15,Corse,94.0,0
19290,2021-06-16,Corse,94.0,0
19291,2021-06-17,Corse,94.0,0
19292,2021-06-18,Corse,94.0,0
19293,2021-06-19,Corse,94.0,0
19294,2021-06-20,Corse,94.0,0
19295,2021-06-21,Corse,94.0,0
19296,2021-06-22,Corse,94.0,0
19297,2021-06-23,Corse,94.0,0
19298,2021-06-24,Corse,94.0,0
19299,2021-06-25,Corse,94.0,0
19300,2021-06-26,Corse,94.0,0
19301,2021-06-27,Corse,94.0,0
19302,2021-06-28,Corse,94.0,0
19303,2021-06-29,Corse,94.0,0
19304,2021-06-30,Corse,94.0,0
19305,2021-07-01,Corse,94.0,0
19306,2021-07-02,Corse,94.0,0
19307,2021-07-03,Corse,94.0,0
19308,2021-07-04,Corse,94.0,0
19309,2021-07-05,Corse,94.0,0
19310,2021-07-06,Corse,94.0,0
19311,2021-07-07,Corse,94.0,0
19312,2021-07-08,Corse,94.0,0
19313,2021-07-09,Corse,94.0,1
19314,2021-07-10,Corse,94.0,0
19315,2021-07-11,Corse,94.0,0
19316,2021-07-12,Corse,94.0,0
19317,2021-07-13,Corse,94.0,1
19318,2021-07-14,Corse,94.0,1
19319,2021-07-15,Corse,94.0,0
19320,2021-07-16,Corse,94.0,0
19321,2021-07-17,Corse,94.0,0
19322,2021-07-18,Corse,94.0,0
19323,2021-07-19,Corse,94.0,0
19324,2021-07-20,Corse,94.0,1
19325,2021-07-21,Corse,94.0,0
19326,2021-07-22,Corse,94.0,0
19327,2021-07-23,Corse,94.0,0
19328,2021-07-24,Corse,94.0,1
19329,2021-07-25,Corse,94.0,0
19330,2021-07-26,Corse,94.0,2
19331,2021-07-27,Corse,94.0,2
19332,2021-07-28,Corse,94.0,0
19333,2021-07-29,Corse,94.0,1
19334,2021-07-30,Corse,94.0,1
19335,2021-07-31,Corse,94.0,4
19336,2021-08-01,Corse,94.0,2
19337,2021-08-02,Corse,94.0,3
19338,2021-08-03,Corse,94.0,3
19339,2021-08-04,Corse,94.0,0
19340,2021-08-05,Corse,94.0,2
19341,2021-08-06,Corse,94.0,3
19342,2021-08-07,Corse,94.0,2
19343,2021-08-08,Corse,94.0,2
19344,2021-08-09,Corse,94.0,2
19345,2021-08-10,Corse,94.0,3
19346,2021-08-11,Corse,94.0,1
19347,2021-08-12,Corse,94.0,6
19348,2021-08-13,Corse,94.0,1
19349,2021-08-14,Corse,94.0,1
19350,2021-08-15,Corse,94.0,1
19351,2021-08-16,Corse,94.0,2
19352,2021-08-17,Corse,94.0,1
19353,2021-08-18,Corse,94.0,1
19354,2021-08-19,Corse,94.0,1
19355,2021-08-20,Corse,94.0,3
19356,2021-08-21,Corse,94.0,1
19357,2021-08-22,Corse,94.0,1
19358,2021-08-23,Corse,94.0,0
19359,2021-08-24,Corse,94.0,1
19360,2021-08-25,Corse,94.0,2
19361,2021-08-26,Corse,94.0,3
19362,2021-08-27,Corse,94.0,0
19363,2021-08-28,Corse,94.0,2
19364,2021-08-29,Corse,94.0,1
19365,2021-08-30,Corse,94.0,3
19366,2021-08-31,Corse,94.0,2
19367,2021-09-01,Corse,94.0,2
19368,2021-09-02,Corse,94.0,1
19369,2021-09-03,Corse,94.0,0
19370,2021-09-04,Corse,94.0,1
19371,2021-09-05,Corse,94.0,1
19372,2021-09-06,Corse,94.0,0
19373,2021-09-07,Corse,94.0,0
19374,2021-09-08,Corse,94.0,1
19375,2021-09-09,Corse,94.0,0
19376,2021-09-10,Corse,94.0,1
19377,2021-09-11,Corse,94.0,0
19378,2021-09-12,Corse,94.0,0
19379,2021-09-13,Corse,94.0,0
19380,2021-09-14,Corse,94.0,0
19381,2021-09-15,Corse,94.0,1
19382,2021-09-16,Corse,94.0,0
19383,2021-09-17,Corse,94.0,2
19384,2021-09-18,Corse,94.0,0
19385,2021-09-19,Corse,94.0,0
19386,2021-09-20,Corse,94.0,0
19387,2021-09-21,Corse,94.0,0
19388,2021-09-22,Corse,94.0,0
19389,2021-09-23,Corse,94.0,2
19390,2021-09-24,Corse,94.0,0
19391,2021-09-25,Corse,94.0,0
19392,2021-09-26,Corse,94.0,0
19393,2021-09-27,Corse,94.0,1
19394,2021-09-28,Corse,94.0,1
19395,2021-09-29,Corse,94.0,0
19396,2021-09-30,Corse,94.0,0
19397,2021-10-01,Corse,94.0,0
19398,2021-10-02,Corse,94.0,0
19399,2021-10-03,Corse,94.0,0
19400,2021-10-04,Corse,94.0,1
19401,2021-10-05,Corse,94.0,1
19402,2021-10-06,Corse,94.0,0
19403,2021-10-07,Corse,94.0,0
19404,2021-10-08,Corse,94.0,0
19405,2021-10-09,Corse,94.0,0
19406,2021-10-10,Corse,94.0,0
19407,2021-10-11,Corse,94.0,0
19408,2021-10-12,Corse,94.0,0
19409,2021-10-13,Corse,94.0,0
19410,2021-10-14,Corse,94.0,1
19411,2021-10-15,Corse,94.0,1
19412,2021-10-16,Corse,94.0,0
19413,2021-10-17,Corse,94.0,0
19414,2021-10-18,Corse,94.0,1
19415,2021-10-19,Corse,94.0,0
19416,2021-10-20,Corse,94.0,0
19417,2021-10-21,Corse,94.0,0
19418,2021-10-22,Corse,94.0,0
19419,2021-10-23,Corse,94.0,0
19420,2021-10-24,Corse,94.0,0
19421,2021-10-25,Corse,94.0,1
19422,2021-10-26,Corse,94.0,0
19423,2021-10-27,Corse,94.0,1
19424,2021-10-28,Corse,94.0,0
19425,2021-10-29,Corse,94.0,2
19426,2021-10-30,Corse,94.0,2
19427,2021-10-31,Corse,94.0,0
19428,2021-11-01,Corse,94.0,2
19429,2021-11-02,Corse,94.0,1
19430,2021-11-03,Corse,94.0,1
19431,2021-11-04,Corse,94.0,1
19432,2021-11-05,Corse,94.0,1
19433,2021-11-06,Corse,94.0,0
19434,2021-11-07,Corse,94.0,1
19435,2021-11-08,Corse,94.0,0
19436,2021-11-09,Corse,94.0,1
19437,2021-11-10,Corse,94.0,1
19438,2021-11-11,Corse,94.0,0
19439,2021-11-12,Corse,94.0,0
19440,2021-11-13,Corse,94.0,0
19441,2021-11-14,Corse,94.0,0
19442,2021-11-15,Corse,94.0,0
19443,2021-11-16,Corse,94.0,1
19444,2021-11-17,Corse,94.0,0
19445,2021-11-18,Corse,94.0,0
19446,2021-11-19,Corse,94.0,2
19447,2021-11-20,Corse,94.0,0
19448,2021-11-21,Corse,94.0,0
19449,2021-11-22,Corse,94.0,0
19450,2021-11-23,Corse,94.0,1
19451,2021-11-24,Corse,94.0,3
19452,2021-11-25,Corse,94.0,1
19453,2021-11-26,Corse,94.0,3
19454,2021-11-27,Corse,94.0,0
19455,2021-11-28,Corse,94.0,2
19456,2021-11-29,Corse,94.0,2
19457,2021-11-30,Corse,94.0,0
19458,2021-12-01,Corse,94.0,2
19459,2021-12-02,Corse,94.0,0
19460,2021-12-03,Corse,94.0,3
19461,2021-12-04,Corse,94.0,0
19462,2021-12-05,Corse,94.0,2
19463,2021-12-06,Corse,94.0,1
19464,2021-12-07,Corse,94.0,3
19465,2021-12-08,Corse,94.0,3
19466,2021-12-09,Corse,94.0,1
19467,2021-12-10,Corse,94.0,0
19468,2021-12-11,Corse,94.0,1
19469,2021-12-12,Corse,94.0,1
19470,2021-12-13,Corse,94.0,0
19471,2021-12-14,Corse,94.0,2
19472,2021-12-15,Corse,94.0,3
19473,2021-12-16,Corse,94.0,3
19474,2021-12-17,Corse,94.0,3
19475,2021-12-18,Corse,94.0,1
19476,2021-12-19,Corse,94.0,1
19477,2021-12-20,Corse,94.0,2
19478,2021-12-21,Corse,94.0,7
19479,2021-12-22,Corse,94.0,1
19480,2021-12-23,Corse,94.0,3
19481,2021-12-24,Corse,94.0,3
19482,2021-12-25,Corse,94.0,4
19483,2021-12-26,Corse,94.0,4
19484,2021-12-27,Corse,94.0,2
19485,2021-12-28,Corse,94.0,4
19486,2021-12-29,Corse,94.0,4
19487,2021-12-30,Corse,94.0,2
19488,2021-12-31,Corse,94.0,2
19489,2022-01-01,Corse,94.0,3
19490,2022-01-02,Corse,94.0,2
19491,2022-01-03,Corse,94.0,1
19492,2022-01-04,Corse,94.0,5
19493,2022-01-05,Corse,94.0,1
19494,2022-01-06,Corse,94.0,4
19495,2022-01-07,Corse,94.0,0
19496,2022-01-08,Corse,94.0,1
19497,2022-01-09,Corse,94.0,1
19498,2022-01-10,Corse,94.0,5
19499,2022-01-11,Corse,94.0,8
19500,2022-01-12,Corse,94.0,1
19501,2022-01-13,Corse,94.0,1
19502,2022-01-14,Corse,94.0,1
19503,2022-01-15,Corse,94.0,4
19504,2022-01-16,Corse,94.0,0
19505,2022-01-17,Corse,94.0,1
19506,2022-01-18,Corse,94.0,1
19507,2022-01-19,Corse,94.0,0
19508,2022-01-20,Corse,94.0,1
19509,2022-01-21,Corse,94.0,0
19510,2022-01-22,Corse,94.0,0
19511,2022-01-23,Corse,94.0,0
19512,2022-01-24,Corse,94.0,1
19513,2022-01-25,Corse,94.0,0
19514,2022-01-26,Corse,94.0,3
19515,2022-01-27,Corse,94.0,2
19516,2022-01-28,Corse,94.0,1
19517,2022-01-29,Corse,94.0,0
19518,2022-01-30,Corse,94.0,1
19519,2022-01-31,Corse,94.0,0
19520,2022-02-01,Corse,94.0,2
19521,2022-02-02,Corse,94.0,3
19522,2022-02-03,Corse,94.0,2
19523,2022-02-04,Corse,94.0,2
19524,2022-02-05,Corse,94.0,1
19525,2022-02-06,Corse,94.0,2
19526,2022-02-07,Corse,94.0,1
19527,2022-02-08,Corse,94.0,0
19528,2022-02-09,Corse,94.0,0
19529,2022-02-10,Corse,94.0,1
19530,2022-02-11,Corse,94.0,1
19531,2022-02-12,Corse,94.0,2
19532,2022-02-13,Corse,94.0,1
19533,2022-02-14,Corse,94.0,0
19534,2022-02-15,Corse,94.0,2
19535,2022-02-16,Corse,94.0,1
19536,2022-02-17,Corse,94.0,0
19537,2022-02-18,Corse,94.0,1
19538,2022-02-19,Corse,94.0,1
19539,2022-02-20,Corse,94.0,0
19540,2022-02-21,Corse,94.0,1
19541,2022-02-22,Corse,94.0,1
19542,2022-02-23,Corse,94.0,1
19543,2022-02-24,Corse,94.0,2
19544,2022-02-25,Corse,94.0,3
19545,2022-02-26,Corse,94.0,1
19546,2022-02-27,Corse,94.0,0
19547,2022-02-28,Corse,94.0,1
19548,2022-03-01,Corse,94.0,0
19549,2022-03-02,Corse,94.0,0
19550,2022-03-03,Corse,94.0,2
19551,2022-03-04,Corse,94.0,2
19552,2022-03-05,Corse,94.0,0
19553,2022-03-06,Corse,94.0,1
19554,2022-03-07,Corse,94.0,0
19555,2022-03-08,Corse,94.0,0
19556,2022-03-09,Corse,94.0,0
19557,2022-03-10,Corse,94.0,1
19558,2022-03-11,Corse,94.0,1
19559,2022-03-12,Corse,94.0,1
19560,2022-03-13,Corse,94.0,0
19561,2022-03-14,Corse,94.0,3
19562,2022-03-15,Corse,94.0,0
19563,2022-03-16,Corse,94.0,0
19564,2022-03-17,Corse,94.0,2
19565,2022-03-18,Corse,94.0,0
19566,2022-03-19,Corse,94.0,1
19567,2022-03-20,Corse,94.0,2
19568,2022-03-21,Corse,94.0,0
19569,2022-03-22,Corse,94.0,3
19570,2022-03-23,Corse,94.0,1
19571,2022-03-24,Corse,94.0,1
19572,2022-03-25,Corse,94.0,0
19573,2022-03-26,Corse,94.0,0
19574,2022-03-27,Corse,94.0,0
19575,2022-03-28,Corse,94.0,1
19576,2022-03-29,Corse,94.0,1
19577,2022-03-30,Corse,94.0,2
19578,2022-03-31,Corse,94.0,1
19579,2022-04-01,Corse,94.0,0
19580,2022-04-02,Corse,94.0,1
19581,2022-04-03,Corse,94.0,0
19582,2022-04-04,Corse,94.0,4
19583,2022-04-05,Corse,94.0,0
19584,2022-04-06,Corse,94.0,1
19585,2022-04-07,Corse,94.0,1
19586,2022-04-08,Corse,94.0,0
19587,2022-04-09,Corse,94.0,2
19588,2022-04-10,Corse,94.0,1
19589,2022-04-11,Corse,94.0,2
19590,2022-04-12,Corse,94.0,4
19591,2022-04-13,Corse,94.0,4
19592,2022-04-14,Corse,94.0,0
19593,2022-04-15,Corse,94.0,1
19594,2022-04-16,Corse,94.0,0
19595,2022-04-17,Corse,94.0,0
19596,2022-04-18,Corse,94.0,1
19597,2022-04-19,Corse,94.0,1
19598,2022-04-20,Corse,94.0,3
19599,2022-04-21,Corse,94.0,2
19600,2022-04-22,Corse,94.0,2
19601,2022-04-23,Corse,94.0,0
19602,2022-04-24,Corse,94.0,0
19603,2022-04-25,Corse,94.0,4
19604,2022-04-26,Corse,94.0,4
19605,2022-04-27,Corse,94.0,3
19606,2022-04-28,Corse,94.0,1
19607,2022-04-29,Corse,94.0,1
19608,2022-04-30,Corse,94.0,1
19609,2022-05-01,Corse,94.0,1
19610,2022-05-02,Corse,94.0,2
19611,2022-05-03,Corse,94.0,0
19612,2022-05-04,Corse,94.0,0
19613,2022-05-05,Corse,94.0,1
19614,2022-05-06,Corse,94.0,0
19615,2022-05-07,Corse,94.0,0
19616,2022-05-08,Corse,94.0,0
19617,2022-05-09,Corse,94.0,1
19618,2022-05-10,Corse,94.0,4
19619,2022-05-11,Corse,94.0,0
19620,2022-05-12,Corse,94.0,0
19621,2022-05-13,Corse,94.0,0
19622,2022-05-14,Corse,94.0,1
19623,2022-05-15,Corse,94.0,0
19624,2022-05-16,Corse,94.0,0
19625,2022-05-17,Corse,94.0,0
19626,2022-05-18,Corse,94.0,0
19627,2022-05-19,Corse,94.0,0
19628,2022-05-20,Corse,94.0,0
19629,2022-05-21,Corse,94.0,0
19630,2022-05-22,Corse,94.0,0
19631,2022-05-23,Corse,94.0,0
19632,2022-05-24,Corse,94.0,0
19633,2022-05-25,Corse,94.0,0
19634,2022-05-26,Corse,94.0,0
19635,2022-05-27,Corse,94.0,0
19636,2022-05-28,Corse,94.0,0
19637,2022-05-29,Corse,94.0,0
19638,2022-05-30,Corse,94.0,2
19639,2022-05-31,Corse,94.0,0
19640,2022-06-01,Corse,94.0,0
19641,2022-06-02,Corse,94.0,0
19642,2022-06-03,Corse,94.0,1
19643,2022-06-04,Corse,94.0,0
19644,2022-06-05,Corse,94.0,0
19645,2022-06-06,Corse,94.0,0
19646,2022-06-07,Corse,94.0,0
19647,2022-06-08,Corse,94.0,0
19648,2022-06-09,Corse,94.0,0
19649,2022-06-10,Corse,94.0,1
19650,2022-06-11,Corse,94.0,0
19651,2022-06-12,Corse,94.0,0
19652,2022-06-13,Corse,94.0,0
19653,2022-06-14,Corse,94.0,0
19654,2022-06-15,Corse,94.0,0
19655,2022-06-16,Corse,94.0,0
19656,2022-06-17,Corse,94.0,0
19657,2022-06-18,Corse,94.0,0
19658,2022-06-19,Corse,94.0,0
19659,2022-06-20,Corse,94.0,0
19660,2022-06-21,Corse,94.0,0
19661,2022-06-22,Corse,94.0,0
19662,2022-06-23,Corse,94.0,0
19663,2022-06-24,Corse,94.0,1
19664,2022-06-25,Corse,94.0,0
19665,2022-06-26,Corse,94.0,0
19666,2022-06-27,Corse,94.0,1
19667,2022-06-28,Corse,94.0,1
19668,2022-06-29,Corse,94.0,0
19669,2022-06-30,Corse,94.0,0
19670,2022-07-01,Corse,94.0,3
19671,2022-07-02,Corse,94.0,0
19672,2022-07-03,Corse,94.0,0
19673,2022-07-04,Corse,94.0,1
19674,2022-07-05,Corse,94.0,2
19675,2022-07-06,Corse,94.0,3
19676,2022-07-07,Corse,94.0,2
19677,2022-07-08,Corse,94.0,0
19678,2022-07-09,Corse,94.0,1
19679,2022-07-10,Corse,94.0,0
19680,2022-07-11,Corse,94.0,0
19681,2022-07-12,Corse,94.0,0
19682,2022-07-13,Corse,94.0,0
19683,2022-07-14,Corse,94.0,1
19684,2022-07-15,Corse,94.0,0
19685,2022-07-16,Corse,94.0,0
19686,2022-07-17,Corse,94.0,0
19687,2022-07-18,Corse,94.0,0
19688,2022-07-19,Corse,94.0,2
19689,2022-07-20,Corse,94.0,2
19690,2022-07-21,Corse,94.0,1
19691,2022-07-22,Corse,94.0,1
19692,2022-07-23,Corse,94.0,0
19693,2022-07-24,Corse,94.0,0
19694,2022-07-25,Corse,94.0,3
19695,2022-07-26,Corse,94.0,2
19696,2022-07-27,Corse,94.0,0
19697,2022-07-28,Corse,94.0,0
19698,2022-07-29,Corse,94.0,3
19699,2022-07-30,Corse,94.0,0
19700,2022-07-31,Corse,94.0,1
19701,2022-08-01,Corse,94.0,3
19702,2022-08-02,Corse,94.0,0
19703,2022-08-03,Corse,94.0,0
19704,2022-08-04,Corse,94.0,2
19705,2022-08-05,Corse,94.0,2
19706,2022-08-06,Corse,94.0,0
19707,2022-08-07,Corse,94.0,0
19708,2022-08-08,Corse,94.0,1
19709,2022-08-09,Corse,94.0,1
19710,2022-08-10,Corse,94.0,1
19711,2022-08-11,Corse,94.0,0
19712,2022-08-12,Corse,94.0,2
19713,2022-08-13,Corse,94.0,0
19714,2022-08-14,Corse,94.0,0
19715,2022-08-15,Corse,94.0,0
19716,2022-08-16,Corse,94.0,3
19717,2022-08-17,Corse,94.0,1
19718,2022-08-18,Corse,94.0,0
19719,2022-08-19,Corse,94.0,4
19720,2022-08-20,Corse,94.0,0
19721,2022-08-21,Corse,94.0,0
19722,2022-08-22,Corse,94.0,0
19723,2022-08-23,Corse,94.0,0
19724,2022-08-24,Corse,94.0,1
19725,2022-08-25,Corse,94.0,0
19726,2022-08-26,Corse,94.0,2
19727,2022-08-27,Corse,94.0,0
19728,2022-08-28,Corse,94.0,0
19729,2022-08-29,Corse,94.0,0
19730,2022-08-30,Corse,94.0,2
19731,2022-08-31,Corse,94.0,1
19732,2022-09-01,Corse,94.0,0
19733,2022-09-02,Corse,94.0,0
19734,2022-09-03,Corse,94.0,0
19735,2022-09-04,Corse,94.0,0
19736,2022-09-05,Corse,94.0,1
19737,2022-09-06,Corse,94.0,0
19738,2022-09-07,Corse,94.0,0
19739,2022-09-08,Corse,94.0,0
19740,2022-09-09,Corse,94.0,0
19741,2022-09-10,Corse,94.0,0
19742,2022-09-11,Corse,94.0,0
19743,2022-09-12,Corse,94.0,0
19744,2022-09-13,Corse,94.0,0
19745,2022-09-14,Corse,94.0,0
19746,2022-09-15,Corse,94.0,0
19747,2022-09-16,Corse,94.0,0
19748,2022-09-17,Corse,94.0,0
19749,2022-09-18,Corse,94.0,0
19750,2022-09-19,Corse,94.0,0
19751,2022-09-20,Corse,94.0,0
19752,2022-09-21,Corse,94.0,0
19753,2022-09-22,Corse,94.0,0
19754,2022-09-23,Corse,94.0,0
19755,2022-09-24,Corse,94.0,0
19756,2022-09-25,Corse,94.0,0
19757,2022-09-26,Corse,94.0,1
19758,2022-09-27,Corse,94.0,1
19759,2022-09-28,Corse,94.0,0
19760,2022-09-29,Corse,94.0,0
19761,2022-09-30,Corse,94.0,0
19762,2022-10-01,Corse,94.0,0
19763,2022-10-02,Corse,94.0,0
19764,2022-10-03,Corse,94.0,0
19765,2022-10-04,Corse,94.0,0
19766,2022-10-05,Corse,94.0,0
19767,2022-10-06,Corse,94.0,0
19768,2022-10-07,Corse,94.0,0
19769,2022-10-08,Corse,94.0,0
19770,2022-10-09,Corse,94.0,0
19771,2022-10-10,Corse,94.0,0
19772,2022-10-11,Corse,94.0,0
19773,2022-10-12,Corse,94.0,2
19774,2022-10-13,Corse,94.0,0
19775,2022-10-14,Corse,94.0,0
19776,2022-10-15,Corse,94.0,0
19777,2022-10-16,Corse,94.0,3
19778,2022-10-17,Corse,94.0,1
19779,2022-10-18,Corse,94.0,0
19780,2022-10-19,Corse,94.0,0
19781,2022-10-20,Corse,94.0,1
19782,2022-10-21,Corse,94.0,1
19783,2022-10-22,Corse,94.0,0
19784,2022-10-23,Corse,94.0,0
19785,2022-10-24,Corse,94.0,0
19786,2022-10-25,Corse,94.0,1
19787,2022-10-26,Corse,94.0,0
19788,2022-10-27,Corse,94.0,0
19789,2022-10-28,Corse,94.0,0
19790,2022-10-29,Corse,94.0,0
19791,2022-10-30,Corse,94.0,0
19792,2022-10-31,Corse,94.0,1
19793,2022-11-01,Corse,94.0,0
19794,2022-11-02,Corse,94.0,2
19795,2022-11-03,Corse,94.0,2
19796,2022-11-04,Corse,94.0,0
19797,2022-11-05,Corse,94.0,0
19798,2022-11-06,Corse,94.0,0
19799,2022-11-07,Corse,94.0,0
19800,2022-11-08,Corse,94.0,1
19801,2022-11-09,Corse,94.0,2
19802,2022-11-10,Corse,94.0,0
19803,2022-11-11,Corse,94.0,0
19804,2022-11-12,Corse,94.0,0
19805,2022-11-13,Corse,94.0,0
19806,2022-11-14,Corse,94.0,1
19807,2022-11-15,Corse,94.0,1
19808,2022-11-16,Corse,94.0,0
19809,2022-11-17,Corse,94.0,0
19810,2022-11-18,Corse,94.0,2
19811,2022-11-19,Corse,94.0,0
19812,2022-11-20,Corse,94.0,0
19813,2022-11-21,Corse,94.0,0
19814,2022-11-22,Corse,94.0,2
19815,2022-11-23,Corse,94.0,1
19816,2022-11-24,Corse,94.0,0
19817,2022-11-25,Corse,94.0,2
19818,2022-11-26,Corse,94.0,0
19819,2022-11-27,Corse,94.0,0
19820,2022-11-28,Corse,94.0,0
19821,2022-11-29,Corse,94.0,0
19822,2022-11-30,Corse,94.0,1
19823,2022-12-01,Corse,94.0,0
19824,2022-12-02,Corse,94.0,3
19825,2022-12-03,Corse,94.0,1
19826,2022-12-04,Corse,94.0,0
19827,2022-12-05,Corse,94.0,1
19828,2022-12-06,Corse,94.0,0
19829,2022-12-07,Corse,94.0,1
19830,2022-12-08,Corse,94.0,1
19831,2022-12-09,Corse,94.0,0
19832,2022-12-10,Corse,94.0,0
19833,2022-12-11,Corse,94.0,0
19834,2022-12-12,Corse,94.0,1
19835,2022-12-13,Corse,94.0,1
19836,2022-12-14,Corse,94.0,1
19837,2022-12-15,Corse,94.0,0
19838,2022-12-16,Corse,94.0,0
19839,2022-12-17,Corse,94.0,0
19840,2022-12-18,Corse,94.0,0
19841,2022-12-19,Corse,94.0,0
19842,2022-12-20,Corse,94.0,2
19843,2022-12-21,Corse,94.0,0
19844,2022-12-22,Corse,94.0,0
19845,2022-12-23,Corse,94.0,0
19846,2022-12-24,Corse,94.0,0
19847,2022-12-25,Corse,94.0,0
19848,2022-12-26,Corse,94.0,2
19849,2022-12-27,Corse,94.0,1
19850,2022-12-28,Corse,94.0,0
19851,2022-12-29,Corse,94.0,1
19852,2022-12-30,Corse,94.0,0
19853,2022-12-31,Corse,94.0,0
19854,2023-01-01,Corse,94.0,0
19855,2023-01-02,Corse,94.0,1
19856,2023-01-03,Corse,94.0,1
19857,2023-01-04,Corse,94.0,0
19858,2023-01-05,Corse,94.0,0
19859,2023-01-06,Corse,94.0,0
19860,2023-01-07,Corse,94.0,0
19861,2023-01-08,Corse,94.0,0
19862,2023-01-09,Corse,94.0,1
19863,2023-01-10,Corse,94.0,0
19864,2023-01-11,Corse,94.0,0
19865,2023-01-12,Corse,94.0,0
19866,2023-01-13,Corse,94.0,0
19867,2023-01-14,Corse,94.0,0
19868,2023-01-15,Corse,94.0,0
19869,2023-01-16,Corse,94.0,0
19870,2023-01-17,Corse,94.0,0
19871,2023-01-18,Corse,94.0,0
19872,2023-01-19,Corse,94.0,0
19873,2023-01-20,Corse,94.0,0
19874,2023-01-21,Corse,94.0,0
19875,2023-01-22,Corse,94.0,0
19876,2023-01-23,Corse,94.0,0
19877,2023-01-24,Corse,94.0,0
19878,2023-01-25,Corse,94.0,0
19879,2023-01-26,Corse,94.0,0
19880,2023-01-27,Corse,94.0,1
19881,2023-01-28,Corse,94.0,0
19882,2023-01-29,Corse,94.0,0
19883,2023-01-30,Corse,94.0,0
19884,2023-01-31,Corse,94.0,0
19885,2023-02-01,Corse,94.0,0
19886,2023-02-02,Corse,94.0,0
19887,2023-02-03,Corse,94.0,0
19888,2023-02-04,Corse,94.0,0
19889,2023-02-05,Corse,94.0,0
19890,2023-02-06,Corse,94.0,0
19891,2023-02-07,Corse,94.0,1
19892,2023-02-08,Corse,94.0,0
19893,2023-02-09,Corse,94.0,0
19894,2023-02-10,Corse,94.0,0
19895,2023-02-11,Corse,94.0,0
19896,2023-02-12,Corse,94.0,0
19897,2023-02-13,Corse,94.0,0
19898,2023-02-14,Corse,94.0,0
19899,2023-02-15,Corse,94.0,1
19900,2023-02-16,Corse,94.0,0
19901,2023-02-17,Corse,94.0,0
19902,2023-02-18,Corse,94.0,0
19903,2023-02-19,Corse,94.0,0
19904,2023-02-20,Corse,94.0,0
19905,2023-02-21,Corse,94.0,0
19906,2023-02-22,Corse,94.0,0
19907,2023-02-23,Corse,94.0,0
19908,2023-02-24,Corse,94.0,0
19909,2023-02-25,Corse,94.0,0
19910,2023-02-26,Corse,94.0,0
19911,2023-02-27,Corse,94.0,0
19912,2023-02-28,Corse,94.0,0
19913,2023-03-01,Corse,94.0,0
19914,2023-03-02,Corse,94.0,0
19915,2023-03-03,Corse,94.0,0
19916,2023-03-04,Corse,94.0,0
19917,2023-03-05,Corse,94.0,0
19918,2023-03-06,Corse,94.0,0
19919,2023-03-07,Corse,94.0,0
19920,2023-03-08,Corse,94.0,0
19921,2023-03-09,Corse,94.0,0
19922,2023-03-10,Corse,94.0,0
19923,2023-03-11,Corse,94.0,0
19924,2023-03-12,Corse,94.0,0
19925,2023-03-13,Corse,94.0,2
19926,2023-03-14,Corse,94.0,1
19927,2023-03-15,Corse,94.0,0
19928,2023-03-16,Corse,94.0,0
19929,2023-03-17,Corse,94.0,0
19930,2023-03-18,Corse,94.0,0
19931,2023-03-19,Corse,94.0,0
19932,2023-03-20,Corse,94.0,0
19933,2023-03-21,Corse,94.0,1
19934,2023-03-22,Corse,94.0,0
19935,2023-03-23,Corse,94.0,1
19936,2023-03-24,Corse,94.0,0
19937,2023-03-25,Corse,94.0,0
19938,2023-03-26,Corse,94.0,0
19939,2023-03-27,Corse,94.0,0
19940,2023-03-28,Corse,94.0,0
19941,2023-03-29,Corse,94.0,0
19942,2023-03-30,Corse,94.0,0
19943,2023-03-31,Corse,94.0,0
19944,2020-03-19,,,0
19945,2020-03-20,,,0
19946,2020-03-21,,,0
19947,2020-03-22,,,0
19948,2020-03-23,,,0
19949,2020-03-24,,,0
19950,2020-03-25,,,0
19951,2020-03-26,,,0
19952,2020-03-27,,,0
19953,2020-03-28,,,0
19954,2020-03-29,,,0
19955,2020-03-30,,,0
19956,2020-03-31,,,0
19957,2020-04-01,,,0
19958,2020-04-02,,,0
19959,2020-04-03,,,0
19960,2020-04-04,,,0
19961,2020-04-05,,,0
19962,2020-04-06,,,0
19963,2020-04-07,,,0
19964,2020-04-08,,,0
19965,2020-04-09,,,0
19966,2020-04-10,,,0
19967,2020-04-11,,,0
19968,2020-04-12,,,0
19969,2020-04-13,,,0
19970,2020-04-14,,,0
19971,2020-04-15,,,0
19972,2020-04-16,,,0
19973,2020-04-17,,,0
19974,2020-04-18,,,0
19975,2020-04-19,,,0
19976,2020-04-20,,,0
19977,2020-04-21,,,0
19978,2020-04-22,,,0
19979,2020-04-23,,,0
19980,2020-04-24,,,0
19981,2020-04-25,,,0
19982,2020-04-26,,,0
19983,2020-04-27,,,0
19984,2020-04-28,,,0
19985,2020-04-29,,,0
19986,2020-04-30,,,0
19987,2020-05-01,,,0
19988,2020-05-02,,,0
19989,2020-05-03,,,0
19990,2020-05-04,,,0
19991,2020-05-05,,,0
19992,2020-05-06,,,0
19993,2020-05-07,,,0
19994,2020-05-08,,,0
19995,2020-05-09,,,0
19996,2020-05-10,,,0
19997,2020-05-11,,,0
19998,2020-05-12,,,0
19999,2020-05-13,,,0
20000,2020-05-14,,,0
20001,2020-05-15,,,0
20002,2020-05-16,,,0
20003,2020-05-17,,,0
20004,2020-05-18,,,0
20005,2020-05-19,,,0
20006,2020-05-20,,,0
20007,2020-05-21,,,0
20008,2020-05-22,,,0
20009,2020-05-23,,,0
20010,2020-05-24,,,0
20011,2020-05-25,,,0
20012,2020-05-26,,,0
20013,2020-05-27,,,0
20014,2020-05-28,,,0
20015,2020-05-29,,,0
20016,2020-05-30,,,0
20017,2020-05-31,,,0
20018,2020-06-01,,,0
20019,2020-06-02,,,0
20020,2020-06-03,,,0
20021,2020-06-04,,,0
20022,2020-06-05,,,0
20023,2020-06-06,,,0
20024,2020-06-07,,,0
20025,2020-06-08,,,0
20026,2020-06-09,,,0
20027,2020-06-10,,,0
20028,2020-06-11,,,0
20029,2020-06-12,,,0
20030,2020-06-13,,,0
20031,2020-06-14,,,0
20032,2020-06-15,,,0
20033,2020-06-16,,,0
20034,2020-06-17,,,0
20035,2020-06-18,,,0
20036,2020-06-19,,,0
20037,2020-06-20,,,0
20038,2020-06-21,,,0
20039,2020-06-22,,,0
20040,2020-06-23,,,0
20041,2020-06-24,,,0
20042,2020-06-25,,,0
20043,2020-06-26,,,0
20044,2020-06-27,,,0
20045,2020-06-28,,,0
20046,2020-06-29,,,0
20047,2020-06-30,,,0
20048,2020-07-01,,,0
20049,2020-07-02,,,0
20050,2020-07-03,,,0
20051,2020-07-04,,,0
20052,2020-07-05,,,0
20053,2020-07-06,,,0
20054,2020-07-07,,,0
20055,2020-07-08,,,0
20056,2020-07-09,,,0
20057,2020-07-10,,,0
20058,2020-07-11,,,0
20059,2020-07-12,,,0
20060,2020-07-13,,,0
20061,2020-07-14,,,0
20062,2020-07-15,,,0
20063,2020-07-16,,,0
20064,2020-07-17,,,0
20065,2020-07-18,,,0
20066,2020-07-19,,,0
20067,2020-07-20,,,0
20068,2020-07-21,,,0
20069,2020-07-22,,,0
20070,2020-07-23,,,0
20071,2020-07-24,,,0
20072,2020-07-25,,,0
20073,2020-07-26,,,0
20074,2020-07-27,,,0
20075,2020-07-28,,,0
20076,2020-07-29,,,0
20077,2020-07-30,,,0
20078,2020-07-31,,,0
20079,2020-08-01,,,0
20080,2020-08-02,,,0
20081,2020-08-03,,,0
20082,2020-08-04,,,0
20083,2020-08-05,,,0
20084,2020-08-06,,,0
20085,2020-08-07,,,0
20086,2020-08-08,,,0
20087,2020-08-09,,,0
20088,2020-08-10,,,0
20089,2020-08-11,,,0
20090,2020-08-12,,,0
20091,2020-08-13,,,0
20092,2020-08-14,,,0
20093,2020-08-15,,,0
20094,2020-08-16,,,0
20095,2020-08-17,,,0
20096,2020-08-18,,,0
20097,2020-08-19,,,0
20098,2020-08-20,,,0
20099,2020-08-21,,,0
20100,2020-08-22,,,0
20101,2020-08-23,,,0
20102,2020-08-24,,,0
20103,2020-08-25,,,0
20104,2020-08-26,,,0
20105,2020-08-27,,,0
20106,2020-08-28,,,0
20107,2020-08-29,,,0
20108,2020-08-30,,,0
20109,2020-08-31,,,0
20110,2020-09-01,,,0
20111,2020-09-02,,,0
20112,2020-09-03,,,0
20113,2020-09-04,,,0
20114,2020-09-05,,,0
20115,2020-09-06,,,0
20116,2020-09-07,,,0
20117,2020-09-08,,,0
20118,2020-09-09,,,0
20119,2020-09-10,,,0
20120,2020-09-11,,,0
20121,2020-09-12,,,0
20122,2020-09-13,,,0
20123,2020-09-14,,,0
20124,2020-09-15,,,0
20125,2020-09-16,,,0
20126,2020-09-17,,,0
20127,2020-09-18,,,0
20128,2020-09-19,,,0
20129,2020-09-20,,,0
20130,2020-09-21,,,0
20131,2020-09-22,,,0
20132,2020-09-23,,,0
20133,2020-09-24,,,0
20134,2020-09-25,,,0
20135,2020-09-26,,,0
20136,2020-09-27,,,0
20137,2020-09-28,,,0
20138,2020-09-29,,,0
20139,2020-09-30,,,0
20140,2020-10-01,,,0
20141,2020-10-02,,,0
20142,2020-10-03,,,0
20143,2020-10-04,,,0
20144,2020-10-05,,,0
20145,2020-10-06,,,0
20146,2020-10-07,,,0
20147,2020-10-08,,,0
20148,2020-10-09,,,0
20149,2020-10-10,,,0
20150,2020-10-11,,,0
20151,2020-10-12,,,0
20152,2020-10-13,,,0
20153,2020-10-14,,,0
20154,2020-10-15,,,0
20155,2020-10-16,,,0
20156,2020-10-17,,,0
20157,2020-10-18,,,0
20158,2020-10-19,,,0
20159,2020-10-20,,,0
20160,2020-10-21,,,0
20161,2020-10-22,,,0
20162,2020-10-23,,,0
20163,2020-10-24,,,0
20164,2020-10-25,,,0
20165,2020-10-26,,,0
20166,2020-10-27,,,0
20167,2020-10-28,,,0
20168,2020-10-29,,,0
20169,2020-10-30,,,0
20170,2020-10-31,,,0
20171,2020-11-01,,,0
20172,2020-11-02,,,0
20173,2020-11-03,,,0
20174,2020-11-04,,,0
20175,2020-11-05,,,0
20176,2020-11-06,,,0
20177,2020-11-07,,,0
20178,2020-11-08,,,0
20179,2020-11-09,,,0
20180,2020-11-10,,,0
20181,2020-11-11,,,0
20182,2020-11-12,,,0
20183,2020-11-13,,,0
20184,2020-11-14,,,0
20185,2020-11-15,,,0
20186,2020-11-16,,,0
20187,2020-11-17,,,0
20188,2020-11-18,,,0
20189,2020-11-19,,,0
20190,2020-11-20,,,0
20191,2020-11-21,,,0
20192,2020-11-22,,,0
20193,2020-11-23,,,0
20194,2020-11-24,,,0
20195,2020-11-25,,,0
20196,2020-11-26,,,0
20197,2020-11-27,,,0
20198,2020-11-28,,,0
20199,2020-11-29,,,0
20200,2020-11-30,,,0
20201,2020-12-01,,,0
20202,2020-12-02,,,0
20203,2020-12-03,,,0
20204,2020-12-04,,,0
20205,2020-12-05,,,0
20206,2020-12-06,,,0
20207,2020-12-07,,,0
20208,2020-12-08,,,0
20209,2020-12-09,,,0
20210,2020-12-10,,,0
20211,2020-12-11,,,0
20212,2020-12-12,,,0
20213,2020-12-13,,,0
20214,2020-12-14,,,0
20215,2020-12-15,,,0
20216,2020-12-16,,,0
20217,2020-12-17,,,0
20218,2020-12-18,,,0
20219,2020-12-19,,,0
20220,2020-12-20,,,0
20221,2020-12-21,,,0
20222,2020-12-22,,,0
20223,2020-12-23,,,0
20224,2020-12-24,,,0
20225,2020-12-25,,,0
20226,2020-12-26,,,0
20227,2020-12-27,,,0
20228,2020-12-28,,,0
20229,2020-12-29,,,0
20230,2020-12-30,,,0
20231,2020-12-31,,,0
20232,2021-01-01,,,0
20233,2021-01-02,,,0
20234,2021-01-03,,,0
20235,2021-01-04,,,0
20236,2021-01-05,,,0
20237,2021-01-06,,,0
20238,2021-01-07,,,0
20239,2021-01-08,,,0
20240,2021-01-09,,,0
20241,2021-01-10,,,0
20242,2021-01-11,,,0
20243,2021-01-12,,,0
20244,2021-01-13,,,0
20245,2021-01-14,,,0
20246,2021-01-15,,,0
20247,2021-01-16,,,0
20248,2021-01-17,,,0
20249,2021-01-18,,,0
20250,2021-01-19,,,0
20251,2021-01-20,,,0
20252,2021-01-21,,,0
20253,2021-01-22,,,0
20254,2021-01-23,,,0
20255,2021-01-24,,,0
20256,2021-01-25,,,0
20257,2021-01-26,,,0
20258,2021-01-27,,,0
20259,2021-01-28,,,0
20260,2021-01-29,,,0
20261,2021-01-30,,,0
20262,2021-01-31,,,0
20263,2021-02-01,,,0
20264,2021-02-02,,,0
20265,2021-02-03,,,0
20266,2021-02-04,,,0
20267,2021-02-05,,,0
20268,2021-02-06,,,0
20269,2021-02-07,,,0
20270,2021-02-08,,,0
20271,2021-02-09,,,0
20272,2021-02-10,,,0
20273,2021-02-11,,,0
20274,2021-02-12,,,0
20275,2021-02-13,,,0
20276,2021-02-14,,,0
20277,2021-02-15,,,0
20278,2021-02-16,,,0
20279,2021-02-17,,,0
20280,2021-02-18,,,0
20281,2021-02-19,,,0
20282,2021-02-20,,,0
20283,2021-02-21,,,0
20284,2021-02-22,,,0
20285,2021-02-23,,,0
20286,2021-02-24,,,0
20287,2021-02-25,,,0
20288,2021-02-26,,,0
20289,2021-02-27,,,0
20290,2021-02-28,,,0
20291,2021-03-01,,,0
20292,2021-03-02,,,0
20293,2021-03-03,,,0
20294,2021-03-04,,,0
20295,2021-03-05,,,0
20296,2021-03-06,,,0
20297,2021-03-07,,,0
20298,2021-03-08,,,0
20299,2021-03-09,,,0
20300,2021-03-10,,,0
20301,2021-03-11,,,0
20302,2021-03-12,,,0
20303,2021-03-13,,,0
20304,2021-03-14,,,0
20305,2021-03-15,,,0
20306,2021-03-16,,,0
20307,2021-03-17,,,0
20308,2021-03-18,,,0
20309,2021-03-19,,,0
20310,2021-03-20,,,0
20311,2021-03-21,,,0
20312,2021-03-22,,,0
20313,2021-03-23,,,0
20314,2021-03-24,,,0
20315,2021-03-25,,,0
20316,2021-03-26,,,0
20317,2021-03-27,,,0
20318,2021-03-28,,,0
20319,2021-03-29,,,0
20320,2021-03-30,,,0
20321,2021-03-31,,,0
20322,2021-04-01,,,0
20323,2021-04-02,,,0
20324,2021-04-03,,,0
20325,2021-04-04,,,0
20326,2021-04-05,,,0
20327,2021-04-06,,,0
20328,2021-04-07,,,0
20329,2021-04-08,,,0
20330,2021-04-09,,,0
20331,2021-04-10,,,0
20332,2021-04-11,,,0
20333,2021-04-12,,,0
20334,2021-04-13,,,0
20335,2021-04-14,,,0
20336,2021-04-15,,,0
20337,2021-04-16,,,0
20338,2021-04-17,,,0
20339,2021-04-18,,,0
20340,2021-04-19,,,0
20341,2021-04-20,,,0
20342,2021-04-21,,,0
20343,2021-04-22,,,0
20344,2021-04-23,,,0
20345,2021-04-24,,,0
20346,2021-04-25,,,0
20347,2021-04-26,,,0
20348,2021-04-27,,,0
20349,2021-04-28,,,0
20350,2021-04-29,,,0
20351,2021-04-30,,,0
20352,2021-05-01,,,0
20353,2021-05-02,,,0
20354,2021-05-03,,,0
20355,2021-05-04,,,0
20356,2021-05-05,,,0
20357,2021-05-06,,,0
20358,2021-05-07,,,0
20359,2021-05-08,,,0
20360,2021-05-09,,,0
20361,2021-05-10,,,0
20362,2021-05-11,,,0
20363,2021-05-12,,,0
20364,2021-05-13,,,0
20365,2021-05-14,,,0
20366,2021-05-15,,,0
20367,2021-05-16,,,0
20368,2021-05-17,,,0
20369,2021-05-18,,,0
20370,2021-05-19,,,0
20371,2021-05-20,,,0
20372,2021-05-21,,,0
20373,2021-05-22,,,0
20374,2021-05-23,,,0
20375,2021-05-24,,,0
20376,2021-05-25,,,0
20377,2021-05-26,,,0
20378,2021-05-27,,,0
20379,2021-05-28,,,0
20380,2021-05-29,,,0
20381,2021-05-30,,,0
20382,2021-05-31,,,0
20383,2021-06-01,,,0
20384,2021-06-02,,,0
20385,2021-06-03,,,0
20386,2021-06-04,,,0
20387,2021-06-05,,,0
20388,2021-06-06,,,0
20389,2021-06-07,,,0
20390,2021-06-08,,,0
20391,2021-06-09,,,0
20392,2021-06-10,,,0
20393,2021-06-11,,,0
20394,2021-06-12,,,0
20395,2021-06-13,,,0
20396,2021-06-14,,,0
20397,2021-06-15,,,0
20398,2021-06-16,,,0
20399,2021-06-17,,,0
20400,2021-06-18,,,0
20401,2021-06-19,,,0
20402,2021-06-20,,,0
20403,2021-06-21,,,0
20404,2021-06-22,,,0
20405,2021-06-23,,,0
20406,2021-06-24,,,0
20407,2021-06-25,,,0
20408,2021-06-26,,,0
20409,2021-06-27,,,0
20410,2021-06-28,,,0
20411,2021-06-29,,,0
20412,2021-06-30,,,0
20413,2021-07-01,,,0
20414,2021-07-02,,,0
20415,2021-07-03,,,0
20416,2021-07-04,,,0
20417,2021-07-05,,,0
20418,2021-07-06,,,0
20419,2021-07-07,,,0
20420,2021-07-08,,,0
20421,2021-07-09,,,0
20422,2021-07-10,,,0
20423,2021-07-11,,,0
20424,2021-07-12,,,0
20425,2021-07-13,,,0
20426,2021-07-14,,,0
20427,2021-07-15,,,0
20428,2021-07-16,,,0
20429,2021-07-17,,,0
20430,2021-07-18,,,0
20431,2021-07-19,,,0
20432,2021-07-20,,,0
20433,2021-07-21,,,0
20434,2021-07-22,,,0
20435,2021-07-23,,,0
20436,2021-07-24,,,0
20437,2021-07-25,,,0
20438,2021-07-26,,,0
20439,2021-07-27,,,0
20440,2021-07-28,,,0
20441,2021-07-29,,,0
20442,2021-07-30,,,0
20443,2021-07-31,,,0
20444,2021-08-01,,,0
20445,2021-08-02,,,0
20446,2021-08-03,,,0
20447,2021-08-04,,,0
20448,2021-08-05,,,0
20449,2021-08-06,,,0
20450,2021-08-07,,,0
20451,2021-08-08,,,0
20452,2021-08-09,,,0
20453,2021-08-10,,,0
20454,2021-08-11,,,0
20455,2021-08-12,,,0
20456,2021-08-13,,,0
20457,2021-08-14,,,0
20458,2021-08-15,,,0
20459,2021-08-16,,,0
20460,2021-08-17,,,0
20461,2021-08-18,,,0
20462,2021-08-19,,,0
20463,2021-08-20,,,0
20464,2021-08-21,,,0
20465,2021-08-22,,,0
20466,2021-08-23,,,0
20467,2021-08-24,,,0
20468,2021-08-25,,,0
20469,2021-08-26,,,0
20470,2021-08-27,,,0
20471,2021-08-28,,,0
20472,2021-08-29,,,0
20473,2021-08-30,,,0
20474,2021-08-31,,,0
20475,2021-09-01,,,0
20476,2021-09-02,,,0
20477,2021-09-03,,,0
20478,2021-09-04,,,0
20479,2021-09-05,,,0
20480,2021-09-06,,,0
20481,2021-09-07,,,0
20482,2021-09-08,,,0
20483,2021-09-09,,,0
20484,2021-09-10,,,0
20485,2021-09-11,,,0
20486,2021-09-12,,,0
20487,2021-09-13,,,0
20488,2021-09-14,,,0
20489,2021-09-15,,,0
20490,2021-09-16,,,0
20491,2021-09-17,,,0
20492,2021-09-18,,,0
20493,2021-09-19,,,0
20494,2021-09-20,,,0
20495,2021-09-21,,,0
20496,2021-09-22,,,0
20497,2021-09-23,,,0
20498,2021-09-24,,,0
20499,2021-09-25,,,0
20500,2021-09-26,,,0
20501,2021-09-27,,,0
20502,2021-09-28,,,0
20503,2021-09-29,,,0
20504,2021-09-30,,,0
20505,2021-10-01,,,0
20506,2021-10-02,,,0
20507,2021-10-03,,,0
20508,2021-10-04,,,0
20509,2021-10-05,,,0
20510,2021-10-06,,,0
20511,2021-10-07,,,0
20512,2021-10-08,,,0
20513,2021-10-09,,,0
20514,2021-10-10,,,0
20515,2021-10-11,,,0
20516,2021-10-12,,,0
20517,2021-10-13,,,0
20518,2021-10-14,,,0
20519,2021-10-15,,,0
20520,2021-10-16,,,0
20521,2021-10-17,,,0
20522,2021-10-18,,,0
20523,2021-10-19,,,0
20524,2021-10-20,,,0
20525,2021-10-21,,,0
20526,2021-10-22,,,0
20527,2021-10-23,,,0
20528,2021-10-24,,,0
20529,2021-10-25,,,0
20530,2021-10-26,,,0
20531,2021-10-27,,,0
20532,2021-10-28,,,0
20533,2021-10-29,,,0
20534,2021-10-30,,,0
20535,2021-10-31,,,0
20536,2021-11-01,,,0
20537,2021-11-02,,,0
20538,2021-11-03,,,0
20539,2021-11-04,,,0
20540,2021-11-05,,,0
20541,2021-11-06,,,0
20542,2021-11-07,,,0
20543,2021-11-08,,,0
20544,2021-11-09,,,0
20545,2021-11-10,,,0
20546,2021-11-11,,,0
20547,2021-11-12,,,0
20548,2021-11-13,,,0
20549,2021-11-14,,,0
20550,2021-11-15,,,0
20551,2021-11-16,,,0
20552,2021-11-17,,,0
20553,2021-11-18,,,0
20554,2021-11-19,,,0
20555,2021-11-20,,,0
20556,2021-11-21,,,0
20557,2021-11-22,,,0
20558,2021-11-23,,,0
20559,2021-11-24,,,0
20560,2021-11-25,,,0
20561,2021-11-26,,,0
20562,2021-11-27,,,0
20563,2021-11-28,,,0
20564,2021-11-29,,,0
20565,2021-11-30,,,0
20566,2021-12-01,,,0
20567,2021-12-02,,,0
20568,2021-12-03,,,0
20569,2021-12-04,,,0
20570,2021-12-05,,,0
20571,2021-12-06,,,0
20572,2021-12-07,,,0
20573,2021-12-08,,,0
20574,2021-12-09,,,0
20575,2021-12-10,,,0
20576,2021-12-11,,,0
20577,2021-12-12,,,0
20578,2021-12-13,,,0
20579,2021-12-14,,,0
20580,2021-12-15,,,0
20581,2021-12-16,,,0
20582,2021-12-17,,,0
20583,2021-12-18,,,0
20584,2021-12-19,,,0
20585,2021-12-20,,,0
20586,2021-12-21,,,0
20587,2021-12-22,,,0
20588,2021-12-23,,,0
20589,2021-12-24,,,0
20590,2021-12-25,,,0
20591,2021-12-26,,,0
20592,2021-12-27,,,0
20593,2021-12-28,,,0
20594,2021-12-29,,,0
20595,2021-12-30,,,0
20596,2021-12-31,,,0
20597,2022-01-01,,,0
20598,2022-01-02,,,0
20599,2022-01-03,,,0
20600,2022-01-04,,,0
20601,2022-01-05,,,0
20602,2022-01-06,,,0
20603,2022-01-07,,,0
20604,2022-01-08,,,0
20605,2022-01-09,,,0
20606,2022-01-10,,,0
20607,2022-01-11,,,0
20608,2022-01-12,,,0
20609,2022-01-13,,,0
20610,2022-01-14,,,0
20611,2022-01-15,,,0
20612,2022-01-16,,,0
20613,2022-01-17,,,0
20614,2022-01-18,,,0
20615,2022-01-19,,,0
20616,2022-01-20,,,0
20617,2022-01-21,,,0
20618,2022-01-22,,,0
20619,2022-01-23,,,0
20620,2022-01-24,,,0
20621,2022-01-25,,,0
20622,2022-01-26,,,0
20623,2022-01-27,,,0
20624,2022-01-28,,,0
20625,2022-01-29,,,0
20626,2022-01-30,,,0
20627,2022-01-31,,,0
20628,2022-02-01,,,0
20629,2022-02-02,,,0
20630,2022-02-03,,,0
20631,2022-02-04,,,0
20632,2022-02-05,,,0
20633,2022-02-06,,,0
20634,2022-02-07,,,0
20635,2022-02-08,,,0
20636,2022-02-09,,,0
20637,2022-02-10,,,0
20638,2022-02-11,,,0
20639,2022-02-12,,,0
20640,2022-02-13,,,0
20641,2022-02-14,,,0
20642,2022-02-15,,,0
20643,2022-02-16,,,0
20644,2022-02-17,,,0
20645,2022-02-18,,,0
20646,2022-02-19,,,0
20647,2022-02-20,,,0
20648,2022-02-21,,,0
20649,2022-02-22,,,0
20650,2022-02-23,,,0
20651,2022-02-24,,,0
20652,2022-02-25,,,0
20653,2022-02-26,,,0
20654,2022-02-27,,,0
20655,2022-02-28,,,0
20656,2022-03-01,,,0
20657,2022-03-02,,,0
20658,2022-03-03,,,0
20659,2022-03-04,,,0
20660,2022-03-05,,,0
20661,2022-03-06,,,0
20662,2022-03-07,,,0
20663,2022-03-08,,,0
20664,2022-03-09,,,0
20665,2022-03-10,,,0
20666,2022-03-11,,,0
20667,2022-03-12,,,0
20668,2022-03-13,,,0
20669,2022-03-14,,,0
20670,2022-03-15,,,0
20671,2022-03-16,,,0
20672,2022-03-17,,,0
20673,2022-03-18,,,0
20674,2022-03-19,,,0
20675,2022-03-20,,,0
20676,2022-03-21,,,0
20677,2022-03-22,,,0
20678,2022-03-23,,,0
20679,2022-03-24,,,0
20680,2022-03-25,,,0
20681,2022-03-26,,,0
20682,2022-03-27,,,0
20683,2022-03-28,,,0
20684,2022-03-29,,,0
20685,2022-03-30,,,0
20686,2022-03-31,,,0
20687,2022-04-01,,,0
20688,2022-04-02,,,0
20689,2022-04-03,,,0
20690,2022-04-04,,,0
20691,2022-04-05,,,0
20692,2022-04-06,,,0
20693,2022-04-07,,,0
20694,2022-04-08,,,0
20695,2022-04-09,,,0
20696,2022-04-10,,,0
20697,2022-04-11,,,0
20698,2022-04-12,,,0
20699,2022-04-13,,,0
20700,2022-04-14,,,0
20701,2022-04-15,,,0
20702,2022-04-16,,,0
20703,2022-04-17,,,0
20704,2022-04-18,,,0
20705,2022-04-19,,,0
20706,2022-04-20,,,0
20707,2022-04-21,,,0
20708,2022-04-22,,,0
20709,2022-04-23,,,0
20710,2022-04-24,,,0
20711,2022-04-25,,,0
20712,2022-04-26,,,0
20713,2022-04-27,,,0
20714,2022-04-28,,,0
20715,2022-04-29,,,0
20716,2022-04-30,,,0
20717,2022-05-01,,,0
20718,2022-05-02,,,0
20719,2022-05-03,,,0
20720,2022-05-04,,,0
20721,2022-05-05,,,0
20722,2022-05-06,,,0
20723,2022-05-07,,,0
20724,2022-05-08,,,0
20725,2022-05-09,,,0
20726,2022-05-10,,,0
20727,2022-05-11,,,0
20728,2022-05-12,,,0
20729,2022-05-13,,,0
20730,2022-05-14,,,0
20731,2022-05-15,,,0
20732,2022-05-16,,,0
20733,2022-05-17,,,0
20734,2022-05-18,,,0
20735,2022-05-19,,,0
20736,2022-05-20,,,0
20737,2022-05-21,,,0
20738,2022-05-22,,,0
20739,2022-05-23,,,0
20740,2022-05-24,,,0
20741,2022-05-25,,,0
20742,2022-05-26,,,0
20743,2022-05-27,,,0
20744,2022-05-28,,,0
20745,2022-05-29,,,0
20746,2022-05-30,,,0
20747,2022-05-31,,,0
20748,2022-06-01,,,0
20749,2022-06-02,,,0
20750,2022-06-03,,,0
20751,2022-06-04,,,0
20752,2022-06-05,,,0
20753,2022-06-06,,,0
20754,2022-06-07,,,0
20755,2022-06-08,,,0
20756,2022-06-09,,,0
20757,2022-06-10,,,0
20758,2022-06-11,,,0
20759,2022-06-12,,,0
20760,2022-06-13,,,0
20761,2022-06-14,,,0
20762,2022-06-15,,,0
20763,2022-06-16,,,0
20764,2022-06-17,,,0
20765,2022-06-18,,,0
20766,2022-06-19,,,0
20767,2022-06-20,,,0
20768,2022-06-21,,,0
20769,2022-06-22,,,0
20770,2022-06-23,,,0
20771,2022-06-24,,,0
20772,2022-06-25,,,0
20773,2022-06-26,,,0
20774,2022-06-27,,,0
20775,2022-06-28,,,0
20776,2022-06-29,,,0
20777,2022-06-30,,,0
20778,2022-07-01,,,0
20779,2022-07-02,,,0
20780,2022-07-03,,,0
20781,2022-07-04,,,0
20782,2022-07-05,,,0
20783,2022-07-06,,,0
20784,2022-07-07,,,0
20785,2022-07-08,,,0
20786,2022-07-09,,,0
20787,2022-07-10,,,0
20788,2022-07-11,,,0
20789,2022-07-12,,,0
20790,2022-07-13,,,0
20791,2022-07-14,,,0
20792,2022-07-15,,,0
20793,2022-07-16,,,0
20794,2022-07-17,,,0
20795,2022-07-18,,,0
20796,2022-07-19,,,0
20797,2022-07-20,,,0
20798,2022-07-21,,,0
20799,2022-07-22,,,0
20800,2022-07-23,,,0
20801,2022-07-24,,,0
20802,2022-07-25,,,0
20803,2022-07-26,,,0
20804,2022-07-27,,,0
20805,2022-07-28,,,0
20806,2022-07-29,,,0
20807,2022-07-30,,,0
20808,2022-07-31,,,0
20809,2022-08-01,,,0
20810,2022-08-02,,,0
20811,2022-08-03,,,0
20812,2022-08-04,,,0
20813,2022-08-05,,,0
20814,2022-08-06,,,0
20815,2022-08-07,,,0
20816,2022-08-08,,,0
20817,2022-08-09,,,0
20818,2022-08-10,,,0
20819,2022-08-11,,,0
20820,2022-08-12,,,0
20821,2022-08-13,,,0
20822,2022-08-14,,,0
20823,2022-08-15,,,0
20824,2022-08-16,,,0
20825,2022-08-17,,,0
20826,2022-08-18,,,0
20827,2022-08-19,,,0
20828,2022-08-20,,,0
20829,2022-08-21,,,0
20830,2022-08-22,,,0
20831,2022-08-23,,,0
20832,2022-08-24,,,0
20833,2022-08-25,,,0
20834,2022-08-26,,,0
20835,2022-08-27,,,0
20836,2022-08-28,,,0
20837,2022-08-29,,,0
20838,2022-08-30,,,0
20839,2022-08-31,,,0
20840,2022-09-01,,,0
20841,2022-09-02,,,0
20842,2022-09-03,,,0
20843,2022-09-04,,,0
20844,2022-09-05,,,0
20845,2022-09-06,,,0
20846,2022-09-07,,,0
20847,2022-09-08,,,0
20848,2022-09-09,,,0
20849,2022-09-10,,,0
20850,2022-09-11,,,0
20851,2022-09-12,,,0
20852,2022-09-13,,,0
20853,2022-09-14,,,0
20854,2022-09-15,,,0
20855,2022-09-16,,,0
20856,2022-09-17,,,0
20857,2022-09-18,,,0
20858,2022-09-19,,,0
20859,2022-09-20,,,0
20860,2022-09-21,,,0
20861,2022-09-22,,,0
20862,2022-09-23,,,0
20863,2022-09-24,,,0
20864,2022-09-25,,,0
20865,2022-09-26,,,0
20866,2022-09-27,,,0
20867,2022-09-28,,,0
20868,2022-09-29,,,0
20869,2022-09-30,,,0
20870,2022-10-01,,,0
20871,2022-10-02,,,0
20872,2022-10-03,,,0
20873,2022-10-04,,,0
20874,2022-10-05,,,0
20875,2022-10-06,,,0
20876,2022-10-07,,,0
20877,2022-10-08,,,0
20878,2022-10-09,,,0
20879,2022-10-10,,,0
20880,2022-10-11,,,0
20881,2022-10-12,,,0
20882,2022-10-13,,,0
20883,2022-10-14,,,0
20884,2022-10-15,,,0
20885,2022-10-16,,,0
20886,2022-10-17,,,0
20887,2022-10-18,,,0
20888,2022-10-19,,,0
20889,2022-10-20,,,0
20890,2022-10-21,,,0
20891,2022-10-22,,,0
20892,2022-10-23,,,0
20893,2022-10-24,,,0
20894,2022-10-25,,,0
20895,2022-10-26,,,0
20896,2022-10-27,,,0
20897,2022-10-28,,,0
20898,2022-10-29,,,0
20899,2022-10-30,,,0
20900,2022-10-31,,,0
20901,2022-11-01,,,0
20902,2022-11-02,,,0
20903,2022-11-03,,,0
20904,2022-11-04,,,0
20905,2022-11-05,,,0
20906,2022-11-06,,,0
20907,2022-11-07,,,0
20908,2022-11-08,,,0
20909,2022-11-09,,,0
20910,2022-11-10,,,0
20911,2022-11-11,,,0
20912,2022-11-12,,,0
20913,2022-11-13,,,0
20914,2022-11-14,,,0
20915,2022-11-15,,,0
20916,2022-11-16,,,0
20917,2022-11-17,,,0
20918,2022-11-18,,,0
20919,2022-11-19,,,0
20920,2022-11-20,,,0
20921,2022-11-21,,,0
20922,2022-11-22,,,0
20923,2022-11-23,,,0
20924,2022-11-24,,,0
20925,2022-11-25,,,0
20926,2022-11-26,,,0
20927,2022-11-27,,,0
20928,2022-11-28,,,0
20929,2022-11-29,,,0
20930,2022-11-30,,,0
20931,2022-12-01,,,0
20932,2022-12-02,,,0
20933,2022-12-03,,,0
20934,2022-12-04,,,0
20935,2022-12-05,,,0
20936,2022-12-06,,,0
20937,2022-12-07,,,0
20938,2022-12-08,,,0
20939,2022-12-09,,,0
20940,2022-12-10,,,0
20941,2022-12-11,,,0
20942,2022-12-12,,,0
20943,2022-12-13,,,0
20944,2022-12-14,,,0
20945,2022-12-15,,,0
20946,2022-12-16,,,0
20947,2022-12-17,,,0
20948,2022-12-18,,,0
20949,2022-12-19,,,0
20950,2022-12-20,,,0
20951,2022-12-21,,,0
20952,2022-12-22,,,0
20953,2022-12-23,,,0
20954,2022-12-24,,,0
20955,2022-12-25,,,0
20956,2022-12-26,,,0
20957,2022-12-27,,,0
20958,2022-12-28,,,0
20959,2022-12-29,,,0
20960,2022-12-30,,,0
20961,2022-12-31,,,0
20962,2023-01-01,,,0
20963,2023-01-02,,,0
20964,2023-01-03,,,0
20965,2023-01-04,,,0
20966,2023-01-05,,,0
20967,2023-01-06,,,0
20968,2023-01-07,,,0
20969,2023-01-08,,,0
20970,2023-01-09,,,0
20971,2023-01-10,,,0
20972,2023-01-11,,,0
20973,2023-01-12,,,0
20974,2023-01-13,,,0
20975,2023-01-14,,,0
20976,2023-01-15,,,0
20977,2023-01-16,,,0
20978,2023-01-17,,,0
20979,2023-01-18,,,0
20980,2023-01-19,,,0
20981,2023-01-20,,,0
20982,2023-01-21,,,0
20983,2023-01-22,,,0
20984,2023-01-23,,,0
20985,2023-01-24,,,0
20986,2023-01-25,,,0
20987,2023-01-26,,,0
20988,2023-01-27,,,0
20989,2023-01-28,,,0
20990,2023-01-29,,,0
20991,2023-01-30,,,0
20992,2023-01-31,,,0
20993,2023-02-01,,,0
20994,2023-02-02,,,0
20995,2023-02-03,,,0
20996,2023-02-04,,,0
20997,2023-02-05,,,0
20998,2023-02-06,,,0
20999,2023-02-07,,,0
21000,2023-02-08,,,0
21001,2023-02-09,,,0
21002,2023-02-10,,,0
21003,2023-02-11,,,0
21004,2023-02-12,,,0
21005,2023-02-13,,,0
21006,2023-02-14,,,0
21007,2023-02-15,,,0
21008,2023-02-16,,,0
21009,2023-02-17,,,0
21010,2023-02-18,,,0
21011,2023-02-19,,,0
21012,2023-02-20,,,0
21013,2023-02-21,,,0
21014,2023-02-22,,,0
21015,2023-02-23,,,0
21016,2023-02-24,,,0
21017,2023-02-25,,,0
21018,2023-02-26,,,0
21019,2023-02-27,,,0
21020,2023-02-28,,,0
21021,2023-03-01,,,0
21022,2023-03-02,,,0
21023,2023-03-03,,,0
21024,2023-03-04,,,0
21025,2023-03-05,,,0
21026,2023-03-06,,,0
21027,2023-03-07,,,0
21028,2023-03-08,,,0
21029,2023-03-09,,,0
21030,2023-03-10,,,0
21031,2023-03-11,,,0
21032,2023-03-12,,,0
21033,2023-03-13,,,0
21034,2023-03-14,,,0
21035,2023-03-15,,,0
21036,2023-03-16,,,0
21037,2023-03-17,,,0
21038,2023-03-18,,,0
21039,2023-03-19,,,0
21040,2023-03-20,,,0
21041,2023-03-21,,,0
21042,2023-03-22,,,0
21043,2023-03-23,,,0
21044,2023-03-24,,,0
21045,2023-03-25,,,0
21046,2023-03-26,,,0
21047,2023-03-27,,,0
21048,2023-03-28,,,0
21049,2023-03-29,,,0
21050,2023-03-30,,,0
21051,2023-03-31,,,0
